priority,paperId,doi,title,year,venue,verdict,cell,diffusion_channel,identification_of_diffusion,evidence_type,both_channel,reason,ra_decision,ra_note
1,W2586491076,10.1257/app.20150540,Persuasion: A Case Study of Papal Influences on Fertility-Related Beliefs and Behavior,2017,American Economic Journal Applied Economics,RELEVANT,PRIMARY_LEGITIMATION_SPREAD,CULTURAL_LINGUISTIC_RELIGIOUS,SEPARATES_FROM_COMMON_SHOCK,quasi-experimental,yes,papal authority persuasion reduces contraceptive intentions and increases births; timing around Papal visit isolates persuasion effect from confounders,,
1,W2051432816,10.1111/j.1728-4457.2014.00695.x,Spatial Analysis of the Causes of Fertility Decline in Prussia,2014,Population and Development Review,RELEVANT,PRIMARY_SPATIAL_DIFFUSION,SPATIAL_MIGRATION,SEPARATES_FROM_COMMON_SHOCK,quasi-experimental,yes,Spatial econometric models show geographic clustering of fertility decline persists after controlling for economic and cultural variables; adjacency effects isolate socio-geographic diffusion from common shocks,,
1,W1966808359,10.1080/00324728.2013.774435,The effects of social interactions on fertility decline in nineteenth-century France: An agent-based simulation experiment,2013,Population Studies,RELEVANT,PRIMARY_SOCIAL_EXPOSURE,SOCIAL_NETWORK_PEER,SEPARATES_FROM_COMMON_SHOCK,structural,yes,agent-based simulation with empirical calibration shows social interactions drive fertility decline beyond common economic shocks; identifies social contagion mechanism,,
1,W2039205983,10.1353/dem.2001.0005,"The density of social networks and fertility decisions: Evidence from South Nyanza district, Kenya",2001,Demography,RELEVANT,PRIMARY_SOCIAL_EXPOSURE,SOCIAL_NETWORK_PEER,SEPARATES_FROM_COMMON_SHOCK,observational,yes,Studies how social network density and peer contraceptive use interact to affect women's contraceptive decisions; distinguishes social learning from social influence through network structure variation,,
1,W7136620518,10.12688/verixiv.2838.1,Protocol for cluster randomized control trial of a social network-based intervention to increase contraceptive use among married adolescent girls in rural Niger,2026,,RELEVANT,PRIMARY_SOCIAL_EXPOSURE,SOCIAL_NETWORK_PEER,SEPARATES_FROM_COMMON_SHOCK,quasi-experimental,,RCT of social-network-based intervention testing peer exposure to increase contraceptive adoption,,
1,W7133940025,10.1016/j.socscimed.2026.119145,"Social influence on women's contraceptive use: Population-based, sociocentric network study in rural Uganda",2026,Social Science & Medicine,RELEVANT,PRIMARY_SOCIAL_EXPOSURE,SOCIAL_NETWORK_PEER,SEPARATES_FROM_COMMON_SHOCK,observational,,network study explicitly isolates social-influence effect on contraceptive adoption from homophily using stochastic actor-oriented model,,
1,W4406189953,10.1080/1081602x.2024.2438171,Did migration alter the path of the demographic transition for French Canadians in the United States?,2025,The History of the Family,RELEVANT,PRIMARY_SPATIAL_DIFFUSION,SPATIAL_MIGRATION,SEPARATES_FROM_COMMON_SHOCK,observational,,Documents convergence of French-Canadian fertility toward English-Canadian levels upon migration; identifies migration and cultural assimilation via language acquisition and residential integration as drivers,,
1,W4414662257,10.1257/aer.20231286,Diffusion of Reproductive Health Behavior through International Migration: Effects on Origin-Country Fertility,2025,American Economic Review,RELEVANT,PRIMARY_SPATIAL_DIFFUSION,SPATIAL_MIGRATION,SEPARATES_FROM_COMMON_SHOCK,quasi-experimental,,title states: diffusion of reproductive health behavior through international migration; migrants exposed to liberalized policies bring knowledge back to origin communities; uses temporal×spatial variation in migration intensity and destination policies to identify migrant-carried diffusion separate from direct policy effects,,
1,W4414135234,10.1111/sifp.70032,Unveiling Mexico's Demographic Transitions,2025,Studies in Family Planning,RELEVANT,PRIMARY_SPATIAL_DIFFUSION,SPATIAL_MIGRATION,SEPARATES_FROM_COMMON_SHOCK,historical,,explicitly models spatial diffusion (concentric pattern from urban/high-SES outward) and social-influence mechanisms (prestige and conformism bias) driving fertility transition; separates macro forces from diffusion,,
1,W4401595574,10.1002/soej.12727,"Harmony in diplomacy, convergence in choices: Low fertility diffusion through Sino‐Korean normalization",2024,Southern Economic Journal,RELEVANT,PRIMARY_SOCIAL_EXPOSURE,CULTURAL_LINGUISTIC_RELIGIOUS,SEPARATES_FROM_COMMON_SHOCK,quasi-experimental,,Uses China-South Korea diplomatic normalization (1992) as exogenous shock to social exposure; identifies convergence of Korean Chinese fertility norms toward South Korea's low-fertility pattern,,
1,W4392231579,10.1111/padr.12609,"Rural–Urban Migration and Fertility Ideation in Senegal: Comparing Returned, Current, and Future Migrants to Dakar to Rural Nonmigrants",2024,Population and Development Review,RELEVANT,PRIMARY_SPATIAL_DIFFUSION,SPATIAL_MIGRATION,SEPARATES_FROM_COMMON_SHOCK,quasi-experimental,,temporary migration carries urban fertility beliefs to rural areas via adaptation; time in city and ties to urban residents predict belief shifts net of selection,,
1,W4366351506,10.1007/s10680-023-09655-6,Explaining Residential Clustering of Large Families,2023,European Journal of Population / Revue européenne de Démographie,RELEVANT,PRIMARY_SOCIAL_EXPOSURE,SOCIAL_NETWORK_PEER,SEPARATES_FROM_COMMON_SHOCK,quasi-experimental,,Uses sex composition and twin births as IVs to isolate causal effect of neighbor fertility on own fertility; examines social interaction vs selection mechanisms,,
1,W3036455314,10.1093/jeea/jvad025,Spillovers in Childbearing Decisions and Fertility Transitions: Evidence from China,2023,Journal of the European Economic Association,RELEVANT,PRIMARY_SOCIAL_EXPOSURE,SOCIAL_NETWORK_PEER,SEPARATES_FROM_COMMON_SHOCK,quasi-experimental,,"estimates spillover effect of peers' fertility decline (driven by exogenous policy shock) on minority women's fertility through cultural proximity and education, identifying social multiplier net of economic shock",,
1,W4285406628,10.1596/1813-9450-10107,Bring a Friend: Strengthening Women's Social Networks and Reproductive Autonomy in India,2022,World Bank policy research working paper,RELEVANT,PRIMARY_SOCIAL_EXPOSURE,SOCIAL_NETWORK_PEER,SEPARATES_FROM_COMMON_SHOCK,quasi-experimental,,Experimental test isolates peer-network exposure (joint clinic visits) from individual access in driving contraceptive adoption,,
1,W4210517329,10.1002/psp.2550,Decline in fertility in Paris: An intraurban spatial analysis,2022,Population Space and Place,RELEVANT,PRIMARY_SPATIAL_DIFFUSION,SPATIAL_MIGRATION,SEPARATES_FROM_COMMON_SHOCK,observational,,Explicitly studies spread of birth control on intraurban scale using spatial panel models to distinguish diffusion from socioeconomic adaptation; strong neighbor effects on fertility change,,
1,W4223963695,10.25133/jpssv302022.032,Diffusion Test of Fertility Decline in Arab Countries of the Middle East and North Africa (MENA) Region,2022,Journal of Population and Social Studies,RELEVANT,PRIMARY_SPATIAL_DIFFUSION,SPATIAL_MIGRATION,SEPARATES_FROM_COMMON_SHOCK,observational,,tests spatiotemporal diffusion of fertility decline across MENA using Knox statistic; finds contagion process,,
1,W4210892400,10.1002/psp.2555,Low fertility spread in China: A blended adaptation and diffusion explanation,2022,Population Space and Place,RELEVANT,PRIMARY_SPATIAL_DIFFUSION,SPATIAL_MIGRATION,SEPARATES_FROM_COMMON_SHOCK,observational,,applies blended diffusion theory to China's fertility decline using spatial econometrics; separates adaptation from ideational diffusion effects,,
1,W3134978614,10.1017/dem.2020.8,"Segregation, fertility, and son preference: the case of the Roma in Serbia",2021,Journal of Demographic Economics,RELEVANT,PRIMARY_SOCIAL_EXPOSURE,CULTURAL_LINGUISTIC_RELIGIOUS,SEPARATES_FROM_COMMON_SHOCK,observational,,residential segregation variation isolates differential exposure to majority-culture fertility norms affecting Roma fertility and gender preferences,,
1,W3132085944,10.1111/padr.12395,The Contribution of Diffusion to the Fertility Transition in Belgium (1887–1934),2021,Population and Development Review,RELEVANT,PRIMARY_SPATIAL_DIFFUSION,SPATIAL_MIGRATION,SEPARATES_FROM_COMMON_SHOCK,quasi-experimental,,"Multilevel event-history models identify spatial diffusion effect on geography and speed of fertility transition, separating from development shocks via neighborhood proximity variation",,
1,W2997788989,10.1007/s13524-019-00841-y,"Family, Firms, and Fertility: A Study of Social Interaction Effects",2020,Demography,RELEVANT,PRIMARY_SOCIAL_EXPOSURE,SOCIAL_NETWORK_PEER,SEPARATES_FROM_COMMON_SHOCK,quasi-experimental,,"Instrumental variables isolate colleague and sibling fertility effects on individual decisions, demonstrating spillover across network boundaries.",,
1,W3088494297,10.1017/dem.2020.6,"Social interactions, ethnicity, religion, and fertility in Kenya",2020,Journal of Demographic Economics,RELEVANT,PRIMARY_CULTURAL_BOUNDARY_CONTENT,CULTURAL_LINGUISTIC_RELIGIOUS,SEPARATES_FROM_COMMON_SHOCK,observational,,Social interaction effects by ethnicity on fertility significant beyond individual religion or characteristics; GMM methods identify causal effect net of common shocks,,
1,W3026054265,10.1007/s13524-020-00884-6,The Examination of Diffusion Effects on Modern Contraceptive Use in Nigeria,2020,Demography,RELEVANT,PRIMARY_SOCIAL_EXPOSURE,SOCIAL_NETWORK_PEER,SEPARATES_FROM_COMMON_SHOCK,quasi-experimental,,"Dynamic causal model identifies strong social multiplier effects through social learning on contraceptive adoption, separate from mass communications and social influence.",,
1,W2940085245,10.3386/w25752,"Censorship, Family Planning, and the Historical Fertility Transition",2019,National Bureau of Economic Research,RELEVANT,PRIMARY_CULTURAL_BOUNDARY_CONTENT,CULTURAL_LINGUISTIC_RELIGIOUS,SEPARATES_FROM_COMMON_SHOCK,historical,,"Shows British fertility-control norm diffusion via cultural/linguistic ties (e.g., 1877 Bradlaugh-Besant trial on family planning); populations with British links experience same fertility timing, separating cultural transmission from independent economic shocks",,
1,W2619544758,10.1093/sf/sox044,Globalization and Contemporary Fertility Convergence,2017,Social Forces,RELEVANT,PRIMARY_SPATIAL_DIFFUSION,SOCIAL_NETWORK_PEER,SEPARATES_FROM_COMMON_SHOCK,observational,,"globalisation-driven transmission of fertility schemas across countries via trade, IGOs, regional blocs; identifies cross-country connectedness as diffusion mechanism net of common development",,
1,W2750569904,10.1002/psp.2098,Residential segregation and the fertility of immigrants and their descendants,2017,Population Space and Place,RELEVANT,PRIMARY_CULTURAL_BOUNDARY_CONTENT,CULTURAL_LINGUISTIC_RELIGIOUS,SEPARATES_FROM_COMMON_SHOCK,observational,,"Longitudinal design measures childhood residential segregation (before fertility), finding immigrants in less segregated areas converge to native fertility; childhood socialization hypothesis isolates diffusion of native fertility norms from selection",,
1,W2296278882,10.1080/17441692.2016.1147589,Moving from theory to practice: A participatory social network mapping approach to address unmet need for family planning in Benin,2016,Global Public Health,RELEVANT,PRIMARY_SOCIAL_EXPOSURE,SOCIAL_NETWORK_PEER,SEPARATES_FROM_COMMON_SHOCK,quasi-experimental,,"Program-identified social network diffusion of family planning ideas through influential community actors; spillover mechanism (Wall 5 shock, A.3 estimand)",,
1,W2610405201,10.1111/iere.12177,PLAYING THE FERTILITY GAME AT WORK: AN EQUILIBRIUM MODEL OF PEER EFFECTS,2016,International Economic Review,RELEVANT,PRIMARY_SOCIAL_EXPOSURE,SOCIAL_NETWORK_PEER,SEPARATES_FROM_COMMON_SHOCK,observational,,Game-theoretic model of workplace peer effects on fertility decisions isolates strategic interactions from confounding,,
1,W2119420594,10.1098/rspb.2013.2732,Community-level education accelerates the cultural evolution of fertility decline,2014,Proceedings of the Royal Society B Biological Sciences,RELEVANT,PRIMARY_SOCIAL_EXPOSURE,SOCIAL_NETWORK_PEER,SEPARATES_FROM_COMMON_SHOCK,observational,,Less educated women adopt lower fertility when living among highly educated neighbors; community education effect independent of economic modernization and individual education,,
1,W2142548216,10.1177/0003122414531596,Does Fertility Behavior Spread among Friends?,2014,American Sociological Review,RELEVANT,PRIMARY_SOCIAL_EXPOSURE,SOCIAL_NETWORK_PEER,SEPARATES_FROM_COMMON_SHOCK,observational,,Friends' childbearing causally increases individual's fertility; design separates peer effects from selection and contextual confounding,,
1,W3121628933,10.1080/21632324.2013.800701,Cultural transmission and contraceptive use: evidence from USA-Mexico migration,2013,Migration and Development,RELEVANT,PRIMARY_CULTURAL_BOUNDARY_CONTENT,CULTURAL_LINGUISTIC_RELIGIOUS,SEPARATES_FROM_COMMON_SHOCK,quasi-experimental,,migration-based cultural exposure increases contraceptive adoption; instrumented by return migration history,,
1,W3124025479,10.1111/caje.12062,"International migration, transfer of norms and home country fertility",2013,Canadian Journal of Economics/Revue canadienne d économique,RELEVANT,PRIMARY_LEGITIMATION_SPREAD,SOCIAL_NETWORK_PEER,SEPARATES_FROM_COMMON_SHOCK,quasi-experimental,,migrants transfer lower fertility norms from destination countries back to origin; quantified effect of norm diffusion on home country fertility (0.3% per 1% decrease in migrant-exposure norm),,
1,W2090995792,10.1016/j.alcr.2013.10.001,Is fertility contagious? Using panel data to disentangle mechanisms of social network influences on fertility decisions,2013,Advances in Life Course Research,RELEVANT,PRIMARY_SOCIAL_EXPOSURE,SOCIAL_NETWORK_PEER,SEPARATES_FROM_COMMON_SHOCK,observational,,Title explicitly states estimand: 'social network influences on fertility decisions' using panel data to 'disentangle mechanisms'; identifies contagion effect net of common shocks via longitudinal design,,
1,W2119376659,10.1162/rest_a_00423,Learning from Teen Childbearing Experiences of Close Friends: Evidence using Miscarriages as a Natural Experiment,2013,The Review of Economics and Statistics,RELEVANT,PRIMARY_SOCIAL_EXPOSURE,SOCIAL_NETWORK_PEER,SEPARATES_FROM_COMMON_SHOCK,quasi-experimental,,Peer effect: close friend's teen birth reduces own teen pregnancy via learning mechanism; identified off miscarriage natural experiment,,
1,W2001021105,10.1007/s13524-012-0172-2,"Family Planning and Women’s and Children’s Health: Long-Term Consequences of an Outreach Program in Matlab, Bangladesh",2012,Demography,RELEVANT,PRIMARY_SOCIAL_EXPOSURE,SOCIAL_NETWORK_PEER,SEPARATES_FROM_COMMON_SHOCK,quasi-experimental,,"Program-induced diffusion spillover: experimental program in treated villages raises fertility-control adoption in untreated neighboring villages through social contact—the bridge cell (Wall 5 shock, A.3 mechanism).",,
1,W2052028310,10.1002/ajhb.22348,"Fertility, parental investment, and the early adoption of modern contraception in rural ethiopia",2012,American Journal of Human Biology,RELEVANT,PRIMARY_SOCIAL_EXPOSURE,SOCIAL_NETWORK_PEER,SEPARATES_FROM_COMMON_SHOCK,observational,,Explicitly tests social transmission through friendships and spatial networks vs. parental-investment mechanism; provides within-woman analysis to separate diffusion from common shocks,,
1,W2016489761,10.1371/annotation/d4ace6be-2089-47e8-86b2-42d04189324a,Correction: Social Transmission and the Spread of Modern Contraception in Rural Ethiopia,2011,PLoS ONE,RELEVANT,PRIMARY_SOCIAL_EXPOSURE,SOCIAL_NETWORK_PEER,SEPARATES_FROM_COMMON_SHOCK,observational,,directly tests social transmission via friendship networks and spatial proximity; finds social diffusion role marginal after controlling for demographic and religious factors,,
1,W2017682951,10.1097/dbp.0b013e318231cf03,Social Network Effects in Contraceptive Behavior Among Adolescents,2011,Journal of Developmental & Behavioral Pediatrics,RELEVANT,PRIMARY_SOCIAL_EXPOSURE,SOCIAL_NETWORK_PEER,SEPARATES_FROM_COMMON_SHOCK,quasi-experimental,,Peer exposure to classmates' contraceptive use increases individual adoption; school fixed effects control for common shocks,,
1,W1603027288,,"TESTING HYPOTHESES OF THE DEMOGRAPHIC TRANSITION IN SAN BORJA, BOLIVIA",2011,UNM’s Digital Repository (University of New Mexico),RELEVANT,PRIMARY_SOCIAL_EXPOSURE,SOCIAL_NETWORK_PEER,SEPARATES_FROM_COMMON_SHOCK,observational,,"Explicitly tests diffusion theory predictions among five competing hypotheses (contraceptive knowledge, wealth flows, female labor, embodied capital); compares predictions to observed fertility patterns",,
1,W2154213918,,"Businesses, buddies and babies: social ties and fertility at work",2010,RePEc: Research Papers in Economics,RELEVANT,PRIMARY_SOCIAL_EXPOSURE,SOCIAL_NETWORK_PEER,SEPARATES_FROM_COMMON_SHOCK,quasi-experimental,,Co-worker fertility raises own fertility; falsification tests rule out workplace-level common shocks; causal peer contagion identified,,
1,W1994322174,10.1353/jhr.2009.0031,Testing the External Effect of Household Behavior: The Case of the Demand for Children,2009,The Journal of Human Resources,RELEVANT,PRIMARY_SOCIAL_EXPOSURE,SOCIAL_NETWORK_PEER,SEPARATES_FROM_COMMON_SHOCK,quasi-experimental,,Identifies large peer external effect on fertility using China's fertility policy as instrumental variable for neighbors' fertility variation,,
1,W2022205403,10.1353/prv.0.0017,"The Influence of Changes in Fertility Related Norms on Contraceptive Use in Egypt, 1995–2005",2009,Population review,RELEVANT,PRIMARY_LEGITIMATION_SPREAD,LEGITIMATION_KNOWLEDGE,SEPARATES_FROM_COMMON_SHOCK,observational,,"Changes in community-level norms (desire for large families, FP acceptance) affect individual contraceptive use; controls separate norms from other factors",,
1,W2167340672,10.1080/0032472032000061703,Why are uneducated women in India using contraception? A multilevel analysis,2003,Population Studies,RELEVANT,PRIMARY_SOCIAL_EXPOSURE,SOCIAL_NETWORK_PEER,SEPARATES_FROM_COMMON_SHOCK,observational,,"multilevel analysis identifies diffusion effects of others' contraceptive use and education on adoption, independent of individual socio-economic factors; mass media identified as secondary channel",,
1,W1557995479,10.4054/mpidr-wp-2001-022,"How can we measure the causal effects of social networks using observational data? Evidence from the diffusion of family planning and AIDS worries in South Nyanza District, Kenya",2001,,RELEVANT,PRIMARY_SOCIAL_EXPOSURE,SOCIAL_NETWORK_PEER,SEPARATES_FROM_COMMON_SHOCK,quasi-experimental,,Social networks causally affect contraceptive adoption controlling for endogenous network formation; S-shaped diffusion consistent with contagion models,,
1,W1852387840,10.22004/ag.econ.28508,The Fertility Transition in Bavaria,2001,RePEc: Research Papers in Economics,RELEVANT,PRIMARY_CULTURAL_BOUNDARY_CONTENT,CULTURAL_LINGUISTIC_RELIGIOUS,SEPARATES_FROM_COMMON_SHOCK,historical,,district-level analysis of Bavarian fertility transition tests whether religious/secularization factors (cultural boundaries) or economic factors drive decline; uses improved econometric methods to separate cultural from economic drivers,,
2,W2105516209,10.1353/prv.2009.0000,Spatial Dependence and Heterogeneity in Ten Years of Fertility Decline in Brazil,2009,Population review,RELEVANT,PRIMARY_SPATIAL_DIFFUSION,SPATIAL_MIGRATION,DESCRIPTIVE_RESIDUAL_ONLY,observational,yes,Neighboring fertility levels predict local decline via teaching/learning/imitation; spatial multiplier effect mediated by distance,,
2,W2060849964,10.1017/s1361491608002372,"Demand and supply factors in the fertility transition: a county-level analysis of age-specific marital fertility in Sweden, 1880-1930",2008,European Review of Economic History,RELEVANT,PRIMARY_SPATIAL_DIFFUSION,SPATIAL_MIGRATION,DESCRIPTIVE_RESIDUAL_ONLY,historical,yes,gradual diffusion of parity-specific control across age groups and time in Swedish fertility transition; connected to broader socioeconomic context,,
2,W2006490730,10.1111/j.1728-4457.2002.00641.x,The Emergence of Lowest‐Low Fertility in Europe During the 1990s,2002,Population and Development Review,RELEVANT,PRIMARY_SOCIAL_EXPOSURE,SOCIAL_NETWORK_PEER,DESCRIPTIVE_RESIDUAL_ONLY,descriptive,yes,Identifies social interaction effects as reinforcing fertility postponement alongside economic and institutional factors,,
2,W2156908278,10.1086/320818,"Social Change, the Social Organization of Families, and Fertility Limitation",2001,American Journal of Sociology,RELEVANT,PRIMARY_LEGITIMATION_SPREAD,LEGITIMATION_KNOWLEDGE,DESCRIPTIVE_RESIDUAL_ONLY,quasi-experimental,yes,explicitly implicates ideational diffusion as mechanism linking social change to fertility limitation; multiple mechanisms tested but diffusion not clearly separated from common shocks,,
2,W165253017,10.31899/pgy6.1056,Social networks and contraceptive dynamics in southern Ghana,2001,,RELEVANT,PRIMARY_SOCIAL_EXPOSURE,SOCIAL_NETWORK_PEER,DESCRIPTIVE_RESIDUAL_ONLY,observational,yes,Longitudinal data confirm social diffusion: reproductive attitudes and behaviors of network partners strongly affect adoption; social networks structured by socioeconomic characteristics.,,
2,W2002792116,10.1111/j.1728-4457.2000.00725.x,"Local and Foreign Models of Reproduction in Nyanza Province, Kenya",2000,Population and Development Review,RELEVANT,PRIMARY_LEGITIMATION_SPREAD,CULTURAL_LINGUISTIC_RELIGIOUS,DESCRIPTIVE_RESIDUAL_ONLY,historical,yes,traces diffusion and local adaptation of fertility control ideas from international population movement through social networks and cultural domestication,,
2,W2077709300,10.1080/713779084,Social interactions and fluctuations in birth rates,2000,Population Studies,RELEVANT,PRIMARY_SOCIAL_EXPOSURE,SOCIAL_NETWORK_PEER,DESCRIPTIVE_RESIDUAL_ONLY,structural,yes,Formal model of social interaction and dependence in fertility decisions; empirically tested for implications of social interaction on birth-rate dynamics,,
2,W1588497975,10.1111/j.1728-4457.1999.00703.x,The Persistence of Outmoded Contraceptive Regimes: The Cases of Mexico and Brazil,1999,Population and Development Review,RELEVANT,PRIMARY_SOCIAL_EXPOSURE,SOCIAL_NETWORK_PEER,DESCRIPTIVE_RESIDUAL_ONLY,observational,yes,Social interaction among providers and users drives positive feedback in contraceptive choice; path dependence from social contact but not identified separately from common shocks,,
2,W2739361626,10.31899/pgy6.1020,Social networks and the diffusion of fertility control,1998,,RELEVANT,PRIMARY_SOCIAL_EXPOSURE,SOCIAL_NETWORK_PEER,UNCLEAR,review,yes,Explicitly assembles diffusion theory and empirical literature on social learning and social influence through networks affecting fertility control adoption; includes new data on Ghana,,
2,W2019533188,10.2307/3038290,Learning in social networks and contraceptive choice,1997,Demography,RELEVANT,PRIMARY_SOCIAL_EXPOSURE,LEGITIMATION_KNOWLEDGE,NA,mechanism,yes,Theoretical model of word-of-mouth social learning in networks explaining path-dependent contraceptive adoption diversity across villages,,
2,W2006672900,10.1016/s0277-9536(96)00385-1,Social network associations with contraceptive use among Cameroonian women in voluntary associations,1997,Social Science & Medicine,RELEVANT,PRIMARY_SOCIAL_EXPOSURE,SOCIAL_NETWORK_PEER,DESCRIPTIVE_RESIDUAL_ONLY,observational,yes,"Network members' approval, use, and encouragement associated with respondent adoption; method clustering among peers",,
2,W2032866820,10.2307/2137860,"The Buzz Outside the Clinics: Conversations and Contraception in Nyanza Province, Kenya",1997,Studies in Family Planning,RELEVANT,PRIMARY_SOCIAL_EXPOSURE,SOCIAL_NETWORK_PEER,DESCRIPTIVE_RESIDUAL_ONLY,observational,yes,Informal social networks ('buzz') between women driving contraceptive adoption beyond provider instruction; peer exposure to contraceptive experience and practice,,
2,W2014048998,10.2307/2061709,Community and contraceptive choice in rural Thailand: A case study of Nang Rong,1996,Demography,RELEVANT,PRIMARY_SOCIAL_EXPOSURE,SOCIAL_NETWORK_PEER,DESCRIPTIVE_RESIDUAL_ONLY,descriptive,yes,"Explains method dominance and village differences via conversational networks and social space structure, independent of physical access to services.",,
2,W2011828439,10.2307/2138046,Diffusion of the Culture of Contraception: Program Effects on Young Women in Rural Bangladesh,1995,Studies in Family Planning,RELEVANT,PRIMARY_SOCIAL_EXPOSURE,SOCIAL_NETWORK_PEER,DESCRIPTIVE_RESIDUAL_ONLY,descriptive,yes,"Diffusion of contraception culture/knowledge through social networks (relatives, peers) to young women in rural Bangladesh",,
2,W2010006600,10.2307/2096388,"The Spatial Diffusion of Fertility: A Cross-Sectional Analysis of Counties in the American South, 1940",1995,American Sociological Review,RELEVANT,PRIMARY_SPATIAL_DIFFUSION,SPATIAL_MIGRATION,DESCRIPTIVE_RESIDUAL_ONLY,observational,yes,Spatial-diffusion model finds significant diffusion effect on county fertility in American South net of socioeconomic controls; geographic proximity to high/low-fertility counties predicts fertility,,
2,W2043792796,10.1093/sf/73.2.435,Interaction Diffusion and Fertility Transition in Costa Rica,1994,Social Forces,RELEVANT,PRIMARY_SOCIAL_EXPOSURE,SPATIAL_MIGRATION,DESCRIPTIVE_RESIDUAL_ONLY,quasi-experimental,yes,Dynamic regression identifies inter- and within-county diffusion effects on birth control adoption net of socioeconomic and program effects; spatial pattern suggests contagion,,
2,W7129290255,10.1111/tesg.70068,Do Family Changes Constitute a Comprehensive Demographic Shift? A Comparison of the Spatial Dynamics of Five Family Changes in Switzerland (1969–2023),2026,Tijdschrift voor Economische en Sociale Geografie,RELEVANT,PRIMARY_SPATIAL_DIFFUSION,SPATIAL_MIGRATION,DESCRIPTIVE_RESIDUAL_ONLY,historical,,"documents spatial diffusion of fertility-related family changes across Switzerland 1969–2023 via urban hierarchical and geographic proximity diffusion, though causality not identified",,
2,W7130502574,10.1002/psp.70230,Fertility Norms as Unifying Framework: Coordinating Migration and Fertility Decisions in China′s Internal Migration,2026,Population Space and Place,RELEVANT,PRIMARY_SOCIAL_EXPOSURE,SOCIAL_NETWORK_PEER,DESCRIPTIVE_RESIDUAL_ONLY,qualitative,,"Migration and fertility decisions coordinated through fertility norms; geographic separation weakens normative monitoring, allowing norm revision; sustained exposure to destination contexts reshapes fertility orientations. Social diffusion of fertility norms across communities via migration.",,
2,W4413883913,10.12688/gatesopenres.16390.1,The Dominant Role of Community Influences over Individual Contraceptive Choices in Pakistan,2026,Gates Open Research,RELEVANT,PRIMARY_SOCIAL_EXPOSURE,SOCIAL_NETWORK_PEER,DESCRIPTIVE_RESIDUAL_ONLY,observational,,Community-level family planning intentions and parity norms predict individual contraceptive adoption; applies Diffusion of Innovation Theory but relies on regression adjustment,,
2,W7163206294,10.1080/17441730.2026.2680865,The role of social networks on fertility: evidence from high and low fertility states of India,2026,Asian Population Studies,RELEVANT,PRIMARY_SOCIAL_EXPOSURE,SOCIAL_NETWORK_PEER,DESCRIPTIVE_RESIDUAL_ONLY,observational,,"tests diffusion hypothesis using social network variables (kin structure, informational exposure) predicting fertility across Indian fertility regimes",,
2,W7204118893,10.31125/globnursinsights.1807184,"Women’s Knowledge, Attitudes, and Experiences of Family Planning in the Geography of Inequality: A Social Capital–Informed Qualitative Study",2026,Global Nursing Insights,RELEVANT,PRIMARY_SOCIAL_EXPOSURE,SOCIAL_NETWORK_PEER,DESCRIPTIVE_RESIDUAL_ONLY,qualitative,,"Social networks, institutional trust, and normative pressures (spousal approval) shape family planning behavior and contraceptive adoption",,
2,W4416383057,10.1002/psp.70158,"Changing Fertility Patterns in Poland: Urban, Suburban, and Rural Dimensions",2025,Population Space and Place,RELEVANT,PRIMARY_SPATIAL_DIFFUSION,SPATIAL_MIGRATION,DESCRIPTIVE_RESIDUAL_ONLY,spatial econometric,,"spatial clustering of fertility decline across Polish regions; spatial autocorrelation suggests diffusion but derives from correlation net of observed covariates, not isolation from common shocks",,
2,W4414448002,10.1017/s0021932025100424,Composition and structure of women’s family and personal networks in Ouagadougou: what are the effects on current fertility?,2025,Journal of Biosocial Science,RELEVANT,PRIMARY_SOCIAL_EXPOSURE,SOCIAL_NETWORK_PEER,DESCRIPTIVE_RESIDUAL_ONLY,observational,,network structure and composition directly affect women's fertility outcomes,,
2,W4406170812,10.1080/17441730.2024.2434258,Do shared history and language synchronise fertility rates between regions across countries? Evidence from India and Bangladesh,2025,Asian Population Studies,RELEVANT,PRIMARY_CULTURAL_BOUNDARY_CONTENT,CULTURAL_LINGUISTIC_RELIGIOUS,DESCRIPTIVE_RESIDUAL_ONLY,observational,,"documents convergence of fertility rates between culturally-linked border regions (West Bengal-Bangladesh) greater than within-country neighbors, suggesting shared cultural/linguistic transmission of fertility transition",,
2,W4408224057,10.1007/s12546-025-09369-y,Effects of diffusion and education on women’s fertility in India,2025,Journal of Population Research,RELEVANT,PRIMARY_SOCIAL_EXPOSURE,SOCIAL_NETWORK_PEER,DESCRIPTIVE_RESIDUAL_ONLY,observational,,"direct study of effects of social learning (social networks, mass media, presence of other married women) and social influence channels on women's fertility in India; diffusion of fertility control idea through social exposure",,
2,W4409151237,10.1093/pnasnexus/pgaf113,Female friendship and the cultural transmission of low-fertility values: Evidence from rural Poland,2025,PNAS Nexus,RELEVANT,PRIMARY_SOCIAL_EXPOSURE,SOCIAL_NETWORK_PEER,DESCRIPTIVE_RESIDUAL_ONLY,observational,,Female friendship networks transmit low-fertility cultural values and attitudes through emotional support; shift in friendship composition drives fertility norms,,
2,W4411967836,10.1186/s12889-025-23473-x,Influence of social networks on women’s contraceptive decision-making and action: a qualitative study in two districts in Uganda,2025,BMC Public Health,RELEVANT,PRIMARY_SOCIAL_EXPOSURE,SOCIAL_NETWORK_PEER,DESCRIPTIVE_RESIDUAL_ONLY,qualitative,,"Social networks (partners, relatives, peers) influence contraceptive adoption through informational and emotional support; central A.3 estimand but qualitative without causal identification.",,
2,W4409314982,10.12688/verixiv.670.1,Influence of social networks on women’s contraceptive decision-making and action: a qualitative study in two districts in Uganda,2025,,RELEVANT,PRIMARY_SOCIAL_EXPOSURE,SOCIAL_NETWORK_PEER,UNCLEAR,qualitative,,studies how social networks influence women's contraceptive adoption decisions; social-exposure mechanism on fertility-control adoption,,
2,W4415379102,10.4054/demres.2025.53.25,"Neighbors’ social attitudes predict variations in live births among the Amish of Holmes County, Ohio, United States",2025,Demographic Research,RELEVANT,PRIMARY_SOCIAL_EXPOSURE,SOCIAL_NETWORK_PEER,UNCLEAR,observational,,Uses diffusion framework to show spatial proximity to individuals with differing fertility attitudes predicts own fertility behavior,,
2,W4410069628,10.1002/psp.70031,The Diffusion of Late Fertility Across European Regions (2006–2018),2025,Population Space and Place,RELEVANT,PRIMARY_SPATIAL_DIFFUSION,SPATIAL_MIGRATION,DESCRIPTIVE_RESIDUAL_ONLY,structural,,spatial econometric model showing geographic proximity effect on late fertility persists after controlling for socioeconomic factors,,
2,W4390646468,10.5463/thesis.322,Contraceptive use and method choice among young people in sub-Saharan Africa,2024,,RELEVANT,PRIMARY_SOCIAL_EXPOSURE,SOCIAL_NETWORK_PEER,UNCLEAR,mixed methods,,Chapter 2 examines influence of peers' contraceptive use perceptions on method choice; identification strategy not detailed in abstract,,
2,W4400344667,10.1016/j.srhc.2024.101004,Inter-generational impact: Exploring the influence of older sister-in-law’s contraceptive choices on her peer contraception adoption in India,2024,Sexual & Reproductive Healthcare,RELEVANT,PRIMARY_SOCIAL_EXPOSURE,SOCIAL_NETWORK_PEER,DESCRIPTIVE_RESIDUAL_ONLY,observational,,Older sister-in-law's contraceptive method use predicts younger peer adoption (3.42× odds for permanent methods); within-household network peer exposure,,
2,W4402845385,10.1002/psp.2845,Simultaneous and widespread: Colombia's fertility transition,2024,Population Space and Place,RELEVANT,PRIMARY_SPATIAL_DIFFUSION,SPATIAL_MIGRATION,DESCRIPTIVE_RESIDUAL_ONLY,descriptive,,"Regional spatial patterns show fertility decline spread simultaneously across regions independent of historical levels; simultaneous spread rules out economics alone, consistent with spatial diffusion mechanism",,
2,W4401391594,10.1016/j.socscimed.2024.117159,Social capital mediates knowledge gaps in informing sexual and reproductive health behaviours across Africa,2024,Social Science & Medicine,RELEVANT,PRIMARY_SOCIAL_EXPOSURE,SOCIAL_NETWORK_PEER,DESCRIPTIVE_RESIDUAL_ONLY,observational,,Social connectedness (via Facebook) predicts similarity in contraceptive knowledge and adoption; shared shock not ruled out,,
2,W4390009316,10.1098/rsos.230988,A data-driven approach shows that individuals' characteristics are more important than their networks in predicting fertility preferences,2023,Royal Society Open Science,RELEVANT,PRIMARY_SOCIAL_EXPOSURE,SOCIAL_NETWORK_PEER,DESCRIPTIVE_RESIDUAL_ONLY,observational,,tests social network effects on fertility preferences; finds structural network features less important than network composition and individual traits,,
2,W4367852245,10.31406/relap2023.v17.e202219,"Fertility Transition in Brazilian Municipalities: An Exploratory Analysis of Cross-sectional Data in 1991, 2000 and 2010",2023,Revista Latinoamericana de Población,RELEVANT,PRIMARY_SPATIAL_DIFFUSION,SPATIAL_MIGRATION,DESCRIPTIVE_RESIDUAL_ONLY,descriptive,,municipal-level fertility transition clustering shows spatial heterogeneity independent of development timing,,
2,W4385813737,10.17323/demreview.v10i2.17764,Тенденции региональной дифференциации рождаемости при втором демографическом переходе в некоторых странах,2023,Демографическое обозрение,RELEVANT,PRIMARY_SPATIAL_DIFFUSION,SPATIAL_MIGRATION,DESCRIPTIVE_RESIDUAL_ONLY,descriptive,,avant-garde urban regions lead fertility transition with peripheral regions catching up; spatial diffusion of transition,,
2,W4308994596,10.18356/16810333-48-113-3,"Análisis espacio-temporal de la evolución de los niveles de fecundidad en los municipios de México, 1970-2020",2022,Notas de población,RELEVANT,PRIMARY_SPATIAL_DIFFUSION,SPATIAL_MIGRATION,DESCRIPTIVE_RESIDUAL_ONLY,observational,,explicitly tests whether fertility decline spreads via geographic/cultural proximity; spatial econometric evidence contradicts adaptation-only explanation,,
2,W4291824651,10.1016/j.ssmph.2022.101203,Characterizing Nigerien men's social networks and their influence on family planning-related attitudes and behaviors,2022,SSM - Population Health,RELEVANT,PRIMARY_SOCIAL_EXPOSURE,SOCIAL_NETWORK_PEER,DESCRIPTIVE_RESIDUAL_ONLY,observational,,Perceived peer support for family planning independently associated with FP adoption; network mechanism but no causal instrument,,
2,W4321837065,10.5937/gads55-33379,Fertile differences in the rural-urban zone of Semberia,2022,Glasnik Antropoloskog drustva Srbije,RELEVANT,PRIMARY_SPATIAL_DIFFUSION,SPATIAL_MIGRATION,DESCRIPTIVE_RESIDUAL_ONLY,descriptive,,"Regional rural–urban fertility gradient in Semberia; descriptive clustering of higher fertility in rural areas, but no identified mechanism separating diffusion from economic/structural differences",,
2,W4225784187,10.1186/s12978-022-01331-y,Perceptions of peer contraceptive use and its influence on contraceptive method use and choice among young women and men in Kenya: a quantitative cross-sectional study,2022,Reproductive Health,RELEVANT,PRIMARY_SOCIAL_EXPOSURE,SOCIAL_NETWORK_PEER,DESCRIPTIVE_RESIDUAL_ONLY,observational,,Perceived peer contraceptive use predicts own contraceptive adoption and method choice; correlational design without instrument or quasi-experimental variation to separate from common exposure,,
2,W4283363587,10.52589/ajsshr-mhszftzm,"Social Networks Correlate to Fertility Intentions and Realization among Menopausal Women in Suburban Areas of Bayelsa State, Nigeria",2022,African Journal of Social Sciences and Humanities Research,RELEVANT,PRIMARY_SOCIAL_EXPOSURE,SOCIAL_NETWORK_PEER,DESCRIPTIVE_RESIDUAL_ONLY,observational,,"Social networks (relatives, neighbors, friends) influence contraceptive use and fertility intentions",,
2,W4309606981,10.3389/fpsyg.2022.947134,Social norms and fertility intentions: Evidence from China,2022,Frontiers in Psychology,RELEVANT,PRIMARY_LEGITIMATION_SPREAD,SOCIAL_NETWORK_PEER,DESCRIPTIVE_RESIDUAL_ONLY,observational,,Spatial and peer social norms independently influence fertility intentions; legitimation spreads through neighborhood and group proximity,,
2,W4294343530,10.1007/978-3-031-11840-1_4,Socio-Economic Determinants of Fertility,2022,SpringerBriefs in population studies,RELEVANT,PRIMARY_SPATIAL_DIFFUSION,SPATIAL_MIGRATION,DESCRIPTIVE_RESIDUAL_ONLY,observational,,Regional transitions faster than education predicts; diffusion invoked to explain faster-than-expected adoption in neighboring countries,,
2,W4210769006,10.1371/journal.pone.0261701,The direct and indirect effects of community beliefs and attitudes on postpartum contraceptive method choice among young women ages 15–24 in Nigeria,2022,PLoS ONE,RELEVANT,PRIMARY_LEGITIMATION_SPREAD,LEGITIMATION_KNOWLEDGE,DESCRIPTIVE_RESIDUAL_ONLY,observational,,Community beliefs and attitudes (acceptability/legitimation of contraception) directly influence individual method choice,,
2,W4223431367,10.1186/s12889-022-12681-4,The power of women’s and men’s Social Networks to catalyse normative and behavioural change: evaluation of an intervention addressing Unmet need for Family Planning in Benin,2022,BMC Public Health,RELEVANT,PRIMARY_LEGITIMATION_SPREAD,SOCIAL_NETWORK_PEER,DESCRIPTIVE_RESIDUAL_ONLY,quasi-experimental,,"social network intervention training influential actors to diffuse family planning ideas through networks, reducing normative barriers and catalyzing adoption",,
2,W3201662518,10.1111/sifp.12174,"Contraceptive Conversations among Adolescent Girls and Young Women and Their Partners, Peers, and Older Female Family Members in Lilongwe, Malawi: A Qualitative Analysis",2021,Studies in Family Planning,RELEVANT,PRIMARY_SOCIAL_EXPOSURE,SOCIAL_NETWORK_PEER,DESCRIPTIVE_RESIDUAL_ONLY,qualitative,,Conversations with peers and family members directly influence contraceptive decision-making and provide information/permission for contraceptive use. Social diffusion of fertility-control knowledge through peer and family networks.,,
2,W3160196352,10.3390/socsci10050177,Do Data from Large Personal Networks Support Cultural Evolutionary Ideas about Kin and Fertility?,2021,Social Sciences,RELEVANT,PRIMARY_SOCIAL_EXPOSURE,SOCIAL_NETWORK_PEER,DESCRIPTIVE_RESIDUAL_ONLY,observational,,Tests whether kin transmit pro-natal information more than non-kin in personal networks; mixed evidence but directly examines social-learning effect on fertility preferences,,
2,W3153104329,10.1038/s41598-021-86180-8,Effects of family planning on fertility behaviour across the demographic transition,2021,Scientific Reports,RELEVANT,PRIMARY_SOCIAL_EXPOSURE,LEGITIMATION_KNOWLEDGE,DESCRIPTIVE_RESIDUAL_ONLY,observational,,90-year cohort study explicitly identifies contraception adoption associated with spread of lower fertility in later cohorts; separates origin from spread,,
2,W3193618749,10.1093/ej/ueab066,Fertility and Modernity,2021,The Economic Journal,RELEVANT,PRIMARY_CULTURAL_BOUNDARY_CONTENT,CULTURAL_LINGUISTIC_RELIGIOUS,DESCRIPTIVE_RESIDUAL_ONLY,historical,,fertility decline diffused from French-speaking regions; clustering by linguistic/cultural distance consistent with social-influence mechanism independent of development,,
2,W2788520872,10.1553/0x003d0a8c,Learning by Doing and Learning from Others in Contraceptive Technology,2021,,RELEVANT,PRIMARY_SOCIAL_EXPOSURE,SOCIAL_NETWORK_PEER,DESCRIPTIVE_RESIDUAL_ONLY,observational,,Tests neighbor contraceptive experience on own adoption; finds limited social-learning effect on modern contraceptive prevalence,,
2,W3164691754,10.1080/17441692.2021.1933125,"Men’s social networks, social norms, & family planning in Benin",2021,Global Public Health,RELEVANT,PRIMARY_SOCIAL_EXPOSURE,SOCIAL_NETWORK_PEER,DESCRIPTIVE_RESIDUAL_ONLY,observational,,Studies association between men's FP-related networks and norms and their contraceptive use; investigates social-exposure estimand despite null findings,,
2,W3140416104,10.1142/s0217590821500120,PEER EFFECTS AND FERTILITY PREFERENCES IN CHINA: EVIDENCE FROM THE CHINA LABOR-FORCE DYNAMICS SURVEY,2021,The Singapore Economic Review,RELEVANT,PRIMARY_SOCIAL_EXPOSURE,SOCIAL_NETWORK_PEER,DESCRIPTIVE_RESIDUAL_ONLY,observational,,Community-level peer fertility predicts individual fertility preferences; peer effects demonstrated net of controls,,
2,W3161148716,10.21203/rs.3.rs-434547/v1,Perceptions of Peer Contraceptive Use and its Influence on Contraceptive Method Use and Choice among Young Women and Men in Kenya: A Quantitative Cross-Sectional Study,2021,Research Square,RELEVANT,PRIMARY_SOCIAL_EXPOSURE,SOCIAL_NETWORK_PEER,DESCRIPTIVE_RESIDUAL_ONLY,observational,,Perception of peers using contraceptives strongly predicts own contraceptive adoption among young women and men in Kenya; direct evidence of peer-exposure effect on method choice,,
2,W3080257843,10.2478/jos-2021-0028,Spatio-Temporal Patterns in Portuguese Regional Fertility Rates: A Bayesian Approach for Spatial Clustering of Curves,2021,Journal of Official Statistics,RELEVANT,PRIMARY_SPATIAL_DIFFUSION,SPATIAL_MIGRATION,DESCRIPTIVE_RESIDUAL_ONLY,descriptive,,Bayesian model of spatial clustering in regional fertility patterns capturing spatial diffusion dynamics,,
2,W3208307790,10.34023/2313-6383-2021-28-5-39-48,Statistical Estimates of the Decline of the Russian Fertility: Regional Specifcs,2021,Вопросы статистики,RELEVANT,PRIMARY_SPATIAL_DIFFUSION,SPATIAL_MIGRATION,DESCRIPTIVE_RESIDUAL_ONLY,descriptive,,Uses convergence and spatial autocorrelation methods to examine regional spread of fertility decline; finds no spatial clustering or convergence trends,,
2,W3121771074,10.1186/s12889-021-10180-6,The association between men’s family planning networks and contraceptive use among their female partners: an egocentric network study in Madagascar,2021,BMC Public Health,RELEVANT,PRIMARY_SOCIAL_EXPOSURE,SOCIAL_NETWORK_PEER,DESCRIPTIVE_RESIDUAL_ONLY,observational,,men's social and provider FP networks independently associated with couples' contraceptive use; social-tie exposure affects adoption,,
2,W3199999619,10.1186/s41118-021-00131-9,The spatial diffusion of fertility decline in Egypt (1950–2006),2021,Genus,RELEVANT,PRIMARY_SPATIAL_DIFFUSION,SPATIAL_MIGRATION,DESCRIPTIVE_RESIDUAL_ONLY,historical,,Explicitly studies spatial diffusion of fertility decline through contagion and hierarchical diffusion mechanisms over fine territorial scale 1960–2006,,
2,W4237469876,10.1553/0x003d0a5d,Transition to parenthood: The role of social interaction and endogenous networks,2021,,RELEVANT,PRIMARY_SOCIAL_EXPOSURE,SOCIAL_NETWORK_PEER,DESCRIPTIVE_RESIDUAL_ONLY,structural,,Agent-based model where network members influence agents' transition to higher parity through social interactions; studies endogenous network effects on fertility timing and outcomes,,
2,W3046518775,10.1093/emph/eoaa029,Adoption of outgroup norms provides evidence for social transmission in perinatal care practices among rural Namibian women,2020,Evolution Medicine and Public Health,RELEVANT,PRIMARY_SOCIAL_EXPOSURE,SOCIAL_NETWORK_PEER,DESCRIPTIVE_RESIDUAL_ONLY,observational,,Studies adoption of perinatal care and contraception among Namibian women; women who perceive medical recommendations as common in their social group adopt them more; conformity bias and social transmission; outcome includes deliberate fertility control,,
2,W3034430116,10.1007/s10680-020-09569-7,Analysis of Latin American Fertility in Terms of Probable Social Classes,2020,European Journal of Population / Revue européenne de Démographie,RELEVANT,PRIMARY_CULTURAL_BOUNDARY_CONTENT,CULTURAL_LINGUISTIC_RELIGIOUS,DESCRIPTIVE_RESIDUAL_ONLY,observational,,Ideational change toward lower fertility spreads along social-class boundaries; within/between-class distances promote/prevent acceptance of fertility reduction.,,
2,W3124613339,10.4054/mpidr-wp-2020-001,Analysis of Latin American fertility change in terms of probable social classes,2020,,RELEVANT,PRIMARY_SOCIAL_EXPOSURE,SOCIAL_NETWORK_PEER,DESCRIPTIVE_RESIDUAL_ONLY,observational,,within- and between-class social distances promoting/preventing ideational change toward lower fertility; social stratification as transmission structure,,
2,W3123041465,10.36004/nier.es.2020.1-10,DEMOGRAPHIC TRANSITION AT THE REGIONAL LEVEL IN CZECH LANDS,2020,Economie şi Sociologie,RELEVANT,PRIMARY_SPATIAL_DIFFUSION,SPATIAL_MIGRATION,DESCRIPTIVE_RESIDUAL_ONLY,descriptive,,"Regional demographic transition in Czech Lands (1869–1935, FDT period); descriptive regional clustering of fertility decline, but no identified mechanism separating spatial diffusion from common economic shocks",,
2,W3049484802,10.3386/w27668,Early Fertility Decline in the United States: Tests of Alternative Hypotheses using New Complete-Count Census Microdata and Enhanced County-Level Data,2020,National Bureau of Economic Research,RELEVANT,PRIMARY_LEGITIMATION_SPREAD,LEGITIMATION_KNOWLEDGE,DESCRIPTIVE_RESIDUAL_ONLY,observational,,"19th-century U.S. fertility decline tests ideational hypothesis; ideational theories involve spread of family-limitation ideas and conscious choice, central to A.3.",,
2,W3009068771,10.1111/jomf.12668,Exploring the Mechanisms Through Which Social Ties Affect Fertility Decisions in Turkey,2020,Journal of Marriage and the Family,RELEVANT,PRIMARY_SOCIAL_EXPOSURE,SOCIAL_NETWORK_PEER,DESCRIPTIVE_RESIDUAL_ONLY,qualitative,,"Qualitative study directly investigates mechanisms (social support, pressure, influence, learning) through which family and peer networks affect fertility decision-making and parity progression",,
2,W3044445098,10.18174/517335,"Family influences on fertility in Europe, 1850-1920",2020,,RELEVANT,PRIMARY_SOCIAL_EXPOSURE,SOCIAL_NETWORK_PEER,UNCLEAR,historical,,"documents family-member influence on fertility through social learning, pressure, and contagion during European fertility transition; mechanism is social, not economic",,
2,W3007959519,10.1080/17441730.2019.1706300,Fertility behaviour in linguistic zones: revisiting the diffusion hypothesis in greater Bengal,2020,Asian Population Studies,RELEVANT,PRIMARY_CULTURAL_BOUNDARY_CONTENT,CULTURAL_LINGUISTIC_RELIGIOUS,DESCRIPTIVE_RESIDUAL_ONLY,observational,,"Tests diffusion hypothesis by comparing fertility behavior across linguistic/cultural boundary; finds similarity in bordering districts suggesting cross-border cultural diffusion, but design identifies residual not isolated from common regional factors",,
2,W2943486479,10.12765/cpos-2020-21,Linking Neighbors’ Fertility: Third Births in Norwegian Neighborhoods,2020,Comparative Population Studies,RELEVANT,PRIMARY_SOCIAL_EXPOSURE,SOCIAL_NETWORK_PEER,DESCRIPTIVE_RESIDUAL_ONLY,observational,,"Peer effect on fertility likelihood; authors acknowledge selective sorting is important driver, limiting identification of true diffusion net of common shocks",,
2,W2999668476,10.1038/s41467-019-14158-2,Market integration reduces kin density in women’s ego-networks in rural Poland,2020,Nature Communications,RELEVANT,PRIMARY_SOCIAL_EXPOSURE,SOCIAL_NETWORK_PEER,DESCRIPTIVE_RESIDUAL_ONLY,observational,,Market integration reduces kin-network density; explicit mechanism: declining kin density facilitates cultural transmission of low fertility values,,
2,W3093557303,10.1080/17441692.2020.1836245,"Social network and social normative characteristics of married female adolescents in Dosso, Niger: Associations with modern contraceptive use",2020,Global Public Health,RELEVANT,PRIMARY_SOCIAL_EXPOSURE,SOCIAL_NETWORK_PEER,DESCRIPTIVE_RESIDUAL_ONLY,quasi-experimental,,Sisters and in-laws' FP use correlates with respondent adoption; alters of treatment group more likely to have used FP; intervention provides shock but spillover effect not isolated from confounding,,
2,W3000307890,10.1080/1081602x.2020.1712661,"Socio-economic status and fertility in an urban context at the end of the nineteenth century: a linked records study from Tartu, Estonia",2020,The History of the Family,RELEVANT,PRIMARY_SPATIAL_DIFFUSION,SPATIAL_MIGRATION,DESCRIPTIVE_RESIDUAL_ONLY,observational,,explicitly attributes fertility variation to innovation and diffusion of demographic behavior during FDT; non-linear class gradient,,
2,W3021270726,10.3917/adh.138.0083,"Spatial diffusion of fertility decline in northern Sweden, 1850-1950",2020,Annales de Démographie Historique,RELEVANT,PRIMARY_SPATIAL_DIFFUSION,SPATIAL_MIGRATION,DESCRIPTIVE_RESIDUAL_ONLY,historical,,Neighboring geographic zones show comparable fertility during FDT; social-interaction mechanisms hypothesized but not identified from confounds,,
2,W3015337498,10.4054/mpidr-wp-2020-014,The emergence and diffusion of birth limitation in urban areas of developing countries,2020,,RELEVANT,PRIMARY_LEGITIMATION_SPREAD,LEGITIMATION_KNOWLEDGE,DESCRIPTIVE_RESIDUAL_ONLY,observational,,Studies how birth-limiting practice emerged and spread across parities and countries; documents heterogeneity in diffusion patterns,,
2,W2948981770,10.17615/dqta-x545,Contraceptive Use in Cambodia: A Multi-Method Examination of Determinants and Barriers to Modern Contraception,2019,Carolina Digital Repository (University of North Carolina at Chapel Hill),RELEVANT,PRIMARY_SOCIAL_EXPOSURE,SOCIAL_NETWORK_PEER,DESCRIPTIVE_RESIDUAL_ONLY,observational,,peer contraceptive use and family support show social exposure effects on own adoption in Cambodia; observational correlation not exogenously identified,,
2,W2963429680,10.1371/journal.pone.0219624,Regional variations in the rural-urban fertility gradient in the global South,2019,PLoS ONE,RELEVANT,PRIMARY_SPATIAL_DIFFUSION,SPATIAL_MIGRATION,DESCRIPTIVE_RESIDUAL_ONLY,observational,,Describes urban-to-rural diffusion of fertility-transition onset across regions; spatial and temporal patterns suggest diffusion across space independent of common development shocks,,
2,W2908785790,10.1007/s13524-018-0737-9,"Spatial and Social Distance at the Onset of the Fertility Transition: Sweden, 1880–1900",2019,Demography,RELEVANT,PRIMARY_SPATIAL_DIFFUSION,SPATIAL_MIGRATION,DESCRIPTIVE_RESIDUAL_ONLY,quasi-experimental,,Fertility decline spreads spatially and along migration pathways net of SES; elite vanguard effect with slower diffusion to peripheral regions,,
2,W3028818171,10.37040/geografie2019124030281,Transformation of fertility in Slovakia in the context of differences between center and hinterland,2019,Geografie,RELEVANT,PRIMARY_SPATIAL_DIFFUSION,SPATIAL_MIGRATION,DESCRIPTIVE_RESIDUAL_ONLY,descriptive,,Documents spatial progression of fertility decline across Slovakia with centers leading hinterlands and west-to-east diffusion pattern; explicitly identifies diffusion process though mechanism not separately identified from common shocks,,
2,W4211053950,10.1017/9781108650465,Birth Control and American Modernity,2018,Cambridge University Press eBooks,RELEVANT,PRIMARY_LEGITIMATION_SPREAD,LEGITIMATION_KNOWLEDGE,DESCRIPTIVE_RESIDUAL_ONLY,historical,,"historical narrative of how birth-control acceptability spread through social contact (bedrooms, gossip corners) from private to public",,
2,W2892393343,10.51964/hlcs9335,"Membership in and Presence of Voluntary Organisations during the Swedish Fertility Transition, 1880-1949",2018,Historical Life Course Studies,RELEVANT,PRIMARY_SOCIAL_EXPOSURE,SOCIAL_NETWORK_PEER,DESCRIPTIVE_RESIDUAL_ONLY,quasi-experimental,,"Voluntary organisations (unions, temperance) as social networks reducing fertility; propensity-score matching isolates membership effects, stronger for males",,
2,W2792482733,10.2991/icied-17.2018.14,The Effects of Social Capital on Fertility in Indonesia Path Analysis of Susenas 2014,2018,,RELEVANT,PRIMARY_SOCIAL_EXPOSURE,SOCIAL_NETWORK_PEER,DESCRIPTIVE_RESIDUAL_ONLY,structural,,"Social capital dimensions (networks, trust, participation) show direct and indirect effects on fertility through family planning adoption.",,
2,W4234093497,10.31235/osf.io/shcvj,"The demography of words: the global decline in non-numeric fertility preferences, 1993-2011",2018,,RELEVANT,PRIMARY_LEGITIMATION_SPREAD,LEGITIMATION_KNOWLEDGE,DESCRIPTIVE_RESIDUAL_ONLY,descriptive,,spread of conscious fertility calculus and contraceptive knowledge across countries during transition,,
2,W2950477795,10.31235/osf.io/cxk3s,Cross-friend effects on entry into marriage and parenthood: A multiprocess approach,2017,,RELEVANT,PRIMARY_SOCIAL_EXPOSURE,SOCIAL_NETWORK_PEER,DESCRIPTIVE_RESIDUAL_ONLY,observational,,Cross-friend effects: friends' parenthood entry raises individual's own entry probability; social peer exposure to reproduction,,
2,W3123591830,,French Fertility and Education Transition: Rational Choice vs. Cultural Diffusion,2017,RePEc: Research Papers in Economics,RELEVANT,PRIMARY_SPATIAL_DIFFUSION,SPATIAL_MIGRATION,DESCRIPTIVE_RESIDUAL_ONLY,structural,,"Structural model explains 38% of spatial fertility variation via economics; residual attributed to cultural barriers and family structure, suggesting cultural diffusion",,
2,W2572014233,10.3917/adh.132.0111,Reproductive Change in Transitional Italy: More Insights from the Italian Fertility Survey of 1961,2017,Annales de Démographie Historique,RELEVANT,PRIMARY_SPATIAL_DIFFUSION,SPATIAL_MIGRATION,DESCRIPTIVE_RESIDUAL_ONLY,historical,,documents fertility-decline diffusion pattern from educated to less-educated cohorts consistent with innovation/diffusion schema; Italian FDT case,,
2,W2608768094,10.1080/00324728.2017.1304565,"The demography of words: The global decline in non-numeric fertility preferences, 1993–2011",2017,Population Studies,RELEVANT,PRIMARY_LEGITIMATION_SPREAD,LEGITIMATION_KNOWLEDGE,DESCRIPTIVE_RESIDUAL_ONLY,descriptive,,"global decline in 'don't know' responses to fertility questions documents spread of conscious deliberative fertility choice, driven by contraceptive knowledge and education",,
2,W2523296858,10.1111/ecoj.12431,Contraception and the Demographic Transition,2016,The Economic Journal,RELEVANT,PRIMARY_SOCIAL_EXPOSURE,SOCIAL_NETWORK_PEER,DESCRIPTIVE_RESIDUAL_ONLY,structural,,"Model of societal influence on contraception adoption: rich adopt modern methods first, unleashing society-wide diffusion reducing fertility",,
2,W2281957139,10.1007/978-3-319-32283-4_13,Exploring the Role of Communication in Shaping Fertility Transition Patterns in Space and Time,2016,The Springer series on demographic methods and population analysis,RELEVANT,PRIMARY_LEGITIMATION_SPREAD,LEGITIMATION_KNOWLEDGE,UNCLEAR,other,,Title explicitly addresses communication role in shaping fertility-transition spatial and temporal patterns; directly targets A.3 diffusion mechanism.,,
2,W2564036833,10.1080/21620555.2016.1230011,Global Interactions and Family Formation Pathways in Reform-Era Urban China,2016,Chinese Sociological Review,RELEVANT,PRIMARY_SPATIAL_DIFFUSION,SPATIAL_MIGRATION,DESCRIPTIVE_RESIDUAL_ONLY,observational,,Tests ideational diffusion via global interactions (FDI) affecting adoption of innovative family behaviors; spatial transmission of modern family-formation norms,,
2,W2514364848,10.1007/s11205-016-1431-1,"Peers and Fertility Preferences: An Empirical Investigation of the Role of Neighbours, Religion and Education",2016,Social Indicators Research,RELEVANT,PRIMARY_SOCIAL_EXPOSURE,SOCIAL_NETWORK_PEER,UNCLEAR,observational,,title explicitly states peers and neighbors influence fertility preferences independent of education/religion,,
2,W2556645551,10.1186/s12889-016-3839-6,Social norms and family planning decisions in South Sudan,2016,BMC Public Health,RELEVANT,PRIMARY_LEGITIMATION_SPREAD,SOCIAL_NETWORK_PEER,DESCRIPTIVE_RESIDUAL_ONLY,qualitative,,"Documents emergence and competition between pro-natalist, spacing, and education-investment norms affecting fertility decisions; mechanism is diffusion of competing norms about family planning legitimacy",,
2,W2471368527,10.1080/00324728.2016.1253857,Socio-economic status and fertility decline: Insights from historical transitions in Europe and North America,2016,Population Studies,RELEVANT,PRIMARY_SOCIAL_EXPOSURE,SOCIAL_NETWORK_PEER,DESCRIPTIVE_RESIDUAL_ONLY,historical,,upper classes acted as forerunners in fertility reduction; farmers and laborers followed—pattern consistent with elite-to-mass diffusion,,
2,W2561938908,10.4054/mpidr-wp-2016-009,Spatial and social distance in the fertility transition: Sweden 1880-1900,2016,,RELEVANT,PRIMARY_SPATIAL_DIFFUSION,SPATIAL_MIGRATION,DESCRIPTIVE_RESIDUAL_ONLY,observational,,"Multi-level spatial analysis showing elite fertility decline pioneers spread geographically and by social-class clustering; attributes clustering to social connectedness through space and embeddedness, distinct from SES alone",,
2,W2479721796,10.18533/rss.v1i7.56,Sustaining a Regime of Low Fertility,2016,Review of Social Sciences,RELEVANT,PRIMARY_SOCIAL_EXPOSURE,SOCIAL_NETWORK_PEER,DESCRIPTIVE_RESIDUAL_ONLY,observational,,Reciprocal network encouragement about contraception predicts own use; social networks sustain low fertility regime independent of economic change,,
2,W2302030527,10.1080/20780389.2015.1109441,"The Interplay of Family Systems, Social Networks and Fertility in Europe Cohorts Born Between 1920 and 1960",2016,Economic History of Developing Regions,RELEVANT,PRIMARY_SOCIAL_EXPOSURE,SOCIAL_NETWORK_PEER,DESCRIPTIVE_RESIDUAL_ONLY,observational,,tests whether social network composition (deviations from regional family system norms) predicts fertility differences,,
2,W2013009626,10.1186/s12889-015-1483-1,Barriers to modern contraceptive methods uptake among young women in Kenya: a qualitative study,2015,BMC Public Health,RELEVANT,PRIMARY_SOCIAL_EXPOSURE,SOCIAL_NETWORK_PEER,DESCRIPTIVE_RESIDUAL_ONLY,qualitative,,"Young women learn about contraception myths and knowledge from social networks, influencing adoption; demonstrates peer-network role in knowledge diffusion",,
2,W2132619058,10.1002/psp.1998,Changing Determinants of Low Fertility and Diffusion: a Spatial Analysis for Italy,2015,Population Space and Place,RELEVANT,PRIMARY_SPATIAL_DIFFUSION,SPATIAL_MIGRATION,DESCRIPTIVE_RESIDUAL_ONLY,observational,,"Explicitly tests diffusionist perspective in Italian fertility (1999–2010) using spatial regression; finds persistent spatial dependence in fertility clustering even after controlling for secularization, female employment, development — consistent with spatial diffusion net of economic drivers",,
2,W1175994887,10.1007/s12546-015-9144-x,Does indirect exposure to international migration influence marriage and fertility in Albania?,2015,Journal of Population Research,RELEVANT,PRIMARY_SOCIAL_EXPOSURE,SPATIAL_MIGRATION,NA,observational,,indirect exposure to international migration networks affecting marriage and fertility behavior,,
2,W1511519372,10.4054/demres.2015.33.8,Ideation and intention to use contraceptives in Kenya and Nigeria,2015,Demographic Research,RELEVANT,PRIMARY_LEGITIMATION_SPREAD,LEGITIMATION_KNOWLEDGE,DESCRIPTIVE_RESIDUAL_ONLY,observational,,"identifies ideational dimensions affecting contraceptive use intentions, including social interaction and influence dimension",,
2,W1903772655,10.1186/s12889-015-2216-1,Impact of male partner’s awareness and support for contraceptives on female intent to use contraceptives in southeast Nigeria,2015,BMC Public Health,RELEVANT,PRIMARY_SOCIAL_EXPOSURE,SOCIAL_NETWORK_PEER,DESCRIPTIVE_RESIDUAL_ONLY,observational,,Male partner awareness and support for contraception significantly predict female contraceptive intention; partner as social-network influence,,
2,W2116083966,10.1002/psp.1987,Is It Who You Are or Where You Live? Community Effects on Net Fertility at the Onset of Fertility Decline: A Multilevel Analysis Using Swedish Micro‐Census Data,2015,Population Space and Place,RELEVANT,PRIMARY_SPATIAL_DIFFUSION,SPATIAL_MIGRATION,DESCRIPTIVE_RESIDUAL_ONLY,observational,,Tests whether community/parish effects on fertility clustering; finds minimal spatial clustering (2.5% of variation) at fertility transition onset,,
2,W1896731727,10.1002/psp.1936,"Outworking of the Second Demographic Transition: National Trends and Regional Patterns of Fertility Change in Poland, and England and Wales, 2002-2012",2015,Population Space and Place,RELEVANT,PRIMARY_SPATIAL_DIFFUSION,SPATIAL_MIGRATION,DESCRIPTIVE_RESIDUAL_ONLY,descriptive,,"Regional spatial patterns in SDT show spread from core to periphery; simultaneous decline across regions suggests mechanism beyond economics alone, consistent with spatial diffusion",,
2,W4360587338,10.31389/eco.92,"Peer Effects on a Fertility Decision: An Application for Medellín, Colombia",2015,Economía,RELEVANT,PRIMARY_SOCIAL_EXPOSURE,SOCIAL_NETWORK_PEER,DESCRIPTIVE_RESIDUAL_ONLY,observational,,"Peer effects on fertility decision; social exposure mechanism on adoption, though identification limited to residual patterns",,
2,W2166077313,10.1098/rspb.2015.0398,Social network- and community-level influences on contraceptive use: evidence from rural Poland,2015,Proceedings of the Royal Society B Biological Sciences,RELEVANT,PRIMARY_SOCIAL_EXPOSURE,SOCIAL_NETWORK_PEER,DESCRIPTIVE_RESIDUAL_ONLY,observational,,Multi-level analysis finds peer behavior more influential than individual traits on contraceptive adoption; community-level characteristics also matter; no quasi-experimental design to separate from common shock,,
2,W2132380241,10.1002/ajpa.22512,"A synthetic biosocial model of fertility transition: Testing the relative contribution of embodied capital theory, changing cultural norms, and women's labor force participation",2014,American Journal of Physical Anthropology,RELEVANT,PRIMARY_SOCIAL_EXPOSURE,SOCIAL_NETWORK_PEER,DESCRIPTIVE_RESIDUAL_ONLY,quasi-experimental,,behavior of other women in social network directly predicts own reproduction initiation and total fertility,,
2,W585204351,,An Empirical Investigation of Peer effects on Fertility Preferences,2014,RePEc: Research Papers in Economics,RELEVANT,PRIMARY_SOCIAL_EXPOSURE,SOCIAL_NETWORK_PEER,UNCLEAR,observational,,Neighbourhood and religious peers' fertility significantly affects individual fertility preferences; common-shock identification not addressed,,
2,W108787496,,Essays on Fertility and Fertility Preferences in India,2014,DukeSpace (Duke University),RELEVANT,PRIMARY_SOCIAL_EXPOSURE,SOCIAL_NETWORK_PEER,DESCRIPTIVE_RESIDUAL_ONLY,observational,,community norms strongly constrain young women's contraceptive use to meet spacing/stopping goals net of individual preferences,,
2,W1906527712,10.3917/adh.126.0081,La fécondité en banlieue parisienne dans la seconde moitié du xix e siècle,2014,Annales de Démographie Historique,RELEVANT,PRIMARY_SPATIAL_DIFFUSION,SPATIAL_MIGRATION,DESCRIPTIVE_RESIDUAL_ONLY,historical,,Directly examines diffusion of contraceptive-practice adoption from Paris to suburban communes and from upper to lower social classes; identifies clustering net of economic variables,,
2,W2505241159,10.1017/cbo9781139227193.008,"Social Networks, Social Influence, and Fertility in Germany",2014,Cambridge University Press eBooks,RELEVANT,PRIMARY_SOCIAL_EXPOSURE,SOCIAL_NETWORK_PEER,UNCLEAR,mixed-method,,"Core A.3 estimand: how social interactions with family, friends, and colleagues influence fertility and parenting decisions; explicit focus on social learning and social norms",,
2,W2122488361,10.1186/1742-4755-11-85,Social networks and female reproductive choices in the developing world: a systematized review,2014,Reproductive Health,RELEVANT,PRIMARY_SOCIAL_EXPOSURE,SOCIAL_NETWORK_PEER,DESCRIPTIVE_RESIDUAL_ONLY,review,,Systematized review of social networks and female reproductive choices; identifies social learning and influence as main mechanisms,,
2,W2155708504,10.4054/demres.2014.30.22,Social networks and fertility,2014,Demographic Research,RELEVANT,PRIMARY_SOCIAL_EXPOSURE,SOCIAL_NETWORK_PEER,DESCRIPTIVE_RESIDUAL_ONLY,observational,,Explicit statement that fertility decisions depend on other population members' fertility behavior via social networks,,
2,W2125030106,10.4054/demres.2014.30.5,"Structural and diffusion effects in the Dutch fertility transition, 1870-1940",2014,Demographic Research,RELEVANT,PRIMARY_SPATIAL_DIFFUSION,SPATIAL_MIGRATION,DESCRIPTIVE_RESIDUAL_ONLY,historical,,title explicitly juxtaposes structural vs. diffusion effects on fertility; Princeton tradition,,
2,W1965259770,10.1363/46e1814,Women's Social Communication About IUDs : A Qualitative Analysis,2014,Perspectives on Sexual and Reproductive Health,RELEVANT,PRIMARY_SOCIAL_EXPOSURE,SOCIAL_NETWORK_PEER,DESCRIPTIVE_RESIDUAL_ONLY,qualitative,,social networks spread fertility-control information (IUD knowledge); female friends/family communication affects contraceptive adoption and perceptions,,
2,W2019097177,10.4236/aa.2013.33020,Fertility Patterns and Reproductive Behaviours in the Lutheran and Catholic Populations from Historical Poland,2013,Advances in Anthropology,RELEVANT,PRIMARY_CULTURAL_BOUNDARY_CONTENT,CULTURAL_LINGUISTIC_RELIGIOUS,DESCRIPTIVE_RESIDUAL_ONLY,historical,,Religious denomination (Catholic vs. Lutheran) clustering in fertility and attitudes toward birth control,,
2,W1983240153,10.1016/j.alcr.2013.12.001,Fertility and social interaction at the workplace: Does childbearing spread among colleagues?,2013,Advances in Life Course Research,RELEVANT,PRIMARY_SOCIAL_EXPOSURE,SOCIAL_NETWORK_PEER,NA,other,,Title clearly states estimand: does childbearing spread among colleagues (social contagion); no abstract to verify design,,
2,W79602622,,Friend and peer effects on entry into marriage and parenthood: A multiprocess approach,2013,RePEc: Research Papers in Economics,RELEVANT,PRIMARY_SOCIAL_EXPOSURE,SOCIAL_NETWORK_PEER,DESCRIPTIVE_RESIDUAL_ONLY,quasi-experimental,,peers' and friends' entry into marriage/parenthood raises individual's own probability of entry; social network peer effects on family formation,,
2,W2151100716,10.1016/j.alcr.2013.11.004,Geographical variations in fertility and transition to second and third birth in Britain,2013,Advances in Life Course Research,RELEVANT,PRIMARY_SOCIAL_EXPOSURE,SPATIAL_MIGRATION,DESCRIPTIVE_RESIDUAL_ONLY,quasi-experimental,,"Tests whether local fertility contexts influence birth transitions through social-learning mechanisms; finds local contexts affect first-birth timing via social interaction, consistent with spatial diffusion of fertility norms",,
2,W1869683325,,Secrets and Social Influence,2013,eScholarship (California Digital Library),RELEVANT,PRIMARY_SOCIAL_EXPOSURE,SOCIAL_NETWORK_PEER,DESCRIPTIVE_RESIDUAL_ONLY,observational,,Horizontal diffusion of abortion knowledge and practice through social networks; cohort patterns and selective disclosure; miscarriage comparison controls for observables,,
2,W2223495721,,Sub-national differences in leaving lowest-low fertility in Italy,2013,ePrints Soton (University of Southampton),RELEVANT,PRIMARY_SPATIAL_DIFFUSION,SPATIAL_MIGRATION,DESCRIPTIVE_RESIDUAL_ONLY,descriptive,,Spatial econometric techniques find spatial association in provincial fertility decline; diffusionist interpretation but does not separate diffusion from common regional shocks,,
2,W2011562298,10.1111/j.1728-4465.2013.00344.x,The Influence of Neighbors' Family Size Preference on Progression to High Parity Births in Rural Nepal,2013,Studies in Family Planning,RELEVANT,PRIMARY_SOCIAL_EXPOSURE,SOCIAL_NETWORK_PEER,DESCRIPTIVE_RESIDUAL_ONLY,observational,,Neighbors' family-size preferences influence women's fertility independent of own preferences; peer social exposure to small-family norms predicts fertility behavior.,,
2,W1695943690,,"Community, social group, and individual level correlates of rural Malawian men's and women's reproductive health intentions and practices.",2012,PubMed,RELEVANT,PRIMARY_SOCIAL_EXPOSURE,SOCIAL_NETWORK_PEER,DESCRIPTIVE_RESIDUAL_ONLY,observational,,Social group membership raises contraceptive adoption odds; no explicit shock identification,,
2,W2083723585,10.1080/1081602x.2012.712209,Demographic socialization and reproductive behavior in a transitional context: a macro–micro perspective,2012,The History of the Family,RELEVANT,PRIMARY_LEGITIMATION_SPREAD,CULTURAL_LINGUISTIC_RELIGIOUS,DESCRIPTIVE_RESIDUAL_ONLY,observational,,"Fertility norms internalized in birth province persist post-migration; strong socialization effect for pre-migration marriages, weaker post-migration, suggesting demographic context shapes reproductive behavior.",,
2,W2500386824,,"Family, Friends and Fertility",2012,University of Groningen research database (University of Groningen / Centre for Information Technology),RELEVANT,PRIMARY_SOCIAL_EXPOSURE,SOCIAL_NETWORK_PEER,DESCRIPTIVE_RESIDUAL_ONLY,observational,,"Network-based exposure to family, siblings, friends' behavior and opinions on fertility decisions; Theory of Planned Behavior applied to social-network determinants",,
2,W2045175838,10.1162/jinh_a_00306,Migrants and the Diffusion of Low Marital Fertility in Belgium,2012,The Journal of Interdisciplinary History,RELEVANT,PRIMARY_SPATIAL_DIFFUSION,SPATIAL_MIGRATION,DESCRIPTIVE_RESIDUAL_ONLY,observational,,"Migration carries low-fertility practices/ideas; migrant couples show reduced fertility, shedding light on diffusion via geographic mobility",,
2,W637675151,,The Residential Effect on the Risk of Transition to Parenthood in Sweden,2012,KTH Publication Database DiVA (KTH Royal Institute of Technology),RELEVANT,PRIMARY_SPATIAL_DIFFUSION,SPATIAL_MIGRATION,DESCRIPTIVE_RESIDUAL_ONLY,observational,,Place of childhood residual effects on fertility behavior net of current residence and individual characteristics; suggests spatial diffusion of family-formation norms,,
2,W2592063892,10.3138/jcfs.43.3.389,Transformation of Partnership Formation in Eastern Europe: The Legacy of the Past Demographic Divide,2012,Journal of Comparative Family Studies,RELEVANT,PRIMARY_CULTURAL_BOUNDARY_CONTENT,CULTURAL_LINGUISTIC_RELIGIOUS,DESCRIPTIVE_RESIDUAL_ONLY,observational,,Fertility-transition patterns follow historical cultural/religious boundaries (Hajnal line); spatial continuity of demographic innovation suggests idea spread along cultural lines,,
2,W2052682815,10.1111/j.1728-4465.2011.00270.x,Normative Influence and Desired Family Size among Young People in Rural Egypt,2011,Studies in Family Planning,RELEVANT,PRIMARY_SOCIAL_EXPOSURE,SOCIAL_NETWORK_PEER,DESCRIPTIVE_RESIDUAL_ONLY,observational,,"Normative influence of household/neighborhood on small-family preferences; multilevel model, but correlation structure cannot rule out common shock",,
2,W1976383517,10.11564/25-2-234,"Rural-to-urban migration, kinship networks, andfertility among the Igbo in Nigeria",2011,African Population Studies,RELEVANT,PRIMARY_SOCIAL_EXPOSURE,SOCIAL_NETWORK_PEER,DESCRIPTIVE_RESIDUAL_ONLY,qualitative,,Ethnographic evidence that kinship networks and rural-urban social ties shape fertility behavior; social organization and community ties constitute diffusion channels independent of economic drivers,,
2,W1991791697,10.1371/journal.pone.0022515,Social Transmission and the Spread of Modern Contraception in Rural Ethiopia,2011,PLoS ONE,RELEVANT,PRIMARY_SOCIAL_EXPOSURE,SOCIAL_NETWORK_PEER,DESCRIPTIVE_RESIDUAL_ONLY,observational,,tests whether friendship and spatial networks predict contraceptive adoption net of individual characteristics; identifies social diffusion mechanism but relies on residual logic rather than experimental design,,
2,W2185140513,,The Influence of Individual and Neighbor Attitudes on Progression to Higher Parity Birth,2011,,RELEVANT,PRIMARY_SOCIAL_EXPOSURE,SOCIAL_NETWORK_PEER,DESCRIPTIVE_RESIDUAL_ONLY,observational,,neighbors' attitudes independently influence women's higher-parity fertility decisions,,
2,W1992121249,10.1080/00324728.2011.579148,"The effects of social capital and social pressure on the intention to have a second or third child in France, Germany, and Bulgaria, 2004–05",2011,Population Studies,RELEVANT,PRIMARY_SOCIAL_EXPOSURE,SOCIAL_NETWORK_PEER,DESCRIPTIVE_RESIDUAL_ONLY,observational,,"social capital and peer pressure effects on fertility intentions, controlling for institutional context, but no isolation from common shocks",,
2,W2113560102,10.1007/s13524-011-0023-6,Transition to Parenthood: The Role of Social Interaction and Endogenous Networks,2011,Demography,RELEVANT,PRIMARY_SOCIAL_EXPOSURE,SOCIAL_NETWORK_PEER,DESCRIPTIVE_RESIDUAL_ONLY,structural,,agent-based model where network exposure to prior adopters influences own transition to parenthood and parity,,
2,W2149592061,10.1177/1010539510370780,Contraceptive Use: Socioeconomic Correlates and Method Choices in Rural Bangladesh,2010,Asia Pacific Journal of Public Health,RELEVANT,PRIMARY_SOCIAL_EXPOSURE,SOCIAL_NETWORK_PEER,DESCRIPTIVE_RESIDUAL_ONLY,observational,,"Spousal discussion about family planning is the strongest predictor of contraceptive adoption and method choice, indicating social-exposure effect",,
2,W2042592527,10.1017/s0021932010000490,"DETERMINANTS OF INDUCED ABORTION: AN ANALYSIS OF INDIVIDUAL, HOUSEHOLD AND CONTEXTUAL FACTORS IN RAJASTHAN, INDIA",2010,Journal of Biosocial Science,RELEVANT,PRIMARY_SOCIAL_EXPOSURE,SOCIAL_NETWORK_PEER,DESCRIPTIVE_RESIDUAL_ONLY,observational,,network effect on abortion decision when network members have abortion experience; community knowledge effect on termination; homophily not explicitly separated,,
2,W1969491563,10.1080/00343401003713399,Do Neighbourhoods Have an Influence on Reproductive Intentions? Empirical Evidence from Milan,2010,Regional Studies,RELEVANT,PRIMARY_SPATIAL_DIFFUSION,SPATIAL_MIGRATION,DESCRIPTIVE_RESIDUAL_ONLY,observational,,Neighborhood/contextual effects on reproductive intentions in Milan; spatial variation in fertility preferences independent of individual characteristics,,
2,W2100497519,10.1111/j.1728-4465.2010.00222.x,Effects of Rural–Urban Return Migration on Women's Family Planning and Reproductive Health Attitudes and Behavior in Rural China,2010,Studies in Family Planning,RELEVANT,PRIMARY_SPATIAL_DIFFUSION,SPATIAL_MIGRATION,DESCRIPTIVE_RESIDUAL_ONLY,observational,,Return migrants from cities carry reproductive attitudes; community prevalence of return migrants predicts neighbors' contraceptive knowledge and attitudes,,
2,W2186468258,10.52518/2010.7.1-02dvdatn,Exploring the Relationship Between Interpersonal Communication and Use of Modern Method Family Planning in the Philippines,2010,Plaridel,RELEVANT,PRIMARY_SOCIAL_EXPOSURE,SOCIAL_NETWORK_PEER,UNCLEAR,qualitative,,social network transmission of fertility-control knowledge and legitimacy through family ties,,
2,W2889734796,10.3386/w16135,Fertility in New York State in the Civil War Era,2010,National Bureau of Economic Research,RELEVANT,PRIMARY_SPATIAL_DIFFUSION,SPATIAL_MIGRATION,DESCRIPTIVE_RESIDUAL_ONLY,historical,,New York 1865 census; documents parity-control emergence and spatial pattern (urban decline earlier than rural); descriptive FDT pattern with no identified mechanism separating diffusion from common economic shock,,
2,W2001666071,10.1353/dem.0.0113,Knox meets Cox: Adapting epidemiological space-time statistics to demographic studies,2010,Demography,RELEVANT,PRIMARY_SPATIAL_DIFFUSION,SPATIAL_MIGRATION,DESCRIPTIVE_RESIDUAL_ONLY,methodological,,"Develops space-time methods to map where fertility decline diffusion effects strongest in Brazil 1960–2000, net of covariates.",,
2,W1947260451,10.5565/rev/papers/v95n3.60,La modernización de los comportamientos de fecundidad en España durante el siglo XX. Un estudio a nivel provincial para las generaciones nacidas en la primera mitad del siglo XX,2010,Papers Revista de Sociologia,RELEVANT,PRIMARY_SPATIAL_DIFFUSION,SPATIAL_MIGRATION,DESCRIPTIVE_RESIDUAL_ONLY,historical,,Provincial-level analysis of fertility control progression and territorial coherence of evolution; spatial diffusion of control practices,,
2,W3121766167,,Old Habits Die Hard (Sometimes) Can département heterogeneity tell us something about the French fertility decline??,2010,RePEc: Research Papers in Economics,RELEVANT,PRIMARY_SPATIAL_DIFFUSION,SPATIAL_MIGRATION,DESCRIPTIVE_RESIDUAL_ONLY,quasi-experimental,,"2SLS département analysis of French fertility decline; spatial dependence significant net of economic factors, suggesting diffusion mechanism",,
2,W1549892818,10.4054/mpidr-wp-2009-006,"Fertility-relevant social networks: composition, structure, and meaning of personal relationships for fertility intentions",2009,,RELEVANT,PRIMARY_SOCIAL_EXPOSURE,SOCIAL_NETWORK_PEER,DESCRIPTIVE_RESIDUAL_ONLY,qualitative,,Qualitative study of personal networks and mechanisms of social influence on fertility decision-making; social exposure to network fertility norms,,
2,W2166615904,10.1002/ajhb.20940,Kin influence on the decision to start using modern contraception: A longitudinal study from rural Gambia,2009,American Journal of Human Biology,RELEVANT,PRIMARY_SOCIAL_EXPOSURE,SOCIAL_NETWORK_PEER,DESCRIPTIVE_RESIDUAL_ONLY,observational,,Tests whether kin presence/absence and kin contraceptive status influence fertility-control adoption; finds little evidence but directly examines social-learning mechanism for contraceptive uptake,,
2,W2050216026,10.3989/estgeogr.0462,La fecundidad de las provincias españolas en perspectiva histórica,2009,Estudios Geográficos,RELEVANT,PRIMARY_SPATIAL_DIFFUSION,SPATIAL_MIGRATION,DESCRIPTIVE_RESIDUAL_ONLY,historical,,Princeton-style provincial analysis showing territorial heterogeneity in fertility decline timing across Spanish regions,,
2,W2059414928,10.1177/0011392109342226,Qualifying Social Influence on Fertility Intentions,2009,Current Sociology,RELEVANT,PRIMARY_SOCIAL_EXPOSURE,SOCIAL_NETWORK_PEER,DESCRIPTIVE_RESIDUAL_ONLY,qualitative,,qualitative interviews documenting how social networks and interactions affect couples' fertility intentions and behavior,,
2,W2087586172,10.1007/s10680-009-9203-0,Social Interaction Effects on Fertility: Intentions and Behaviors,2009,European Journal of Population / Revue européenne de Démographie,RELEVANT,PRIMARY_SOCIAL_EXPOSURE,SOCIAL_NETWORK_PEER,NA,mechanism,,Title states social interaction → fertility estimand directly,,
2,W1542625306,10.17863/cam.5605,"Social Interactions, Ethnicity and Fertility in Kenya",2009,RePEc: Research Papers in Economics,RELEVANT,PRIMARY_SOCIAL_EXPOSURE,CULTURAL_LINGUISTIC_RELIGIOUS,DESCRIPTIVE_RESIDUAL_ONLY,structural,,Social interaction effects on fertility across ethnic groups net of individual characteristics; cannot fully separate from common cultural/economic shocks.,,
2,W2096940155,,The End of Lowest-low Fertility in Japan?: Spatial Analyses of the Fertility reversal after 2005,2009,,RELEVANT,PRIMARY_SPATIAL_DIFFUSION,SPATIAL_MIGRATION,DESCRIPTIVE_RESIDUAL_ONLY,observational,,Spatial clustering of fertility increase in Kyushu persists after controlling for structural covariates,,
2,W1514011341,10.4054/mpidr-wp-2009-001,Who is relevant? Exploring fertility relevant social networks,2009,,RELEVANT,PRIMARY_SOCIAL_EXPOSURE,SOCIAL_NETWORK_PEER,DESCRIPTIVE_RESIDUAL_ONLY,qualitative,,qualitative study identifying how social relationships within and beyond core family influence individuals' and couples' fertility intentions and behavior,,
2,W2144636691,10.4054/demres.2008.19.55,Beyond denomination: The relationship between religion and family planning in rural Malawi,2008,Demographic Research,RELEVANT,PRIMARY_SOCIAL_EXPOSURE,CULTURAL_LINGUISTIC_RELIGIOUS,DESCRIPTIVE_RESIDUAL_ONLY,observational,,Congregation-leader attitudes and sexual morality discussion predict contraceptive use net of denomination; religious socialization shapes fertility-control adoption,,
2,W1986910339,10.1002/psp.480,Regional fertility differences in Turkey: persistent high fertility in the southeast,2008,Population Space and Place,RELEVANT,PRIMARY_CULTURAL_BOUNDARY_CONTENT,CULTURAL_LINGUISTIC_RELIGIOUS,DESCRIPTIVE_RESIDUAL_ONLY,observational,,"linguistic/cultural barriers (local languages, traditional norms) prevent entry into social interaction process adopting modern reproductive behavior; geographic clustering by ethnicity",,
2,W1859493624,,Social Interactions and Fertility in Developing Countries,2008,RePEc: Research Papers in Economics,RELEVANT,PRIMARY_SOCIAL_EXPOSURE,SOCIAL_NETWORK_PEER,DESCRIPTIVE_RESIDUAL_ONLY,observational,,Social interactions amplify effects on fertility choices; group exposure multiplies individual effects on fertility decisions,,
2,W1971309813,10.1353/dem.0.0004,"The legacies of context: Past and present influences on contraceptive choice in Nang Rong, Thailand",2008,Demography,RELEVANT,PRIMARY_SOCIAL_EXPOSURE,SOCIAL_NETWORK_PEER,DESCRIPTIVE_RESIDUAL_ONLY,observational,,Community contraceptive prevalence (normative environment) affects individual adoption; peer exposure effect,,
2,W2052103415,10.1353/prv.0.0001,"Towards Smaller Family Size in Egypt, Morocco and Turkey: Overall Change over Time or Socio-economic Compositional Effect?",2008,Population review,RELEVANT,PRIMARY_SPATIAL_DIFFUSION,SPATIAL_MIGRATION,DESCRIPTIVE_RESIDUAL_ONLY,observational,,Overall societal change drives fertility decline beyond socioeconomic composition; residual diffusion of small-family norms across society,,
2,W1497250829,,When Smaller Families Look Contagious: A Spatial Look At The French Fertility Decline Using An Agent-Based Simulation Model,2008,RePEc: Research Papers in Economics,RELEVANT,PRIMARY_SOCIAL_EXPOSURE,SOCIAL_NETWORK_PEER,DESCRIPTIVE_RESIDUAL_ONLY,structural,,Agent-based simulation testing whether social influence on fertility decisions explains observed spatial pattern of French fertility decline,,
2,W1589501264,10.4054/mpidr-wp-2007-036,Contextualising demography: the significance of local clusters of fertility in Scotland,2007,,RELEVANT,PRIMARY_SPATIAL_DIFFUSION,SOCIAL_NETWORK_PEER,DESCRIPTIVE_RESIDUAL_ONLY,observational,,local fertility clusters in Scotland cannot be explained by socioeconomic variables; social interaction processes and residential sorting mentioned as mechanisms,,
2,W2017811894,10.1353/jda.2007.0014,"Economics, Geography, Family Planning and Rapidity of Change in the Demographic Transition: the Case of the Egyptian Muhafazas 1960-1996",2007,The Journal of developing areas,RELEVANT,PRIMARY_SPATIAL_DIFFUSION,SPATIAL_MIGRATION,DESCRIPTIVE_RESIDUAL_ONLY,observational,,"North-south fertility gradient persists after controlling for development, economics, and migration; wanes over time, suggesting spatial spread",,
2,W1981889428,10.1080/14616690701314101,LEARNING FROM OTHERS AND RECEIVING SUPPORT: THE IMPACT OF PERSONAL NETWORKS ON FERTILITY INTENTIONS IN POLAND,2007,European Societies,RELEVANT,PRIMARY_SOCIAL_EXPOSURE,SOCIAL_NETWORK_PEER,DESCRIPTIVE_RESIDUAL_ONLY,observational,,Network partners at similar reproductive stage directly influence intentions for first/second child,,
2,W1506486382,,Lessons from Empirical Network Analyses on Matters of Life and Death in East Africa,2007,eScholarship (California Digital Library),RELEVANT,PRIMARY_SOCIAL_EXPOSURE,SOCIAL_NETWORK_PEER,DESCRIPTIVE_RESIDUAL_ONLY,observational,,Quantitative and qualitative evidence that informal social networks and peer interactions affect fertility reduction and behavior adoption; networks may diffuse new reproductive options independent of economic context,,
2,W2128201808,10.1177/2345678906292238,Social Influences on Fertility,2007,Journal of Mixed Methods Research,RELEVANT,PRIMARY_SOCIAL_EXPOSURE,SOCIAL_NETWORK_PEER,DESCRIPTIVE_RESIDUAL_ONLY,observational,,social networks and personal relationships influence fertility and family formation behavior,,
2,W2284318054,10.12759/hsr.32.2007.2.42-67,"The Decline of Illegitimacy and the Control of Marital Fertility During the Demographic Transition. Testing the Innovation-diffusion Hypothesis Using Cohort Fertility Data from a Belgian Town, 1850-1910",2007,Social Science Open Access Repository (GESIS – Leibniz Institute for the Social Sciences),RELEVANT,PRIMARY_SOCIAL_EXPOSURE,LEGITIMATION_KNOWLEDGE,DESCRIPTIVE_RESIDUAL_ONLY,quasi-experimental,,Tests innovation-diffusion hypothesis by comparing fertility-control adoption (stopping) in couples with and without premarital births; parallel decline of illegitimacy and marital fertility suggests diffusion of contraceptive innovation,,
2,W2167817151,10.1002/psp.413,Diversity in fertility patterns in Guatemala,2006,Population Space and Place,RELEVANT,PRIMARY_CULTURAL_BOUNDARY_CONTENT,CULTURAL_LINGUISTIC_RELIGIOUS,DESCRIPTIVE_RESIDUAL_ONLY,observational,,ethnic diversity and indigenous proportion as independent correlates of fertility decline; cultural boundaries constraining/enabling spread of reproductive ideas,,
2,W2108976036,10.1177/000312240607100206,"Infant Mortality, Social Networks, and Subsequent Fertility",2006,American Sociological Review,RELEVANT,PRIMARY_SOCIAL_EXPOSURE,SOCIAL_NETWORK_PEER,DESCRIPTIVE_RESIDUAL_ONLY,observational,,Social network mortality experience shapes women's fertility decisions through social learning,,
2,W2336261232,10.4000/bmsap.1843,"La pratique contraceptive dans la Wilaya de Marrakech (Maroc): niveau, but, évolution et relation avec la fécondité",2006,Bulletins et Mémoires de la Société d anthropologie de Paris,RELEVANT,PRIMARY_SPATIAL_DIFFUSION,SPATIAL_MIGRATION,DESCRIPTIVE_RESIDUAL_ONLY,descriptive,,Documents spatial diffusion of contraception use from urban center (1965) to rural areas (1975) with accelerating adoption pace; urban-rural contrast,,
2,W2094489490,10.1017/s0021932006001416,PERIOD AND COHORT DYNAMICS IN FERTILITY NORMS AT THE ONSET OF THE DEMOGRAPHIC TRANSITION IN KENYA 1978–1998,2006,Journal of Biosocial Science,RELEVANT,PRIMARY_LEGITIMATION_SPREAD,LEGITIMATION_KNOWLEDGE,DESCRIPTIVE_RESIDUAL_ONLY,descriptive,,"Period and cohort effects in fertility norms in Kenya over transition; documents diffusion of acceptability of limitation across cohorts and time, though identification is residual (development does not explain norm spread)",,
2,W1484619025,10.1201/9781420005837-16,The Uptake of Modern Contraception in a Gambian Community: The Diffusion of an Innovation over 25 Years,2006,,RELEVANT,PRIMARY_SOCIAL_EXPOSURE,SOCIAL_NETWORK_PEER,DESCRIPTIVE_RESIDUAL_ONLY,observational,,"Village and social-tie patterns dominate year effects on contraceptive uptake; villages with strong ties diffuse slower, suggesting social-network mediation of adoption independent of common shocks",,
2,W2760225427,10.31390/gradschool_theses.717,Voluntary childlessness in the United States: recent trends by cohort and period,2006,,RELEVANT,PRIMARY_SOCIAL_EXPOSURE,SOCIAL_NETWORK_PEER,DESCRIPTIVE_RESIDUAL_ONLY,observational,,"Documents diffusion of voluntary childlessness norm across cohorts, education, and religiosity; explicitly identifies diffusion as mechanism",,
2,W2023872920,10.1007/bf03031866,Womens education and diffusion of the fertility transition: The case of Egypt 1960–1996 in 4905 administrative subdivisions,2006,Journal of Population Research,RELEVANT,PRIMARY_SPATIAL_DIFFUSION,SPATIAL_MIGRATION,DESCRIPTIVE_RESIDUAL_ONLY,observational,,Title explicitly states 'diffusion of fertility transition' with spatial analysis; Egypt subnational study,,
2,W1532859281,10.26686/wgtn.16934737.v1,"Family Planning Decision-Making at Grass Roots Level: Case Studies in West Java, Indonesia",2005,,RELEVANT,PRIMARY_LEGITIMATION_SPREAD,LEGITIMATION_KNOWLEDGE,DESCRIPTIVE_RESIDUAL_ONLY,qualitative,,Small-family philosophy permeates village; shapes fertility control decisions through information access and legitimacy.,,
2,W2007130504,10.1177/0020715205059204,Is the Pace of Social Change Accelerating?,2005,International Journal of Comparative Sociology,RELEVANT,PRIMARY_LEGITIMATION_SPREAD,SOCIAL_NETWORK_PEER,DESCRIPTIVE_RESIDUAL_ONLY,observational,,Social integration through common languages facilitated transmission of new fertility-control norms; acceleration explained by both social diffusion and elite-initiated programs,,
2,W3125931361,10.4054/mpidr-wp-2005-017,Learning from others and receiving support: the impact of personal networks on fertility intentions in Poland,2005,,RELEVANT,PRIMARY_SOCIAL_EXPOSURE,SOCIAL_NETWORK_PEER,DESCRIPTIVE_RESIDUAL_ONLY,observational,,Personal networks with adopters / similar reproductive stage increases intention to have next child,,
2,W2000998703,10.1111/j.1728-4465.2005.00070.x,Migration and the Diffusion of Modern Contraceptive Knowledge and Use in Rural Guatemala,2005,Studies in Family Planning,RELEVANT,PRIMARY_SOCIAL_EXPOSURE,SOCIAL_NETWORK_PEER,DESCRIPTIVE_RESIDUAL_ONLY,observational,,migration-created social ties to urban/international migrants carry contraceptive knowledge and increase adoption; diffusion effect controls for individual/community characteristics,,
2,W2047459539,10.1080/10810730500228789,The Selection of Family Planning Discussion Partners in Nepal,2005,Journal of Health Communication,RELEVANT,PRIMARY_SOCIAL_EXPOSURE,SOCIAL_NETWORK_PEER,DESCRIPTIVE_RESIDUAL_ONLY,observational,,Women strategically select contraceptive users as discussion partners to confirm beliefs; network formation around fertility control,,
2,W2085495235,10.1353/dem.2005.0035,The influence of network mortality experience on nonnumeric response concerning expected family size: Evidence from a Nepalese mountain village,2005,Demography,RELEVANT,PRIMARY_SOCIAL_EXPOSURE,SOCIAL_NETWORK_PEER,DESCRIPTIVE_RESIDUAL_ONLY,observational,,Network members' mortality experience (via social learning) influences women's family size expectations in a Nepalese village,,
2,W2403791704,10.1515/zfsoz-2004-0101,Der Einfluss starker Beziehungen auf die Nutzung moderner Kontrazeptiva in Kenia / The Influence of Strong Ties on the Use of Modern Contraceptives in Kenya,2004,Zeitschrift für Soziologie,RELEVANT,PRIMARY_SOCIAL_EXPOSURE,SOCIAL_NETWORK_PEER,DESCRIPTIVE_RESIDUAL_ONLY,observational,,Strong ties to contraceptive users predict own adoption; informal communication in social networks drives diffusion net of method access,,
2,W2051992571,10.1023/b:eujp.0000014572.66520.0d,Diffusion Effects in the European Fertility Transition: Historical Evidence from Within a Belgian Town (1846–1910),2004,European Journal of Population / Revue européenne de Démographie,RELEVANT,PRIMARY_SOCIAL_EXPOSURE,SOCIAL_NETWORK_PEER,NA,historical,,title states estimand verbatim: Diffusion Effects in fertility transition studied within a Belgian town; no design named in title,,
2,W2088257963,10.1111/j.0039-3665.2004.00031.x,How Family Planning Ideas Are Spread Within Social Groups in Rural Malawi,2004,Studies in Family Planning,RELEVANT,PRIMARY_SOCIAL_EXPOSURE,SOCIAL_NETWORK_PEER,DESCRIPTIVE_RESIDUAL_ONLY,qualitative,,In-depth study of how family planning ideas and methods spread through social groups; documents gossip and informal conversation as diffusion channels for FP knowledge,,
2,W4230799578,10.3917/popu.303.0309,"La fécondité des Palestiniennes à Gaza, en Cisjordanie, en Jordanie et au Liban",2003,Population,RELEVANT,PRIMARY_SPATIAL_DIFFUSION,SPATIAL_MIGRATION,DESCRIPTIVE_RESIDUAL_ONLY,descriptive,,"Descriptive analysis of Palestinian fertility variation across Gaza, West Bank, Jordan, Lebanon; documents spatial variation and changing role of refugee status over time; no identified mechanism",,
2,W1508188991,,Social Interaction and Contraceptive Change in Northern Ghana,2003,Bioline International (Bioline International),RELEVANT,PRIMARY_SOCIAL_EXPOSURE,SOCIAL_NETWORK_PEER,DESCRIPTIVE_RESIDUAL_ONLY,observational,,Panel data shows family planning discussion partners' contraceptive use/status predicts individual adoption 3 years later; social contagion effect.,,
2,W1550869509,,"Socio-economic characteristics, completed fertility, and the transition from low to high order parities in Mexico",2003,RePEc: Research Papers in Economics,RELEVANT,PRIMARY_CULTURAL_BOUNDARY_CONTENT,CULTURAL_LINGUISTIC_RELIGIOUS,DESCRIPTIVE_RESIDUAL_ONLY,observational,,"Studies role of religion and ethnicity in adoption and diffusion of low-fertility norms in Mexico; finds diffusion occurs across ethnic but not religious lines, showing cultural boundary clustering",,
2,W2064650628,10.1363/ifpp.29.058.03,Women's networks and the social world of fertility behavior.,2003,PubMed,RELEVANT,PRIMARY_SOCIAL_EXPOSURE,SOCIAL_NETWORK_PEER,DESCRIPTIVE_RESIDUAL_ONLY,observational,,"Social network attributes predict fertility and contraceptive adoption; network composition (kin, external members) directly influences fertility control adoption",,
2,W245034627,10.1023/a:1021125800070,"From the First to the Second Demographic Transition: An Interpretation of the Spatial Continuity of Demographic Innovation in France, Belgium and Switzerland",2002,European Journal of Population / Revue européenne de Démographie,RELEVANT,PRIMARY_SPATIAL_DIFFUSION,SPATIAL_MIGRATION,DESCRIPTIVE_RESIDUAL_ONLY,historical,,"title states spatial continuity of demographic innovation across transitions in France, Belgium, Switzerland; geographic diffusion pattern persistence",,
2,W2069809762,10.1080/10810730290001774,Indirect Exposure to a Family Planning Mass Media Campaign in Nepal,2002,Journal of Health Communication,RELEVANT,PRIMARY_SOCIAL_EXPOSURE,SOCIAL_NETWORK_PEER,DESCRIPTIVE_RESIDUAL_ONLY,observational,,"indirect social exposure to mass media messages more strongly predicts contraceptive adoption than direct exposure, isolating social network effect",,
2,W2083045112,10.1177/08912430222104903,Men's Talk About “Women's Matters”,2002,Gender & Society,RELEVANT,PRIMARY_SOCIAL_EXPOSURE,SOCIAL_NETWORK_PEER,DESCRIPTIVE_RESIDUAL_ONLY,qualitative,,informal peer communication about family planning shapes men's reproductive attitudes; gender ideology shapes peer information transmission,,
2,W1484874190,10.31899/pgy6.1070,Social organization and reproductive behavior in southern Ghana,2002,,RELEVANT,PRIMARY_SOCIAL_EXPOSURE,SOCIAL_NETWORK_PEER,DESCRIPTIVE_RESIDUAL_ONLY,mixed,,Explicitly examines effects of social organization on diffusion of innovative reproductive ideas and behaviors; finds weak direct association but documents role of informal social interaction patterns in fertility change,,
2,W2024993879,10.1353/dem.2002.0014,Spatial variation in contraceptive use in Bangladesh: Looking Beyond the borders,2002,Demography,RELEVANT,PRIMARY_SPATIAL_DIFFUSION,CULTURAL_LINGUISTIC_RELIGIOUS,DESCRIPTIVE_RESIDUAL_ONLY,observational,,Spatial patterns and cross-border linguistic/cultural diffusion of contraceptive adoption; contagion bands suggest diffusion but controls do not isolate from common shock,,
2,W2141955160,10.1353/sof.2002.0030,The Short- and Long-Term Effects of U.S. Migration Experience on Mexican Women's Fertility,2002,Social Forces,RELEVANT,PRIMARY_SPATIAL_DIFFUSION,SPATIAL_MIGRATION,UNCLEAR,observational,,Migration as mechanism carrying lower-fertility norms; tests diffusion effects via U.S. experience,,
2,W2064581138,10.1111/j.1728-4465.2001.00025.x,Is Fertility Declining in Benin?,2001,Studies in Family Planning,RELEVANT,PRIMARY_SPATIAL_DIFFUSION,SPATIAL_MIGRATION,DESCRIPTIVE_RESIDUAL_ONLY,observational,,"Explicitly documents fertility transition through spatial diffusion pattern: 'changes in reproductive preferences and practice suggest a diffusion process, from urban and more educated women to rural and less-educated ones'",,
2,W1977169376,10.2307/2673799,"Kinship Networks and Contraceptive Choice in Nang Rong, Thailand",2001,International Family Planning Perspectives,RELEVANT,PRIMARY_SOCIAL_EXPOSURE,SOCIAL_NETWORK_PEER,DESCRIPTIVE_RESIDUAL_ONLY,observational,,Extended kinship networks affect modern contraceptive adoption; household and village-level tie effects on contraceptive use,,
2,W2000205321,10.1080/00324720127691,"Religion, social milieu, and the contraceptive revolution",2001,Population Studies,RELEVANT,PRIMARY_LEGITIMATION_SPREAD,CULTURAL_LINGUISTIC_RELIGIOUS,DESCRIPTIVE_RESIDUAL_ONLY,observational,,Shows religious congregation diversity and inclusiveness facilitate spread and legitimization of contraceptive use; identifies socioculturally diverse religious milieus as enabling legitimation diffusion,,
2,W1552777139,,The importance of education for fertility in Sub-Saharan Africa is substantially underestimated when community effects are ignored,2001,NORA - Norwegian Open Research Archives,RELEVANT,PRIMARY_SOCIAL_EXPOSURE,SOCIAL_NETWORK_PEER,DESCRIPTIVE_RESIDUAL_ONLY,observational,,Community education effect on fertility net of individual education and urbanization; neighborhood-level peer effects in Sub-Saharan Africa reducing fertility,,
2,W2323132355,10.3112/erdkunde.2000.03.05,Approaches explaining regional differences in fertility decline in India,2000,Erdkunde,RELEVANT,PRIMARY_SPATIAL_DIFFUSION,SPATIAL_MIGRATION,DESCRIPTIVE_RESIDUAL_ONLY,observational,,"Spatial patterns document diffusion from cities to rural areas, hierarchically, and geographically; networks steer socioeconomic change",,
2,W2079466008,10.1111/j.1728-4457.2000.00761.x,"Conditioning Factors for Fertility Decline in Bengal: History, Language Identity, and Openness to Innovations",2000,Population and Development Review,RELEVANT,PRIMARY_CULTURAL_BOUNDARY_CONTENT,CULTURAL_LINGUISTIC_RELIGIOUS,DESCRIPTIVE_RESIDUAL_ONLY,historical,,Colonial history and Bengali language identity facilitated diffusion of modern/fertility-control ideas within and between Bengali regions,,
2,W2110836239,10.1016/s0277-9536(99)00276-2,"Social networks, ideation, and contraceptive behavior in Bangladesh: a longitudinal analysis",2000,Social Science & Medicine,RELEVANT,PRIMARY_SOCIAL_EXPOSURE,SOCIAL_NETWORK_PEER,DESCRIPTIVE_RESIDUAL_ONLY,quasi-experimental,,Social network field-worker approach (organizing group discussions at opinion leaders' homes) increases contraceptive adoption 5-fold; ideation variables mediate peer influence,,
2,W2741898846,10.31899/pgy6.1043,"Some preconditions for fertility decline in Bengal: History, language identity, and an openness to innovations",2000,,RELEVANT,PRIMARY_CULTURAL_BOUNDARY_CONTENT,CULTURAL_LINGUISTIC_RELIGIOUS,DESCRIPTIVE_RESIDUAL_ONLY,historical,,Argues Bengali language identity facilitated diffusion of modern ideas (including fertility control) across Bengal region independent of economic conditions; identifies shared language as cultural boundary enabling ideational spread,,
2,W2010188480,10.1068/a3286,"Spatial Variability in Fertility in Menoufia, Egypt, Assessed through the Application of Remote-Sensing and GIS Technologies",2000,Environment and Planning A Economy and Space,RELEVANT,PRIMARY_SPATIAL_DIFFUSION,SPATIAL_MIGRATION,DESCRIPTIVE_RESIDUAL_ONLY,observational,,Spatial clustering of fertility after controlling for development factors; residual interpreted as diffusion but not causally isolated,,
2,W2080512131,10.2307/2991959,"The Relationship of Social Affiliation and Interpersonal Discussion to Family Planning Knowledge, Attitudes and Practice",1999,International Family Planning Perspectives,RELEVANT,PRIMARY_SOCIAL_EXPOSURE,SOCIAL_NETWORK_PEER,DESCRIPTIVE_RESIDUAL_ONLY,observational,,Club membership and interpersonal discussion mediate diffusion of family planning knowledge and contraceptive adoption; social clubs facilitate network-based diffusion,,
2,W2337896076,10.3917/popu.p1998.10n1.0204,Evidence for a spatial diffusion of contraception at the onset of the fertility transition in victorian Britain,1998,Population,RELEVANT,PRIMARY_CULTURAL_BOUNDARY_CONTENT,CULTURAL_LINGUISTIC_RELIGIOUS,DESCRIPTIVE_RESIDUAL_ONLY,historical,,debates diffusion vs. adaptation hypothesis; argues spatial/cultural clustering in FDT onset suggests idea spread along linguistic/cultural lines,,
2,W2056224674,10.1111/j.1541-0064.1998.tb01563.x,GEOGRAPHICAL PATTERNS OF FERTILITY DECLINE IN GUANGDONG: CHINA'S POPULATION POLICY THROUGH THE CENSUSES OF 1982 AND 1990,1998,Canadian Geographies / Géographies canadiennes,RELEVANT,PRIMARY_SPATIAL_DIFFUSION,SPATIAL_MIGRATION,DESCRIPTIVE_RESIDUAL_ONLY,descriptive,,regional spatial clustering of fertility decline independent of uniform policy application,,
2,W1989183130,10.1111/j.0435-3684.1998.00040.x,Patterns of fertility change in ghana: a time and space perspective,1998,Geografiska Annaler Series B Human Geography,RELEVANT,PRIMARY_SPATIAL_DIFFUSION,SPATIAL_MIGRATION,DESCRIPTIVE_RESIDUAL_ONLY,observational,,Spatial and temporal variation in fertility declines across multiple settlements; cohort differences and area clustering suggest diffusion of fertility limitation but without isolating from common shocks,,
2,W2115861803,,Regional heterogeneity and fertility behaviour in India,1998,RePEc: Research Papers in Economics,RELEVANT,PRIMARY_SPATIAL_DIFFUSION,SPATIAL_MIGRATION,DESCRIPTIVE_RESIDUAL_ONLY,observational,,"Spatial/cultural clustering of fertility decline suggests diffusion of small-family norm along regional and cultural lines, independent of economic development",,
2,W2082314900,10.2307/2137716,"Women, Work, and Children: Behavioral and Attitudinal Change in the United States",1996,Population and Development Review,RELEVANT,PRIMARY_LEGITIMATION_SPREAD,LEGITIMATION_KNOWLEDGE,DESCRIPTIVE_RESIDUAL_ONLY,observational,,Norm weakening around maternal homemaking diffused with behavioral change; norm shift preceded and stabilized fertility,,
2,W2166377928,10.1177/089124395009004005,WOMEN'S GOSSIP AND SOCIAL CHANGE,1995,Gender & Society,RELEVANT,PRIMARY_SOCIAL_EXPOSURE,SOCIAL_NETWORK_PEER,DESCRIPTIVE_RESIDUAL_ONLY,observational,,Women's informal conversation (gossip) in networks carries information about fertility control and limiting births; network composition explains group differences in adoption timing,,
2,W2008821319,10.2307/2061795,The Persistence of High Fertility in the American South on the Eve of the Baby Boom,1994,Demography,RELEVANT,PRIMARY_SPATIAL_DIFFUSION,SPATIAL_MIGRATION,DESCRIPTIVE_RESIDUAL_ONLY,observational,,"County-level analysis comparing structural, diffusion-innovation, and health models; diffusion-innovation receives empirical support as explanatory framework",,
2,W2023283417,10.1080/0032472031000147246,The Diffusion of Fertility Control in Taiwan: Evidence from Pooled Cross-Section Time-Series Models,1993,Population Studies,RELEVANT,PRIMARY_SOCIAL_EXPOSURE,SPATIAL_MIGRATION,DESCRIPTIVE_RESIDUAL_ONLY,quasi-experimental,,Taiwan fertility transition shows evidence of interpersonal diffusion through within-area autoregressive effects; models distinguish temporal and spatial components,,
2,W2052642508,10.2307/2061848,"Fertility transition, conscious choice, and numeracy",1992,Demography,RELEVANT,PRIMARY_LEGITIMATION_SPREAD,LEGITIMATION_KNOWLEDGE,DESCRIPTIVE_RESIDUAL_ONLY,historical,,Argues numeracy and conscious-choice awareness of family size were necessary ideational preconditions for fertility transition; claims such mentality spread historically across times and places.,,
2,W2136974190,10.5860/choice.28-5961,"From provinces into nations: demographic integration in Western Europe, 1870-1960",1991,Choice Reviews Online,RELEVANT,PRIMARY_SPATIAL_DIFFUSION,SPATIAL_MIGRATION,DESCRIPTIVE_RESIDUAL_ONLY,historical,,"Describes shift from provincial to national demographic homogeneity (1870–1960), interpreting convergence as evidence of communities' influence on demographic behavior; classic descriptive analysis of spatial diffusion pattern but identifies association rather than isolation from common shocks",,
2,W1988907119,10.2307/1971590,"From Local to National Communities: The Transformation of Demographic Regimes in Western Europe, 1870-1960",1990,Population and Development Review,RELEVANT,PRIMARY_SOCIAL_EXPOSURE,SOCIAL_NETWORK_PEER,DESCRIPTIVE_RESIDUAL_ONLY,historical,,"Proposes social others (kin, friends, neighbors) as drivers of demographic change; shift in relevant community from local to national shown via demographic and linguistic patterns.",,
2,W2333733356,10.2307/1972532,The Emerging Demographic Transitions of Southeast Asia,1990,Population and Development Review,RELEVANT,PRIMARY_SPATIAL_DIFFUSION,SPATIAL_MIGRATION,DESCRIPTIVE_RESIDUAL_ONLY,descriptive,,Describes geographical spread of fertility transition across social groups and areas but mechanism not identified,,
2,W1970655532,10.2307/1973580,Thailand's Reproductive Revolution: Rapid Fertility Decline in a Third-World Setting.,1988,Population and Development Review,RELEVANT,PRIMARY_SPATIAL_DIFFUSION,SPATIAL_MIGRATION,DESCRIPTIVE_RESIDUAL_ONLY,descriptive,,explicitly examines channels through which fertility reduction spreads through Thai society across regions and time,,
2,W2076364701,10.1177/036319908701200105,"""Early"" Fertility Decline in America: a Problem in Family History",1987,Journal of Family History,RELEVANT,PRIMARY_CULTURAL_BOUNDARY_CONTENT,CULTURAL_LINGUISTIC_RELIGIOUS,DESCRIPTIVE_RESIDUAL_ONLY,historical,,"family-limitation motives and techniques transmitted through religious, ethnic, and economic group boundaries in antebellum America",,
2,W2062093847,10.2307/1972119,The Emergence of a Two-Child Norm among American Birth-Controllers,1987,Population and Development Review,RELEVANT,PRIMARY_LEGITIMATION_SPREAD,SOCIAL_NETWORK_PEER,DESCRIPTIVE_RESIDUAL_ONLY,historical,,Traces widespread acceptance and adoption of 2–3-child norm among urbanites; shows rapid translation into practice. Legitimation of small-family fertility control spreads across cohorts.,,
2,W2001473507,10.1080/19485565.1984.9988569,Adoption of fertility limitation in an American frontier population: An analysis and simulation of socio‐religious subgroups,1984,Biodemography and Social Biology,RELEVANT,PRIMARY_CULTURAL_BOUNDARY_CONTENT,CULTURAL_LINGUISTIC_RELIGIOUS,DESCRIPTIVE_RESIDUAL_ONLY,observational,,Analyzes adoption of fertility limitation across religious/urban subcohorts in 19th-century US frontier; examines diffusion pathways within and across religious communities,,
2,W2091049066,10.1080/03585522.1983.10408010,Are children poor men's riches?,1983,Scandinavian Economic History Review,RELEVANT,PRIMARY_SOCIAL_EXPOSURE,SOCIAL_NETWORK_PEER,DESCRIPTIVE_RESIDUAL_ONLY,historical,,fertility control 'percolated down through social layers' from upper to lower classes in Norway,,
2,W1985163593,10.1080/00324728.1977.10412759,The Malthusian League and the resistance to birth control propaganda in late Victorian Britain,1977,Population Studies,RELEVANT,PRIMARY_LEGITIMATION_SPREAD,CULTURAL_LINGUISTIC_RELIGIOUS,DESCRIPTIVE_RESIDUAL_ONLY,historical,,Historical study of Malthusian League's dissemination of birth control propaganda and the spread of legitimation across social groups despite opposition; directly addresses diffusion of fertility control idea and acceptability,,
2,W2015609658,10.2307/1964787,A Mathematical Model for Determining Effectiveness of Family Planning Clinics,1974,Studies in Family Planning,RELEVANT,PRIMARY_SOCIAL_EXPOSURE,SOCIAL_NETWORK_PEER,DESCRIPTIVE_RESIDUAL_ONLY,observational,,interaction/word-of-mouth spreads adoption faster than mass media; friends/relatives as adoption channel,,
3,W2112082685,10.1146/annurev-economics-080614-115322,The Evolution of Social Norms,2015,Annual Review of Economics,RELEVANT,DIFFUSION_THEORY,NA,NA,theory,yes,Stochastic game-theoretic model of social-norm evolution with contraceptive use as explicit example; formal diffusion theory,,
3,W1907240281,10.1111/j.1468-0289.2012.00666.x,"Marital fertility and wealth during the fertility transition: rural F rance, 1750–1850",2012,The Economic History Review,RELEVANT,PRINCETON_CANON,SPATIAL_MIGRATION,DESCRIPTIVE_RESIDUAL_ONLY,historical,yes,Foundational historical demographic work linking French fertility transition to economic inequality; spatial/temporal variation in France,,
3,W2107846072,10.1257/jel.49.3.589,The Historical Fertility Transition: A Guide for Economists,2011,Journal of Economic Literature,RELEVANT,DIFFUSION_THEORY,NA,NA,review,yes,Review of historical fertility-transition literature and open questions; likely covers diffusion and social mechanisms among other theories,,
3,W1997478529,10.1207/s15327957pspr0904_5,Why Are Modern Families Small? Toward an Evolutionary and Cultural Explanation for the Demographic Transition,2005,Personality and Social Psychology Review,RELEVANT,DIFFUSION_THEORY,SOCIAL_NETWORK_PEER,NA,theory,yes,proposes formal model: widening social networks + shift from kin to non-kin communication → endogenous spread of small-family norms,,
3,W2032273470,10.1017/s0145553200012232,"Another Look at Coale’s Indices of Fertility, If and Ig",2001,Social Science History,RELEVANT,PRINCETON_CANON,NA,NA,review,yes,Foundational European Fertility Project indices and measurement methods,,
3,W2073112486,10.1093/0199244596.001.0001,Fertility and Social Interaction,2001,,RELEVANT,DIFFUSION_THEORY,SOCIAL_NETWORK_PEER,NA,theory,yes,Formal integration of social-interaction and economic fertility models; embeds reproduction in local environment with interpersonal information flows and social externalities,,
3,W2051573282,10.4054/demres.2000.3.7,"Empirical assessments of social networks, fertility and family planning programs: nonlinearities and their implications.",2000,PubMed,RELEVANT,DIFFUSION_THEORY,SOCIAL_NETWORK_PEER,SEPARATES_FROM_COMMON_SHOCK,structural,yes,Formal analysis of social interaction effects on contraceptive diffusion in nonlinear models; demonstrates multiplier effects and multiple equilibria,,
3,W4398206315,10.1093/oxfordhb/9780198869252.013.57,Fertility Transition,2024,Oxford University Press eBooks,RELEVANT,DIFFUSION_THEORY,NA,NA,theory,,"theoretical chapter on fertility transitions across approaches, including cultural evolutionary theory of fertility change",,
3,W3084976390,10.1093/oso/9780198892908.003.0020,The Speed of Innovation Diffusion in Social Networks,2024,,RELEVANT,DIFFUSION_THEORY,SOCIAL_NETWORK_PEER,NA,theory,,"Formal mathematical models of innovation diffusion in social networks; theoretical contribution to diffusion canon, no own fertility estimate.",,
3,W2194392113,10.1016/j.tpb.2023.06.001,Cultural niche construction with application to fertility control: A model for education and social transmission of contraceptive use,2023,Theoretical Population Biology,RELEVANT,DIFFUSION_THEORY,SOCIAL_NETWORK_PEER,NA,theory,,formal cultural niche construction model of vertical and horizontal transmission of contraceptive adoption,,
3,W4292484728,10.1017/s1365100521000572,"A note on contraception, social norms, and growth",2022,Macroeconomic Dynamics,RELEVANT,DIFFUSION_THEORY,SOCIAL_NETWORK_PEER,NA,theory,,Formal theoretical model of social-norm influence on household fertility decisions; social influence mechanism on reproductive behavior,,
3,W3128707657,10.1017/ehs.2021.8,Cultural change beyond adoption dynamics: Evolutionary approaches to the discontinuation of contraception,2021,Evolutionary Human Sciences,RELEVANT,DIFFUSION_THEORY,NA,NA,theory,,evolutionary and cultural-evolution approaches to fertility regulation; theoretical framework for understanding how contraceptive strategies spread and change culturally,,
3,W3163737599,10.1017/dem.2021.10,Dead men tell no tales: the role of cultural transmission in demographic change,2021,Journal of Demographic Economics,RELEVANT,DIFFUSION_THEORY,CULTURAL_LINGUISTIC_RELIGIOUS,DESCRIPTIVE_RESIDUAL_ONLY,mechanism,,Cultural transmission of low-fertility preferences through social visibility of notable individuals; fewer children associated with higher social visibility in communities,,
3,W3028510614,10.46298/arima.6713,Ein mathematisches Modell für einen partiellen demographischen Übergang,2021,Revue Africaine de la Recherche en Informatique et Mathématiques Appliquées,RELEVANT,DIFFUSION_THEORY,SOCIAL_NETWORK_PEER,NA,theory,,Formal differential-equation model of demographic transition where low fertility spreads through mimicry (social learning); mathematical diffusion mechanism with two fertility levels,,
3,W3008609788,10.1177/1090198120901497,Diffusion/Contagion Processes on Social Networks,2020,Health Education & Behavior,RELEVANT,DIFFUSION_THEORY,NA,NA,theory,,"Formal contagion/diffusion model on seeding strategies, network structure, and threshold distributions; foundational theory for social-learning mechanisms",,
3,W3048470170,10.1007/978-3-030-48519-1_4,Social Contagion Effects in Fertility: Theory and Analytical Strategy,2020,The Springer series on demographic methods and population analysis,RELEVANT,DIFFUSION_THEORY,SOCIAL_NETWORK_PEER,NA,theory,,Title states estimand verbatim: 'Social Contagion Effects in Fertility'; theory and analytical strategy for A.3 mechanism,,
3,W3011863518,10.1073/pnas.1909857117,Social dimensions of fertility behavior and consumption patterns in the Anthropocene,2020,Proceedings of the National Academy of Sciences,RELEVANT,DIFFUSION_THEORY,SOCIAL_NETWORK_PEER,NA,theory,,"Conceptual argument that fertility decisions are socially embedded and that bottom-up social mechanisms affect adoption; formal treatment of social influence on fertility behavior, not empirical diffusion estimate",,
3,W2782963902,10.1111/joes.12256,CREDIBLY IDENTIFYING SOCIAL EFFECTS: ACCOUNTING FOR NETWORK FORMATION AND MEASUREMENT ERROR,2018,Journal of Economic Surveys,RELEVANT,DIFFUSION_THEORY,SOCIAL_NETWORK_PEER,NA,theory,,Foundational methodological review of identifying social effects with endogenous networks and measurement error; core to A.3 identification challenges.,,
3,W3033464632,10.4000/books.irdeditions.31732,Chapitre 19. Analyse des réseaux sociaux : l’apport des systèmes de suivi démographique,2018,IRD Éditions eBooks,RELEVANT,DIFFUSION_THEORY,NA,NA,theory,,Social network analysis and contagion models applied to diffusion of beliefs and behaviors; formal diffusion theory; abstract truncated,,
3,W4242620474,10.1057/978-1-349-95189-5_2768,Social Learning,2018,The New Palgrave Dictionary of Economics,RELEVANT,DIFFUSION_THEORY,SOCIAL_NETWORK_PEER,NA,theory,,Formal social learning theory explaining gradual technology diffusion including fertility transition through sequential neighbor information flow,,
3,W2906062262,10.1093/ereh/hey019,The shaping of a settler fertility transition: eighteenth- and nineteenth-century South African demographic history reconsidered,2018,European Review of Economic History,RELEVANT,PRINCETON_CANON,SPATIAL_MIGRATION,DESCRIPTIVE_RESIDUAL_ONLY,historical,,Foundational descriptive historical demographic work documenting fertility transition timing; migration-based settler population provides spatial variation,,
3,W2724110279,10.1515/9781400886692-007,"Chapter 2. A Summary of the Changing Distribution of Overall Fertility, Marital Fertility, and the Proportion Married in the Provinces of Europe",2017,Princeton University Press eBooks,RELEVANT,PRINCETON_CANON,SPATIAL_MIGRATION,DESCRIPTIVE_RESIDUAL_ONLY,observational,,European Fertility Project descriptive province-level analysis of fertility decline; foundational for A.3 spatial diffusion evidence,,
3,W4245716129,10.1002/9781119085621.wbefs411,Demographic Transition,2016,Encyclopedia of Family Studies,RELEVANT,DIFFUSION_THEORY,NA,NA,review,,reviews demographic transition theory including diffusion of innovative fertility-restriction perspective and ideational mechanisms,,
3,W2337478448,10.1007/978-981-10-0294-6_2,Economic and Ideational Theories of Marriage and Fertility Behaviour,2016,,RELEVANT,DIFFUSION_THEORY,NA,NA,theory,,theoretical discussion of ideational (diffusion-related) vs. economic approaches to fertility behavior change,,
3,W3121483375,10.1111/rode.12280,"It's a Sin—Contraceptive Use, Religious Beliefs, and Long‐run Economic Development",2016,Review of Development Economics,RELEVANT,DIFFUSION_THEORY,LEGITIMATION_KNOWLEDGE,NA,theory,,"formal theoretical model of interaction between social norms (religious beliefs), contraceptive adoption, and development with two steady states",,
3,W2305580092,10.1098/rstb.2015.0152,The cultural evolution of fertility decline,2016,Philosophical Transactions of the Royal Society B Biological Sciences,RELEVANT,DIFFUSION_THEORY,NA,NA,theory,,"Reviews cultural evolutionary mechanisms for origin, spread, and maintenance of low fertility",,
3,W2153476309,10.3917/popu.1502.0331,The Development of Fertility Theories: a Multidisciplinary Endeavour,2015,Population (English Edition),RELEVANT,DIFFUSION_THEORY,NA,NA,review,,synthesis of fertility theories including diffusion and ideational perspectives on fertility change across multiple disciplines,,
3,W47515314,10.1093/acprof:oso/9780199688203.003.0008,The Social and the Sexual,2015,Oxford University Press eBooks,RELEVANT,DIFFUSION_THEORY,SOCIAL_NETWORK_PEER,NA,review,,Review of social network research in demography including Kenyan Diffusion and Ideational Change Project,,
3,W2029028361,10.1080/0022250x.2011.556917,A Singularity of Fertility Decline Is Lot-et-Garonne,2012,Journal of Mathematical Sociology,RELEVANT,DIFFUSION_THEORY,SPATIAL_MIGRATION,SEPARATES_FROM_COMMON_SHOCK,theory,,"explicitly frames 19th-century European fertility decline as reaction-diffusion process independent of socioeconomic conditions, estimates velocity and origin singularity in Aquitaine using formal diffusion model",,
3,W274124693,,"Human capital, culture and the onset of the demographic transition",2012,"White Rose Research Online (University of Leeds, The University of Sheffield, University of York)",RELEVANT,DIFFUSION_THEORY,CULTURAL_LINGUISTIC_RELIGIOUS,NA,theory,,Formal mechanism: cultural distance (genetic distance) acts as barrier to human-capital and demographic-transition diffusion; preserved as diffusion theory even without own fertility estimate,,
3,W1594224295,10.12765/cpos-2011-08,"Spatial Variation of Sub-national Fertility Trends in Austria, Germany and Switzerland",2012,Comparative Population Studies,RELEVANT,PRINCETON_CANON,SPATIAL_MIGRATION,NA,historical,,European Fertility Project-style descriptive analysis reconstructing 150 years of regional fertility variation; foundational spatial transition documentation,,
3,W42106813,10.1017/cbo9780511973642.014,Understanding reproductive decisions,2011,Cambridge University Press eBooks,RELEVANT,DIFFUSION_THEORY,LEGITIMATION_KNOWLEDGE,NA,review,,Reviews diffusion-of-ideas thesis (Cleland & Wilson) as explanation for fertility decline; foundational theoretical reference,,
3,W1527107196,10.4054/mpidr-wp-2010-021,A behavioral Gompertz model for cohort fertility schedules in low and moderate fertility populations,2010,,RELEVANT,DIFFUSION_THEORY,SOCIAL_NETWORK_PEER,NA,theory,,Formal Gompertz demographic model with explicit behavioral interpretation: social diffusion of fertility behavior within a cohort competing with biological aging,,
3,W3121665353,,Information Networks in Dynamic Agrarian Economies,2008,RePEc: Research Papers in Economics,RELEVANT,DIFFUSION_THEORY,SOCIAL_NETWORK_PEER,NA,theory,,formal social learning framework applied to fertility transition and agricultural technology diffusion,,
3,W4232046208,10.1057/978-1-349-95121-5_2768-1,Social Learning,2008,The New Palgrave Dictionary of Economics,RELEVANT,DIFFUSION_THEORY,SOCIAL_NETWORK_PEER,NA,theory,,formal social-learning theory framework explicitly linking neighbor learning to fertility transition,,
3,W4416090010,10.1007/978-1-349-58802-2_1555,Social Learning,2008,The New Palgrave Dictionary of Economics,RELEVANT,DIFFUSION_THEORY,SOCIAL_NETWORK_PEER,NA,theory,,Social learning theory explaining uneven diffusion of technologies including contraceptives; accounts for gradual adoption despite availability,,
3,W2131378708,,"Social norms, inequality and fertility",2008,RePEc: Research Papers in Economics,RELEVANT,DIFFUSION_THEORY,NA,NA,theory,,Formal model of social-norm effects on fertility where individual choice influenced by average fertility,,
3,W1577097692,10.4054/mpidr-wp-2007-008,A review of migration and fertility theory through the lens of African immigrant fertility in France,2007,,RELEVANT,DIFFUSION_THEORY,NA,NA,review,,integrated framework for migration-fertility nexus invoking Bongaarts-Watkins social-interaction theory; theoretical synthesis preserved as DIFFUSION_THEORY,,
3,W1496689473,,A transição da fecundidade e o sistema de respostas múltiplas em Portugal,2007,Análise Social,RELEVANT,DIFFUSION_THEORY,NA,NA,review,,Portuguese historiography comparing demographic transition theory vs European Fertility Project; discusses dynamics of information diffusion and collective attitudes in fertility decline,,
3,W1999203514,10.1111/j.1728-4457.2007.00194.x,Rethinking Historical Reproductive Change: Insights from Longitudinal Data for a Spanish Town,2007,Population and Development Review,RELEVANT,PRINCETON_CANON,NA,DESCRIPTIVE_RESIDUAL_ONLY,historical,,reproductive histories documenting emergence and refinement of fertility control practices during demographic transition,,
3,W2231435085,10.12759/hsr.32.2007.2.10-41,"Science without Laws? Model Building, Micro Histories and the Fate of the Theory of Fertility Decline",2007,Social Science Open Access Repository (GESIS – Leibniz Institute for the Social Sciences),RELEVANT,DIFFUSION_THEORY,NA,NA,review,,critical review of fertility-decline theory; engages Princeton model and cultural/diffusion explanations,,
3,W2287637287,10.1201/9781420005837-17,Sex without Birth or Death: A Comparison of Two International Humanitarian Movements,2006,,RELEVANT,DIFFUSION_THEORY,SOCIAL_NETWORK_PEER,DESCRIPTIVE_RESIDUAL_ONLY,theory,,Synthesizes family planning history to argue that adoption spreads when international agendas are 'domesticated' in local social networks through reinterpretation and peer discussion; formalizes mechanism of ideational diffusion independent of economic drivers,,
3,W150143373,,"Fertility decline in India : maps, models and hypotheses",2005,,RELEVANT,DIFFUSION_THEORY,NA,NA,review,,book chapter reviewing theoretical frameworks for Indian fertility decline including diffusion factors hypothesis,,
3,W2009865817,10.7202/056736ar,"La surfécondité des couples québécois depuis le XVIIe siècle, essai de mesure d'interpréation",2005,Recherches sociographiques,RELEVANT,PRINCETON_CANON,SPATIAL_MIGRATION,DESCRIPTIVE_RESIDUAL_ONLY,historical,,Descriptive historical-demographic analysis of Quebec fertility transition with regional comparisons to Anglophone and European populations; Princeton-canon regional diffusion study,,
3,W2036147415,10.1080/10810730490271511,From Innovation to Social Norm: Bounded Normative Influence,2004,Journal of Health Communication,RELEVANT,DIFFUSION_THEORY,SOCIAL_NETWORK_PEER,NA,theory,,"Theoretical work (computer simulation) on bounded normative influence and how minority behavior becomes social norm through network diffusion; mechanism paper, no own fertility estimate",,
3,W2524331063,,The relation between illegitimate fertility and subsequent childbearing within marriage. An investigation of innovation-diffusion theory using cohort fertility data from a Belgian town,2004,Lirias,RELEVANT,DIFFUSION_THEORY,SOCIAL_NETWORK_PEER,DESCRIPTIVE_RESIDUAL_ONLY,theory,,explicitly applies innovation-diffusion theory to explain fertility control adoption patterns using cohort data,,
3,W341139501,10.1007/978-3-7908-2715-6_3,The Role of Agent-Based Modelling in Demographic Explanation,2003,Contributions to economics,RELEVANT,DIFFUSION_THEORY,SOCIAL_NETWORK_PEER,NA,theory,,Agent-based modeling of social interactions in diffusion of new contraceptive practices; methodological framework for diffusion theory,,
3,W1606021218,10.22004/ag.econ.28392,Two Statistical Problems in the Princeton Project on the European Fertility Transition,2003,RePEc: Research Papers in Economics,RELEVANT,PRINCETON_CANON,SPATIAL_MIGRATION,DESCRIPTIVE_RESIDUAL_ONLY,review,,methodological critique of Princeton EFP statistical treatment of diffusion vs. economic forces,,
3,W2145212723,10.1111/1467-937x.00168,Discrete Choice with Social Interactions,2001,The Review of Economic Studies,RELEVANT,DIFFUSION_THEORY,SOCIAL_NETWORK_PEER,NA,theory,,Formal model of social interactions and individual conformity; foundational diffusion theory applicable to fertility control adoption.,,
3,W4239090733,10.1093/0199244596.003.0005,Fertility Decline as a Coordination Problem,2001,,RELEVANT,DIFFUSION_THEORY,SOCIAL_NETWORK_PEER,NA,theory,,Formal model of information and coordination networks in fertility transition; social-learning theory on demographic change,,
3,W2500475155,10.1093/0199244596.003.0004,From Individual Behavior to Aggregate Fertility Dynamics,2001,,RELEVANT,DIFFUSION_THEORY,SOCIAL_NETWORK_PEER,SEPARATES_FROM_COMMON_SHOCK,theory,,Formal diffusion/contagion model with multiple contraceptive-use equilibria; rapid irreversible transitions consistent with social-learning dynamics,,
3,W4230625544,10.1093/0199244596.003.0002,Learning in Social Networks and Contraceptive Choice,2001,,RELEVANT,DIFFUSION_THEORY,SOCIAL_NETWORK_PEER,NA,theory,,"Formal social-learning model of contraceptive knowledge diffusion through word-of-mouth, showing how conversations shape adoption patterns",,
3,W4242437960,10.1093/0199244596.003.0006,Social Interactions and Fluctuations in Birth Rates,2001,,RELEVANT,DIFFUSION_THEORY,SOCIAL_NETWORK_PEER,DESCRIPTIVE_RESIDUAL_ONLY,theory,,Formal social-interaction model showing social norms and values drive fertility fluctuations in developed countries; theoretical framework for how fertility behavior spreads via social dynamics,,
3,W2002863780,10.1086/210269,Structure and Strategy in Collective Action,1999,American Journal of Sociology,RELEVANT,DIFFUSION_THEORY,SOCIAL_NETWORK_PEER,NA,theory,,Formal threshold model of collective action and network structure; generalizes Schelling and Granovetter's models of social contagion (no own fertility estimate),,
3,W1987143787,10.2307/2653894,"Transformation of the French Demographic Landscape, 1806-1906",1999,Contemporary Sociology A Journal of Reviews,RELEVANT,PRINCETON_CANON,SPATIAL_MIGRATION,DESCRIPTIVE_RESIDUAL_ONLY,historical,,Foundational historical-demographic study of geographic contrasts and internal migration's role in French demographic transition; preserved as Princeton-style canon.,,
3,W2029496018,10.2307/2137380,The Global Fertility Transition: The Need for a Unifying Theory,1997,Population and Development Review,RELEVANT,DIFFUSION_THEORY,NA,NA,theory,,"theoretical paper arguing global fertility transition results from progressive, inevitable diffusion of fertility-decline ideas; no own fertility estimate",,
3,W2108824180,10.1111/j.1460-2466.1996.tb01501.x,Dynamic Social Impact: The Creation of Culture by Communication,1996,Journal of Communication,RELEVANT,DIFFUSION_THEORY,SOCIAL_NETWORK_PEER,NA,theory,,Dynamic Social Impact Theory — formal model of how beliefs and behaviors spread through local social interaction and communication,,
3,W2273355486,,On the diffusion of international social values: institutionalization and demographic transition.,1996,Social Science Quarterly,RELEVANT,DIFFUSION_THEORY,LEGITIMATION_KNOWLEDGE,DESCRIPTIVE_RESIDUAL_ONLY,observational,,"Institutionalization and diffusion of world opinion that population growth is too high independently affects growth rates, net of economic development",,
3,W2001453579,10.1080/01615440.1995.9956357,Distinguishing Stopping Behavior from Spacing Behavior with Indirect Methods,1995,Historical Methods A Journal of Quantitative and Interdisciplinary History,RELEVANT,DIFFUSION_THEORY,NA,NA,theory,,Methodological contribution distinguishing stopping (innovation diffusion) from spacing (adaptation) as mechanisms in fertility transitions; formal framework for understanding diffusion dynamics,,
3,W2151797057,10.1017/s0268416000004185,"Before the transition: fertility in English villages, 1800–1880",1994,Continuity and Change,RELEVANT,PRINCETON_CANON,NA,NA,historical,,Historical analysis of English village fertility (1800–1880) using family reconstitution; foundational to FDT understanding but no identified diffusion mechanism,,
3,W2001048557,10.1080/0032472031000147816,"New Estimates of Nuptiality and Marital Fertility in France, 1740–1911",1994,Population Studies,RELEVANT,PRINCETON_CANON,SPATIAL_MIGRATION,DESCRIPTIVE_RESIDUAL_ONLY,historical,,Foundational European Fertility Project methodology applied to France; documents fertility transition onset and pace with regional variation,,
3,W2114389382,10.2307/2298123,Identification of Endogenous Social Effects: The Reflection Problem,1993,The Review of Economic Studies,RELEVANT,DIFFUSION_THEORY,NA,NA,theory,,Foundational theory paper on identifying social effects (reflection problem); essential for understanding diffusion identification,,
3,W2091087160,10.1086/261849,"A Theory of Fads, Fashion, Custom, and Cultural Change as Informational Cascades",1992,Journal of Political Economy,RELEVANT,DIFFUSION_THEORY,SOCIAL_NETWORK_PEER,NA,theory,,Informational-cascade model of how cascading behavior produces cultural diffusion applicable to norms spread,,
3,W2062075162,,Structural Holes: The Social Structure of Competition,1992,SSRN Electronic Journal,RELEVANT,DIFFUSION_THEORY,SOCIAL_NETWORK_PEER,NA,theory,,Burt's foundational work on structural holes and information flow; core network-theory mechanism for understanding diffusion of any innovation including fertility control ideas.,,
3,W1982293478,10.2307/2162993,The Decline of Fertility in Europe: The Revised Proceedings of a Conference on the Princeton European Fertility Project.,1990,The American Historical Review,RELEVANT,PRINCETON_CANON,NA,NA,review,,Foundational Princeton European Fertility Project; preserved as canonical reference despite no independent identification,,
3,W9879392,10.30541/v23i4pp.531-552,The Demographic Transition,1984,The Pakistan Development Review,RELEVANT,DIFFUSION_THEORY,CULTURAL_LINGUISTIC_RELIGIOUS,DESCRIPTIVE_RESIDUAL_ONLY,review,,"foundational review of demographic transition; emphasizes cultural clustering (language, religion) and ideational factors in fertility decline; no identified estimand",,
3,W1973291952,10.2307/1532467,The Population History of England 1541-1871. A Reconstruction,1982,Population,RELEVANT,PRINCETON_CANON,NA,NA,historical,,foundational European Fertility Project demographic reconstruction,,
3,W2062215957,10.1093/sf/58.1.1,Theories of Fertility Decline: A Reappraisal,1979,Social Forces,RELEVANT,DIFFUSION_THEORY,LEGITIMATION_KNOWLEDGE,NA,theory,,Reappraisal of demographic transition theory; argues concept of family limitations has independent effect via worldwide communications networks,,
3,W3133924489,10.2307/1854761,"The Decline of Belgian Fertility, 1800-1970",1978,The American Historical Review,RELEVANT,DIFFUSION_THEORY,CULTURAL_LINGUISTIC_RELIGIOUS,DESCRIPTIVE_RESIDUAL_ONLY,historical,,Regional heterogeneity study of Belgian fertility transition testing competing hypotheses (including diffusion) across culturally and economically varied regions,,
3,W2088625185,10.1080/00324728.1966.10406092,The decline of fertility: Innovation or adjustment process,1966,Population Studies,RELEVANT,DIFFUSION_THEORY,NA,NA,theory,,theoretical examination of diffusion vs adjustment-process frameworks for fertility decline,,
3,W2081523745,10.2307/2172782,Factors involved in the Decline of Fertility in Spain 1900-1950,1963,Population Studies,RELEVANT,PRINCETON_CANON,CULTURAL_LINGUISTIC_RELIGIOUS,DESCRIPTIVE_RESIDUAL_ONLY,historical,,regional/cultural clustering of fertility independent of development; foundational European Fertility Project style analysis,,
4,W2106365409,10.1162/154247603322256800,Private Incentives and Social Interactions: Fertility Puzzles in Israel,2003,Journal of the European Economic Association,UNCERTAIN,DIFFUSION_THEORY,SOCIAL_NETWORK_PEER,NA,theory,yes,"Theoretical model of social interactions, conformity preferences, and fertility; unclear whether focus is diffusion of fertility-control acceptability or broader value/preference shifts",,
4,W1997484956,10.1080/00324720213799,"Fertility transition in a rural, Catholic population: Bavaria, 1880–1910",2002,Population Studies,UNCERTAIN,PRIMARY_CULTURAL_BOUNDARY_CONTENT,CULTURAL_LINGUISTIC_RELIGIOUS,DESCRIPTIVE_RESIDUAL_ONLY,historical,yes,religion identified by EFP as explaining transition; unclear if religion marks diffusion channel or confounding with economics,,
4,W1998809639,10.1016/s0304-3878(00)00118-8,Fertility decline as a coordination problem,2000,Journal of Development Economics,UNCERTAIN,DIFFUSION_THEORY,NA,NA,theory,yes,"Title only, no abstract; theoretical model of fertility decline as coordination problem suggests social interaction mechanism",,
4,W1989111814,10.1111/j.1728-4457.2000.00643.x,Population and Resources: An Exploration of Reproductive and Environmental Externalities,2000,Population and Development Review,UNCERTAIN,DIFFUSION_THEORY,NA,NA,theory,yes,Develops theory of fertility transitions as disequilibrium driven by social externalities; unclear whether theory formalizes diffusion / social-learning mechanisms or addresses other determinants,,
4,W2065817376,10.1177/036319908400900305,Demographic Transitions in a Sicilian Rural Town,1984,Journal of Family History,UNCERTAIN,PRINCETON_CANON,NA,NA,historical,yes,Historical comparison of demographic transition across social classes in Sicily; class-differentiated timing suggests information gradation but no diffusion mechanism explicitly identified.,,
4,W7147473609,10.19181/demis.2026.6.1.1,Analysis of Foreign Theoretical Studies of Spatial-Demographic Processes (19th – 21st Centuries),2026,DEMIS Demographic research,UNCERTAIN,DIFFUSION_THEORY,SPATIAL_MIGRATION,NA,review,,Review of spatial demography theory (19th–21st centuries); may include fertility diffusion but scope unclear,,
4,W4410080599,10.1080/17441692.2025.2501174,"Association of fertility-related attitudes and norms among adolescent wives, husbands, and mothers-in-law with wives’ fertility desires in rural Niger",2025,Global Public Health,UNCERTAIN,PRIMARY_LEGITIMATION_SPREAD,LEGITIMATION_KNOWLEDGE,DESCRIPTIVE_RESIDUAL_ONLY,observational,,Village-level social norms (descriptive and injunctive) associate with fertility desires; unclear if diffusion of acceptability vs. stigma level (Wall 3),,
4,W4411377312,10.1007/s11113-025-09958-y,Community and Individual Education Influences on Sexual and Reproductive Health Knowledge in Uganda: A Human Capital and Social Learning Perspective,2025,Population Research and Policy Review,UNCERTAIN,PRIMARY_SOCIAL_EXPOSURE,SOCIAL_NETWORK_PEER,DESCRIPTIVE_RESIDUAL_ONLY,observational,,social learning of contraceptive knowledge through community education but outcome is knowledge not adoption/fertility,,
4,W4407139631,10.1111/sifp.12281,The Educational Differentiation of African Birth Timing,2025,Studies in Family Planning,UNCERTAIN,PRIMARY_SOCIAL_EXPOSURE,SOCIAL_NETWORK_PEER,DESCRIPTIVE_RESIDUAL_ONLY,observational,,"Finds 'entry into motherhood influenced by relative position within one's peer group' in high-education contexts across Africa; peer-group effect on birth timing consistent with social diffusion, but driven by educational-access and family-planning contexts (confounded with opportunity structures)",,
4,W4414756512,10.1080/1081602x.2025.2564391,"Work, marriage, and childbearing trajectories in Derbyshire, 1881–1911",2025,The History of the Family,UNCERTAIN,PRIMARY_SPATIAL_DIFFUSION,SPATIAL_MIGRATION,DESCRIPTIVE_RESIDUAL_ONLY,historical,,"Linked census records documenting fertility control adoption in England 1881–1911, clustered by occupational/geographic context; consistent with diffusionist pattern but identification of diffusion vs. common economic shocks unclear",,
4,W4399668810,10.11647/obp.0251.22,22. A Theory of Culture for Evolutionary Demography,2024,Open Book Publishers,UNCERTAIN,OFF_OTHER,NA,NA,theory,,"chapter on integrating culture into evolutionary demography theory; discusses proximate mechanisms and cultural evolution, but no specific fertility-control-diffusion estimand or model",,
4,W4399668747,10.11647/obp.0251.32,32. Human Evolutionary Demography,2024,Open Book Publishers,UNCERTAIN,DIFFUSION_THEORY,NA,NA,theory,,discusses social learning and cultural transmission in evolutionary demography; uncertain whether it bears on fertility-control diffusion specifically,,
4,W4398199531,10.22185/24487147.2023.116.15,Dinámicas y determinantes de la transición demográfica en Perú,2024,Papeles de Población,UNCERTAIN,PRIMARY_SPATIAL_DIFFUSION,SPATIAL_MIGRATION,DESCRIPTIVE_RESIDUAL_ONLY,descriptive,,spatial heterogeneity in demographic transition attributed to modernization and diffusion but mechanisms not fully differentiated,,
4,W4389246367,10.1080/00220388.2023.2284665,Foreign Aid and Female Empowerment,2023,The Journal of Development Studies,UNCERTAIN,OFF_PROGRAM_A5,NA,NA,observational,,"Foreign aid's impact on women's empowerment and fertility preferences; exogenous program supply, not diffusion",,
4,W4382284793,10.4054/demres.2023.48.34,"Near-universal marriage, early childbearing, and low fertility: India’s alternative fertility transition",2023,Demographic Research,UNCERTAIN,PRIMARY_SPATIAL_DIFFUSION,SPATIAL_MIGRATION,DESCRIPTIVE_RESIDUAL_ONLY,descriptive,,Compares spatial-temporal patterns of fertility decline and sterilization across Indian states; spatial variation and state-level heterogeneity could reflect diffusion but mechanism not explicitly identified,,
4,W4392142329,10.34019/2236-837x.2023.v13.39497,"REGIONALIZAÇÃO DA TRANSIÇÃO DE FECUNDIDADE NO BRASIL EM 1991, 2000 E 2010",2023,Revista de Geografia - PPGEO - UFJF,UNCERTAIN,PRIMARY_SPATIAL_DIFFUSION,SPATIAL_MIGRATION,DESCRIPTIVE_RESIDUAL_ONLY,descriptive,,identifies spatial clusters and time-lags in fertility transition but does not separate diffusion from common regional shocks,,
4,W4389146248,10.1111/jomf.12948,"Societal transitions, ethnolinguistic identities, and marital conservatism in Central Asia",2023,Journal of Marriage and the Family,UNCERTAIN,PRIMARY_CULTURAL_BOUNDARY_CONTENT,CULTURAL_LINGUISTIC_RELIGIOUS,NA,observational,,Ethnolinguistic variation in marital/family norms; unclear whether fertility control specifically is the mechanism,,
4,W4313454683,10.1016/j.ssmph.2022.101317,Intra-cluster correlations in socio-demographic variables and their implications: An analysis based on large-scale surveys in India,2022,SSM - Population Health,UNCERTAIN,PRIMARY_SPATIAL_DIFFUSION,SPATIAL_MIGRATION,DESCRIPTIVE_RESIDUAL_ONLY,descriptive,,documents clustering of contraceptive use by PSU in India; describes spatial patterns but does not identify diffusion mechanism vs. common shocks,,
4,W4308834713,10.1080/14647273.2022.2137859,Predictors and differences in fertility level among Nigerian women of reproductive age: a function of subgroup social norms fertility behaviour,2022,Human Fertility,UNCERTAIN,PRIMARY_CULTURAL_BOUNDARY_CONTENT,CULTURAL_LINGUISTIC_RELIGIOUS,DESCRIPTIVE_RESIDUAL_ONLY,observational,,"Examines fertility variation by subgroup social norms; border between A.3 (norms spreading) and D.1 (why norms differ); descriptive norms differences, unclear if diffusion mechanism",,
4,W4213290116,10.1002/9781119902850.ch1,The Demographic Transition,2022,,UNCERTAIN,DIFFUSION_THEORY,NA,NA,theory,,foundational demographic transition model analysis; insufficient detail on estimand,,
4,W3203717791,10.1017/9781108878296.009,Commentary on Bott’s “Family and Social Network”,2021,Cambridge University Press eBooks,UNCERTAIN,DIFFUSION_THEORY,NA,NA,review,,"commentary on Bott's foundational social-network work (conjugal roles, family networks); preserved as DIFFUSION_THEORY if it engages network mechanisms relevant to fertility diffusion",,
4,W3169263328,10.26882/histagrar.084e05g,"Microanálisis comparado de la transición demográfica en tres islas de las Azores, siglos XVIII-XX: Diferencias en el pasado, semejanzas en el presente.",2021,Historia Agraria Revista de agricultura e historia rural,UNCERTAIN,PRIMARY_SPATIAL_DIFFUSION,SPATIAL_MIGRATION,DESCRIPTIVE_RESIDUAL_ONLY,historical,,compares demographic transition timing across island communities over 250 years; migration mentioned as population-pressure response rather than diffusion-of-control mechanism,,
4,W3205591362,10.1017/dem.2021.18,"The role of family networks and social capital on women's fertility intentions in Ouagadougou, Burkina Faso",2021,Journal of Demographic Economics,UNCERTAIN,PRIMARY_SOCIAL_EXPOSURE,SOCIAL_NETWORK_PEER,DESCRIPTIVE_RESIDUAL_ONLY,observational,,Family networks and social capital structure associate with fertility desires; unclear if identifying diffusion of fertility control vs. economic support enabling high fertility,,
4,W3038067259,10.1098/rstb.2019.0428,"Church attendance and alloparenting: an analysis of fertility, social support and child development among English mothers",2020,Philosophical Transactions of the Royal Society B Biological Sciences,UNCERTAIN,OFF_VERTICAL_A19,SOCIAL_NETWORK_PEER,UNCLEAR,observational,,"Religious network effects on fertility; mechanism could be vertical transmission (religious family tradition, A.19), social exposure (A.3), or network structure (A.20) — unclear which",,
4,W2995745817,10.1007/s13524-020-00895-3,Revisiting the Fertility Transition in England and Wales: The Role of Social Class and Migration,2020,Demography,UNCERTAIN,PRIMARY_SPATIAL_DIFFUSION,SPATIAL_MIGRATION,DESCRIPTIVE_RESIDUAL_ONLY,observational,,social class and migration differences in fertility transition; early adoption clustering by class visible but diffusion mechanism not explicitly tested,,
4,W3042765564,10.12765/cpos-2020-15,Survey Responses on Desired Fertility in Patriarchal Societies: Community Norms vs. Individual Views,2020,Comparative Population Studies,UNCERTAIN,OFF_STIGMA_LEVEL_A6,LEGITIMATION_KNOWLEDGE,DESCRIPTIVE_RESIDUAL_ONLY,observational,,Community norms correlate with desired fertility; measures stigma/acceptability level rather than diffusion flow (Wall 3),,
4,W4214570563,10.2478/izajodm-2019-0005,Diaspora Externalities,2019,IZA Journal of Development and Migration,UNCERTAIN,DIFFUSION_THEORY,SPATIAL_MIGRATION,NA,review,,Review of diaspora network effects on fertility behavior and culture; likely covers diffusion mechanisms but assembler-excluded as review,,
4,W3016384834,,Factors facilitating and inhibiting contraceptive use among White University students in Durban South Africa.,2019,ResearchSpace (University of KwaZulu-Natal),UNCERTAIN,PRIMARY_SOCIAL_EXPOSURE,SOCIAL_NETWORK_PEER,DESCRIPTIVE_RESIDUAL_ONLY,qualitative,,"interpersonal communication (doctors, parents, partners) about contraceptive use but outcome is knowledge/sources not adoption patterns",,
4,W2984667040,10.1186/s12978-019-0803-9,Impact of internal female migration on unmet need for modern contraception in Zambia,2019,Reproductive Health,UNCERTAIN,OFF_OTHER,SPATIAL_MIGRATION,NA,observational,,Migration's effect on contraceptive access; rural areas have barriers but mechanism not clearly about diffusion,,
4,W2976661383,10.24201/edu.v34i3.1850,La fecundidad de los grupos étnicos en México,2019,Estudios Demográficos y Urbanos,UNCERTAIN,PRIMARY_CULTURAL_BOUNDARY_CONTENT,CULTURAL_LINGUISTIC_RELIGIOUS,DESCRIPTIVE_RESIDUAL_ONLY,descriptive,,ethnic fertility variation in Mexico; unclear if addresses diffusion of control knowledge or merely clustering by group,,
4,W2975740584,10.4000/eps.9025,"La transition de la fécondité autour de la Méditerranée : convergence générale et hétérogénéités spatiales, un éclairage par l’éducation",2019,Espace populations sociétés,UNCERTAIN,PRIMARY_SPATIAL_DIFFUSION,SPATIAL_MIGRATION,DESCRIPTIVE_RESIDUAL_ONLY,observational,,Spatial analysis of fertility transition with regional clustering and convergence; identifies residual spatial pattern but does not isolate diffusion from common regional shock,,
4,W2968113684,10.1017/s0021932019000087,Reading the geography of India’s district-level fertility differentials: a spatial econometric approach,2019,Journal of Biosocial Science,UNCERTAIN,PRIMARY_SPATIAL_DIFFUSION,SPATIAL_MIGRATION,DESCRIPTIVE_RESIDUAL_ONLY,spatial econometric,,"geographically weighted regression on district-level fertility variation in India; spatial heterogeneity in covariate effects, but no isolation of diffusion from common shocks",,
4,W2917243876,10.1016/j.socscimed.2019.02.028,"Social learning, influence, and ethnomedicine: Individual, neighborhood and social network influences on attachment to an ethnomedical cultural model in rural Senegal",2019,Social Science & Medicine,UNCERTAIN,OFF_OUTCOME,SOCIAL_NETWORK_PEER,NA,qualitative,,studies social learning and peer influence on non-fertility outcome (ethnomedical practices); no mention of fertility control,,
4,W2954827559,10.1080/01494929.2019.1630046,Toward a Theory of Fertility and Ethnic Social Capital,2019,Marriage & Family Review,UNCERTAIN,DIFFUSION_THEORY,SOCIAL_NETWORK_PEER,NA,theory,,Conceptual model merging Goldscheider perspective with social capital; relevance to fertility diffusion unclear from abstract,,
4,W2905723366,10.1111/padr.12220,Fertility Decline in Urban and Rural Areas of Developing Countries,2018,Population and Development Review,UNCERTAIN,PRIMARY_SPATIAL_DIFFUSION,SPATIAL_MIGRATION,DESCRIPTIVE_RESIDUAL_ONLY,observational,,Rural-to-urban migrants play a role; inverted-U pattern in rural-urban fertility ratio but mechanism (diffusion vs. selection) not clearly identified,,
4,W2789619723,10.1086/696193,"Political Islam, Marriage, and Fertility: Evidence from a Natural Experiment",2018,American Journal of Sociology,UNCERTAIN,OFF_VALUE_D1,NA,SEPARATES_FROM_COMMON_SHOCK,quasi-experimental,,"Political ideology (Islamism) and welfare policy affect fertility; values/value-shift driver, not diffusion of control idea",,
4,W2886031484,10.1016/j.jce.2018.07.015,Return migration and the transfer of gender norms: Evidence from the Middle East,2018,Journal of Comparative Economics,UNCERTAIN,PRIMARY_SPATIAL_DIFFUSION,SPATIAL_MIGRATION,NA,other,,Return migration and gender-norm transfer; potential spatial diffusion but no abstract to confirm fertility-control focus,,
4,W3047097998,10.1017/9781108650465.001,The Long History of Birth Control,2018,Cambridge University Press eBooks,UNCERTAIN,DIFFUSION_THEORY,NA,NA,historical,,"Title suggests historical narrative of birth control; likely DIFFUSION_THEORY or canon, but no abstract to confirm identification of diffusion mechanisms.",,
4,W2732748416,10.1515/9781400886692-006,Chapter 1. The Decline of Fertility in Europe since the Eighteenth Century As a Chapter in Demographic History,2017,Princeton University Press eBooks,UNCERTAIN,PRINCETON_CANON,NA,NA,other,,Chapter title-only on European fertility decline since 18th century; likely PRINCETON_CANON type but no abstract to confirm scope or estimand,,
4,W2610340997,10.1111/jomf.12403,Disentangling Perceived Norms: Predictors of Unintended Pregnancy During the Transition to Adulthood,2017,Journal of Marriage and the Family,UNCERTAIN,PRIMARY_SOCIAL_EXPOSURE,SOCIAL_NETWORK_PEER,SEPARATES_FROM_COMMON_SHOCK,observational,,Perceived peer norms affect contraceptive behavior independent of own attitudes; border between A.3 (social exposure) and individual norm conformity; tests mechanism distinguishing conformity paths,,
4,W2731665231,10.1111/tesg.12270,Does Socio‐Spatial Segregation Matter? ‘Islands’ of High Romany Fertility in Slovakia,2017,Tijdschrift voor Economische en Sociale Geografie,UNCERTAIN,PRIMARY_CULTURAL_BOUNDARY_CONTENT,CULTURAL_LINGUISTIC_RELIGIOUS,DESCRIPTIVE_RESIDUAL_ONLY,observational,,Studies spatial clustering of fertility by ethnicity; unclear whether paper isolates cultural-boundary diffusion of fertility-control adoption or just documents cultural/developmental differences,,
4,W2577800767,10.3917/adh.132.0017,Les apports et les promesses de l’économie politique de la fécondité pour l’étude de ses transitions,2017,Annales de Démographie Historique,UNCERTAIN,DIFFUSION_THEORY,NA,NA,review,,historiographic review of political economy approaches to fertility transitions; mentions information diffusion and collective attitudes but scope unclear,,
4,W2769881789,10.17323/demreview.v4i2.7107,Рождаемость в развитых странах: обзор исследований,2017,Демографическое обозрение,UNCERTAIN,DIFFUSION_THEORY,SOCIAL_NETWORK_PEER,NA,review,,Russian-language review of fertility research including meso-level social networks and ties; cannot confirm A.3 focus from abstract alone,,
4,W2343418750,10.1177/1010539516645159,Family Planning Practice Among Rural Reproductive-Age Married Women in Myanmar,2016,Asia Pacific Journal of Public Health,UNCERTAIN,PRIMARY_SOCIAL_EXPOSURE,SOCIAL_NETWORK_PEER,DESCRIPTIVE_RESIDUAL_ONLY,observational,,cross-sectional survey reports associations with family and friend support; design does not separate social diffusion from confounding,,
4,W2258983630,10.2139/ssrn.2728131,Horizontal vs. Vertical Transmission of Fertility Preferences,2016,SSRN Electronic Journal,UNCERTAIN,PRIMARY_SOCIAL_EXPOSURE,SOCIAL_NETWORK_PEER,NA,other,,"Title-only case: names estimand (horizontal vs. vertical transmission of fertility preferences) but not design; horizontal transmission would be A.3, but identification cannot be assessed without abstract",,
4,W2328490943,10.1098/rstb.2015.0156,Pathways from education to fertility decline: a multi-site comparative study,2016,Philosophical Transactions of the Royal Society B Biological Sciences,UNCERTAIN,PRIMARY_SOCIAL_EXPOSURE,SOCIAL_NETWORK_PEER,DESCRIPTIVE_RESIDUAL_ONLY,observational,,SEM identifies social network influences as one pathway from education to fertility; unclear whether represents diffusion or homophily/selection,,
4,W2524316920,10.1007/s10680-016-9399-8,Religion and Fertility in Contemporary Northern Ireland,2016,European Journal of Population / Revue européenne de Démographie,UNCERTAIN,PRIMARY_CULTURAL_BOUNDARY_CONTENT,CULTURAL_LINGUISTIC_RELIGIOUS,DESCRIPTIVE_RESIDUAL_ONLY,observational,,documents persistent fertility clustering by religious community but does not identify whether clustering reflects cultural-boundary diffusion of control versus shared values,,
4,W2338246905,10.4054/demres.2016.34.23,Types of social networks and the transition to parenthood,2016,Demographic Research,UNCERTAIN,PRIMARY_SOCIAL_EXPOSURE,SOCIAL_NETWORK_PEER,DESCRIPTIVE_RESIDUAL_ONLY,observational,,abstract cut off; identifies types of social networks predicting parenthood transition; insufficient information to assess whether social influence is causal diffusion,,
4,W1972434943,10.2307/j.ctt13x0vjx,A Century of Portuguese Fertility,2015,Princeton University Press eBooks,UNCERTAIN,PRINCETON_CANON,NA,DESCRIPTIVE_RESIDUAL_ONLY,historical,,Historical-demographic study of Portuguese fertility transition; potentially foundational regional analysis (EFP-style) but abstract does not confirm presence of specific identified estimands,,
4,W1068911730,10.2139/ssrn.2655237,Can I Have Permission to Leave the House? Return Migration and the Transfer of Gender Norms,2015,SSRN Electronic Journal,UNCERTAIN,PRIMARY_CULTURAL_BOUNDARY_CONTENT,CULTURAL_LINGUISTIC_RELIGIOUS,NA,observational,,Return migration and gender-norm transfer; title suggests relevant mechanism but no abstract to confirm fertility-control specificity.,,
4,W2262353097,10.13140/rg.2.1.1450.8883,Do Peer Effects Influence the Household Bargain? Evidence from Children's Food Consumption in India,2015,,UNCERTAIN,PRIMARY_SOCIAL_EXPOSURE,SOCIAL_NETWORK_PEER,SEPARATES_FROM_COMMON_SHOCK,quasi-experimental,,peer effects on bargaining/empowerment through friend exposure to education program; mentions demographic diffusion but fertility outcome indirect,,
4,W1820419810,10.4402/genus-631,"Fertility in the Vlachic population of Greece: a demo-anthropological approach of Metsovo, 1930-1999 with the application of a genealogy based method of analysis",2015,Zenodo (CERN European Organization for Nuclear Research),UNCERTAIN,PRIMARY_SPATIAL_DIFFUSION,SPATIAL_MIGRATION,DESCRIPTIVE_RESIDUAL_ONLY,historical,,"documents adoption of stopping behaviors and fertility decline via changing local structures, but does not isolate diffusion from secular trend",,
4,W2345954615,10.1007/978-3-658-09923-7_6,Personal Influence. The Part Played by the People in the Flow of Mass Communication,2015,,UNCERTAIN,DIFFUSION_THEORY,MASS_MEDIA,NA,theory,,"Classic Lazarsfeld-Katz two-step flow; foundational diffusion theory, but focused on mass-media channels; cannot determine if fertility-specific application without abstract",,
4,W2519906790,10.1002/9781119125563.evpsych122,The Evolutionary Ecology of the Family,2015,,UNCERTAIN,OFF_VALUE_D1,NA,NA,theory,,"Evolutionary ecology framework for family organization and fertility; treats demographic transition as an evolutionary puzzle to be explained by values/preferences, not social diffusion",,
4,W2281563679,10.1177/1069397115591152,"The Interplay of Mortality, Economics, and Female Empowerment in Fertility Transformations",2015,Cross-Cultural Research,UNCERTAIN,OFF_VALUE_D1,NA,NA,observational,,examines transmission of female empowerment norms as fertility driver; unclear whether focus is on diffusion/spread of norms (A.3) or empowerment as root cultural cause (D.1),,
4,W2182376964,10.25911/5d6e505fa0999,The fall of fertility in Tasmania in the late 19th and early 20th centuries,2015,ANU Open Research (Australian National University),UNCERTAIN,DIFFUSION_THEORY,NA,DESCRIPTIVE_RESIDUAL_ONLY,historical,,Historical analysis of Tasmanian fertility decline testing prominent transition theories; unclear whether diffusion mechanism is isolated from general transition theory,,
4,W182113304,10.2139/ssrn.2381880,Neighborhood Peer Effects in the Use of Preventive Health Care,2014,SSRN Electronic Journal,UNCERTAIN,OFF_OUTCOME,SOCIAL_NETWORK_PEER,NA,observational,,studies neighborhood peer effects on non-fertility health outcome; potential mechanism but applied outside fertility domain,,
4,W2217523784,10.5195/jwsr.2014.555,Population Dynamics in the Capitalist World-Economy,2014,Journal of World-Systems Research,UNCERTAIN,OFF_OTHER,NA,NA,theory,,world-systems analysis of population and capitalism; macro-structural theory without specific fertility estimand or diffusion mechanism,,
4,W2089913923,10.1146/annurev-economics-120213-012609,Social Learning in Economics,2014,Annual Review of Economics,UNCERTAIN,DIFFUSION_THEORY,NA,NA,review,,Review of social-learning theory in economics; no own fertility estimate; cannot confirm whether fertility/diffusion examples included,,
4,W1993019819,10.1080/00324728.2014.889741,"The impact of socio-economic status on net fertility during the historical fertility decline: A comparative analysis of Canada, Iceland, Sweden, Norway, and the USA",2014,Population Studies,UNCERTAIN,PRIMARY_SPATIAL_DIFFUSION,SPATIAL_MIGRATION,DESCRIPTIVE_RESIDUAL_ONLY,observational,,elite lower fertility early in transition across multiple countries; patterns consistent with diffusion but mechanism unclear,,
4,W2155954048,,"Communication, knowledge, social network and family planning utilization among couples in Mwanza, Tanzania.",2013,PubMed,UNCERTAIN,PRIMARY_SOCIAL_EXPOSURE,SOCIAL_NETWORK_PEER,DESCRIPTIVE_RESIDUAL_ONLY,observational,,"Cross-sectional associations of communication, knowledge, social networks with FP use; social network factor identified but without causal isolation from common determinants",,
4,W2028934548,10.3917/polaf.130.0069,De quoi la crise démographique au Sahel est-elle le nom ?,2013,Politique africaine,UNCERTAIN,OFF_VALUE_D1,NA,NA,qualitative,,Critiques demographic framing and discusses how Sahel populations interpret family planning; touches value shifts but unclear if studying diffusion of control idea vs. value rejection.,,
4,W2080607170,10.1016/j.euroecorev.2013.07.005,"Fertility choice, mortality expectations, and interdependent preferences—An empirical analysis",2013,European Economic Review,UNCERTAIN,PRIMARY_SOCIAL_EXPOSURE,SOCIAL_NETWORK_PEER,NA,observational,,Interdependent preferences on fertility; title suggests social influence on reproductive outcomes but no abstract to confirm mechanism and estimand.,,
4,W4376589850,10.2139/ssrn.2282661,Pensions and Fertility: Back to the Roots - The Introduction of Bismarck's Pension Scheme and the European Fertility Decline,2013,SSRN Electronic Journal,UNCERTAIN,OFF_OTHER,NA,NA,historical,,"Pensions and fertility via Bismarck scheme; institutional history, no abstract to assess whether studying scheme adoption/diffusion or institutional-change effect on fertility.",,
4,W3123814970,10.1016/j.jebo.2013.10.012,Social learning and health insurance enrollment: Evidence from China's New Cooperative Medical Scheme,2013,Journal of Economic Behavior & Organization,UNCERTAIN,OFF_OUTCOME,SOCIAL_NETWORK_PEER,NA,other,,"No abstract; title 'Social learning and health insurance enrollment' suggests social learning mechanism but applied to insurance, not fertility control",,
4,W2186259483,,The influence of social network on couples' intention to have the first child.,2013,PubMed,UNCERTAIN,PRIMARY_SOCIAL_EXPOSURE,SOCIAL_NETWORK_PEER,UNCLEAR,qualitative,,social network influence on fertility intentions but abstact does not clearly separate diffusion of control knowledge from influence on family size preferences,,
4,W2069634991,10.1016/j.tpb.2013.06.006,The role of cultural transmission in human demographic change: An age-structured model,2013,Theoretical Population Biology,UNCERTAIN,DIFFUSION_THEORY,NA,NA,theory,,cultural transmission model for demographic change; title suggests diffusion theory but no abstract for fertility-control specificity,,
4,W1989176429,10.1163/15692108-12341238,Latent Class Analysis of Reproductive Decision Making in Zambia,2012,African and Asian Studies,UNCERTAIN,PRIMARY_SOCIAL_EXPOSURE,SOCIAL_NETWORK_PEER,DESCRIPTIVE_RESIDUAL_ONLY,observational,,"Latent class analysis identifies reproductive decision-making types, one of which involves advice-seeking from close social relations; unclear whether social exposure causally drives contraceptive adoption vs. describing heterogeneous strategies",,
4,W2320094086,10.5897/jgrp11.058,Migration consequences on marital behaviour in Kenya,2012,Journal of Geography and Regional Planning,UNCERTAIN,OFF_OTHER,SPATIAL_MIGRATION,DESCRIPTIVE_RESIDUAL_ONLY,observational,,migration effects on marriage timing; unclear whether mechanism is diffusion of control ideas vs. selection,,
4,W2163180165,10.1146/annurev.soc.012809.102545,Network Effects and Social Inequality,2012,Annual Review of Sociology,UNCERTAIN,DIFFUSION_THEORY,SOCIAL_NETWORK_PEER,NA,review,,review of network effects on adoption including demography; insufficient clarity on fertility-specific focus,,
4,W2009246389,10.1111/j.1475-6811.2012.01418.x,Tie strength and family formation: Which personal relationships are influential?,2012,Personal Relationships,UNCERTAIN,PRIMARY_SOCIAL_EXPOSURE,SOCIAL_NETWORK_PEER,UNCLEAR,qualitative,,"identifies strong and weak ties influencing family formation and childbearing choices, but mechanism unclear whether preference norm-setting or control-adoption learning",,
4,W2119103756,,"Marital Fertility and Wealth in Transition-Era France, 1750-1850",2011,RePEc: Research Papers in Economics,UNCERTAIN,PRINCETON_CANON,SPATIAL_MIGRATION,DESCRIPTIVE_RESIDUAL_ONLY,historical,,Family-reconstitution study of French fertility decline (1750–1850) showing wealth gradient; differential adoption suggests information/social gradation but no diffusion mechanism explicitly identified.,,
4,W1593386594,10.1353/prv.2011.0002,Spatial Pattern of Poverty Reduction and Fertility Transition in India,2011,Project Muse (Johns Hopkins University),UNCERTAIN,PRIMARY_SPATIAL_DIFFUSION,SPATIAL_MIGRATION,DESCRIPTIVE_RESIDUAL_ONLY,observational,,examines spatial variation in fertility decline net of poverty reduction; regional effects are large independent of development indicators; potential Princeton-style diffusion residual,,
4,W2065352486,10.2139/ssrn.1589043,Cultural Transmission and Contraceptive Use – Evidence from US-Mexico Migration,2010,SSRN Electronic Journal,UNCERTAIN,PRIMARY_CULTURAL_BOUNDARY_CONTENT,CULTURAL_LINGUISTIC_RELIGIOUS,NA,descriptive,,Title explicitly states cultural transmission of contraceptive use via US-Mexico migration; insufficient abstract to verify estimand clarity or identification strategy,,
4,W1951368038,10.25336/p6x89j,The Fertility Decline in India’s Kerala State: A Unique Example of Below Replacement Fertility in a High Fertility Country,2010,Canadian Studies in Population,UNCERTAIN,PRINCETON_CANON,NA,DESCRIPTIVE_RESIDUAL_ONLY,historical,,"foundational empirical case study of FDT in Kerala; may be preserved as descriptive canon; but abstract frames via drivers (marriage age, family planning programs, structural factors) rather than diffusion mechanism",,
4,W2092437049,10.1093/esr/jcp044,"On the Relation Between Fertility, Natality, and Nuptiality",2009,European Sociological Review,UNCERTAIN,OFF_VALUE_D1,NA,NA,observational,,Studies changing correlations between fertility and family-structure norms; appears to be about value shifts in family structure rather than diffusion of fertility-control knowledge,,
4,W2291588528,,Original Research Article Tradeoffs and Sexual Conflict over Women's Fertility Preferences in Mpimbwe,2009,,UNCERTAIN,PRIMARY_SOCIAL_EXPOSURE,CULTURAL_LINGUISTIC_RELIGIOUS,DESCRIPTIVE_RESIDUAL_ONLY,observational,,"Tests quantity-quality and biased cultural transmission (kin influence, prestige bias); household bargaining vs. genuinely diffusion-driven adoption unclear",,
4,W2044706050,10.5964/ijpr.v3isupp1.69,Social influence and the timing of parenthood,2009,Interpersona An International Journal on Personal Relationships,UNCERTAIN,PRIMARY_SOCIAL_EXPOSURE,SOCIAL_NETWORK_PEER,DESCRIPTIVE_RESIDUAL_ONLY,qualitative,,"Social influence on reproductive decisions via focus groups; mechanism is peer/family influence, but outcome centers on timing of first birth rather than fertility-control adoption or spacing.",,
4,W1840779998,,The Fertility Decline in Switzerland 1870 – 1930. A study of cultural and economic variables using panel data.,2009,Lund University Publications Student Papers (Lund University),UNCERTAIN,PRIMARY_CULTURAL_BOUNDARY_CONTENT,CULTURAL_LINGUISTIC_RELIGIOUS,DESCRIPTIVE_RESIDUAL_ONLY,quasi-experimental,,"Panel data; cultural variables (religion, language) predict marital fertility decline net of economic variables. Could reflect clustering by culture as evidence that fertility-control idea spread along cultural/linguistic/religious boundaries (Princeton canon), but framing as explanatory variables is ambiguous.",,
4,W2124796985,10.1098/rstb.2009.0174,The theoretical and political framing of the population factor in development,2009,Philosophical Transactions of the Royal Society B Biological Sciences,UNCERTAIN,OFF_VALUE_D1,NA,NA,review,,theoretical framing of demographic transition emphasizing value shifts and barriers over diffusion mechanism,,
4,W1515566891,10.4054/mpidr-wp-2008-024,Close kin influences on fertility behavior,2008,,UNCERTAIN,PRIMARY_SOCIAL_EXPOSURE,SOCIAL_NETWORK_PEER,DESCRIPTIVE_RESIDUAL_ONLY,observational,,Siblings' influences on fertility are horizontal peer effects; parent-child component is vertical (Wall 4); no clear separation of diffusion from common family shocks,,
4,W131461519,,Global Crisis in Fertility Theory: What Went Wrong? CRISE MONDIALE DANS LA THÉORIE DE FÉCONDITÉ: CE QUI NE VA PAS?,2008,Canadian social science,UNCERTAIN,DIFFUSION_THEORY,NA,NA,theory,,Meta-level critique of unified fertility theory; advocates regional theories but unclear if addresses diffusion-specific mechanisms,,
4,W2158420699,10.1111/j.1475-6781.2008.00120.x,Partnership and Parenthood in Post‐transitional Societies: Will Specters Be Exorcised?,2008,International Journal of Japanese Sociology,UNCERTAIN,DIFFUSION_THEORY,NA,NA,review,,theoretical review comparing economic vs. ideational explanations for post-transitional fertility decline; invokes diffusion-adjacent ideational mechanisms but insufficiently detailed on diffusion estimand,,
4,W2343314096,,Reproductive Intentions: individual and contextual determinants,2008,Padua@research (University of Padova),UNCERTAIN,PRIMARY_SPATIAL_DIFFUSION,SPATIAL_MIGRATION,DESCRIPTIVE_RESIDUAL_ONLY,observational,,Contextual effects on reproductive intentions across Milan subregions; cannot distinguish true diffusion from common context without shock identification,,
4,W2043542242,10.1177/011719680701600304,"Contraceptive Use among Women Migrants in Nang Rong, Thailand: An Exploratory Study",2007,Asian and Pacific migration journal,UNCERTAIN,PRIMARY_SPATIAL_DIFFUSION,SPATIAL_MIGRATION,DESCRIPTIVE_RESIDUAL_ONLY,observational,,"Women migrants' contraceptive use; migration as spatial diffusion channel, but unclear if diffusion is the identified mechanism",,
4,W2149687656,10.1080/13625180701300822,"Do perceived health risks outweigh the benefits of modern contraceptives? A qualitative study in a suburban population in Istanbul, Turkey",2007,The European Journal of Contraception & Reproductive Health Care,UNCERTAIN,PRIMARY_SOCIAL_EXPOSURE,SOCIAL_NETWORK_PEER,DESCRIPTIVE_RESIDUAL_ONLY,qualitative,,"Social networks spread contraceptive beliefs; outcome is method-specific acceptance, not overall fertility-control adoption",,
4,W168486220,,"Health Services, Schools, Attitudes, and Contraceptive Use: Tests of a Theoretical Model Among Rural Nepalese.",2007,Deep Blue (University of Michigan),UNCERTAIN,PRIMARY_SOCIAL_EXPOSURE,SOCIAL_NETWORK_PEER,SEPARATES_FROM_COMMON_SHOCK,quasi-experimental,,geographically weighted multilevel analysis of health services/schools on contraceptive use; mentions social transmission through communities but ambiguous whether identifying program supply (A.5) or social spillover (A.3),,
4,W2114548984,,Instituciones y desarrollo: Una revisión conceptual,2007,LA Referencia (Red Federada de Repositorios Institucionales de Publicaciones Científicas),UNCERTAIN,DIFFUSION_THEORY,NA,NA,theory,,institutional framework for demographic change including fertility; mentions social-level factors but unclear if diffusion-specific,,
4,W3151910762,,"International Migration, Economic Development and Policy",2007,RePEc: Research Papers in Economics,UNCERTAIN,PRIMARY_LEGITIMATION_SPREAD,SPATIAL_MIGRATION,DESCRIPTIVE_RESIDUAL_ONLY,review,,Collection on migration and development; mentions 'impact of flow of ideas on fertility' but lacks detail on mechanism,,
4,W2074876403,10.1080/00220380701611485,"Population, economy and society in West Bengal since the 1970s",2007,The Journal of Development Studies,UNCERTAIN,PRIMARY_SOCIAL_EXPOSURE,SOCIAL_NETWORK_PEER,DESCRIPTIVE_RESIDUAL_ONLY,observational,,"Grassroots political mobilization network instrumental for fertility decline; could reflect social diffusion through political organization, but mechanism ambiguous (could also be OFF_PROGRAM_A5 or organizational capacity)",,
4,W2033026801,10.1111/j.1468-0467.2007.00237.x,Varying effect of fertility determinants among migrant and indigenous females in the transitional agro‐ecological zone of ghana,2007,Geografiska Annaler Series B Human Geography,UNCERTAIN,OFF_OTHER,SPATIAL_MIGRATION,DESCRIPTIVE_RESIDUAL_ONLY,observational,,"migrant-indigenous comparison; mechanism appears to be selection and compositional differences, not diffusion of control ideas",,
4,W2034389639,10.4054/demres.2006.15.15,Completing the fertility transition,2006,Demographic Research,UNCERTAIN,PRIMARY_CULTURAL_BOUNDARY_CONTENT,CULTURAL_LINGUISTIC_RELIGIOUS,UNCLEAR,descriptive,,"Studies fertility clustering by mother-tongue during transition; could indicate idea spread along linguistic lines, but abstract truncated. Need full text to assess if clustering is net of economic drivers.",,
4,W2032452255,10.1002/psp.425,Fertility transition in Ghana: looking back and looking forward,2006,Population Space and Place,UNCERTAIN,PRIMARY_SPATIAL_DIFFUSION,SPATIAL_MIGRATION,DESCRIPTIVE_RESIDUAL_ONLY,observational,,documents geographic variation and time-lags in fertility transition pace but does not isolate diffusion from concurrent regional economic or cultural shocks,,
4,W2192788263,10.1007/978-3-531-90074-2_15,"Freunde, Familie und das eigene Leben. Zum Einfluss sozialer Netzwerke auf die Lebens- und Familienplanung junger Erwachsener in Lübeck und Rostock",2006,VS Verlag für Sozialwissenschaften eBooks,UNCERTAIN,PRIMARY_SOCIAL_EXPOSURE,SOCIAL_NETWORK_PEER,NA,other,,German title: social networks influencing family planning in young adults; no abstract to confirm A.3 estimand,,
4,W2093965704,10.1111/j.1728-4457.2006.00117.x,Institutions and Development: A Conceptual Reanalysis,2006,Population and Development Review,UNCERTAIN,OFF_VALUE_D1,NA,NA,theory,,"institutional determinants of fertility transitions; emphasis on why family size fell (value shift), not how control practices spread",,
4,W2742363718,,Low fertility in Europe: causes implications and policy options.,2006,,UNCERTAIN,PRIMARY_SOCIAL_EXPOSURE,SOCIAL_NETWORK_PEER,DESCRIPTIVE_RESIDUAL_ONLY,review,,Identifies social interaction processes affecting fertility timing as response multiplier to economic changes; mechanism unclear and identification weak,,
4,W2556463622,,Measuring the timing and pace of fertility decline in Brazil using a Bayesian spatial estimation procedure.,2006,Anais,UNCERTAIN,PRIMARY_SPATIAL_DIFFUSION,SPATIAL_MIGRATION,DESCRIPTIVE_RESIDUAL_ONLY,spatial econometric,,spatial mapping of fertility transition timing in Brazil using logistic curves; spatial variation consistent with diffusion but no causal isolation from common shocks,,
4,W2076954621,10.1353/prv.2006.0017,"Social Capital, Urban Settings and Demographic Behavior in Latin America",2006,Population review,UNCERTAIN,OFF_CHANNEL_A20,SOCIAL_NETWORK_PEER,DESCRIPTIVE_RESIDUAL_ONLY,observational,,"studies social-capital effects on fertility; relationship is unclear and mechanism is network-density effect (A.20), not fertility-control-idea diffusion",,
4,W2163605567,10.4054/demres.2006.14.20,The community-level effects of women's education on reproductive behaviour in rural Ghana,2006,Demographic Research,UNCERTAIN,PRIMARY_SOCIAL_EXPOSURE,SOCIAL_NETWORK_PEER,DESCRIPTIVE_RESIDUAL_ONLY,observational,,"Community-level education effects on reproductive behavior suggest spillovers, but unclear if identifying social diffusion of fertility-control idea vs. development effects",,
4,W2014728366,10.1177/0027950105061496,Europe and its Fertility: From Low to Lowest Low,2005,National Institute Economic Review,UNCERTAIN,DIFFUSION_THEORY,NA,DESCRIPTIVE_RESIDUAL_ONLY,descriptive,,Documents fertility patterns and mentions 'ideational change' affecting Europe; broad overview without explicit identification strategy for diffusion mechanisms.,,
4,W4256451702,10.26686/wgtn.16934737,"Family Planning Decision-Making at Grass Roots Level: Case Studies in West Java, Indonesia",2005,,UNCERTAIN,PRIMARY_LEGITIMATION_SPREAD,SPATIAL_MIGRATION,DESCRIPTIVE_RESIDUAL_ONLY,qualitative,,"Government programme philosophy ('small, prosperous family') permeates to village level, influencing couple decisions; mechanism could be legitimation spread from programme or OFF_PROGRAM_A5",,
4,W2160150825,10.1353/sof.2005.0023,Marriage Timing in Nepal: Organizational Effects and Individual Mechanisms,2004,Social Forces,UNCERTAIN,OFF_OUTCOME,NA,NA,observational,,examines neighborhood organizational effects on marriage timing; diffusion mechanism of fertility-control adoption not directly addressed,,
4,W2051181160,10.1353/dem.2004.0020,Pervasive Muslim-Hindu fertility differences in India,2004,Demography,UNCERTAIN,PRIMARY_CULTURAL_BOUNDARY_CONTENT,CULTURAL_LINGUISTIC_RELIGIOUS,DESCRIPTIVE_RESIDUAL_ONLY,observational,,"Persistent Muslim-Hindu fertility differences pervasive across Indian states; may evidence cultural-boundary clustering of adoption, but identification of diffusion vs. preferences unclear",,
4,W1979238158,10.4314/rrias.v19i1.22864,Policy Implications of the Variations in Ghana's Fertility Transition,2004,Research Review of the Institute of African Studies,UNCERTAIN,PRIMARY_SPATIAL_DIFFUSION,SPATIAL_MIGRATION,DESCRIPTIVE_RESIDUAL_ONLY,descriptive,,"Ghana fertility transition (1986–1998, SDT) with urban–education gradients; attributes main variation to urbanization and education rather than identifying social diffusion mechanism",,
4,W1544084509,10.4054/mpidr-wp-2004-012,Social capital and fertility intentions: the case of Poland,2004,,UNCERTAIN,PRIMARY_SOCIAL_EXPOSURE,SOCIAL_NETWORK_PEER,DESCRIPTIVE_RESIDUAL_ONLY,observational,,"Social networks as medium for learning demographic behavior, but ambiguous whether mechanism is cost reduction or idea diffusion",,
4,W1995079873,10.1023/b:popu.0000020892.15221.44,Channels of Social Influence on Reproduction,2003,Population Research and Policy Review,UNCERTAIN,PRIMARY_SOCIAL_EXPOSURE,SOCIAL_NETWORK_PEER,NA,other,,Title explicitly names social channels and reproduction; no abstract to confirm A.3 vs. A.20 (channels),,
4,W2993858061,,Contraceptive Use Dynamics Among Migrant Women in Kenya,2003,Bioline International (Bioline International),UNCERTAIN,PRIMARY_SPATIAL_DIFFUSION,SPATIAL_MIGRATION,UNCLEAR,observational,,"Migration and contraceptive use in Kenya; migration could carry diffusion of fertility norms across space, but abstract frames mechanism as rational selection and fertility-process change, not clearly as exposure to destination fertility-control norms.",,
4,W1843878796,,Family planning field workers in Bangladesh as influence agents: some policy implications.,2003,BRAC University Institutional Repository (BRAC University),UNCERTAIN,OFF_PROGRAM_A5,SOCIAL_NETWORK_PEER,UNCLEAR,observational,,field workers' social influence built through program operations; unclear whether endogenous diffusion spillover or program-mediated effect,,
4,W2073602323,10.1080/0032472032000137817,Individual and community effects of women's education and autonomy on contraceptive use in India,2003,Population Studies,UNCERTAIN,PRIMARY_SOCIAL_EXPOSURE,SOCIAL_NETWORK_PEER,DESCRIPTIVE_RESIDUAL_ONLY,observational,,community education level predicts individual contraceptive use net of own education; diffusion mechanism not isolated from common development shock,,
4,W1991594115,10.2307/3271330,"La fécondité des Palestiniennes à Gaza, en Cisjordanie, en Jordanie et au Liban",2003,Population,UNCERTAIN,PRIMARY_SPATIAL_DIFFUSION,SPATIAL_MIGRATION,DESCRIPTIVE_RESIDUAL_ONLY,descriptive,,descriptive fertility and contraceptive-use variation across Palestinian zones and refugee status; ambiguous whether clustering reflects spatial diffusion,,
4,W2080975539,10.1353/dem.2002.0017,Education and fertility in sub-Saharan africa: Individual and community effects,2002,Demography,UNCERTAIN,PRIMARY_SOCIAL_EXPOSURE,SOCIAL_NETWORK_PEER,DESCRIPTIVE_RESIDUAL_ONLY,observational,,"Identifies community-level education effect on fertility net of individual education and urbanization; mechanism could involve diffusion of fertility-control ideas, but not explicitly identified or tested",,
4,W1515845847,10.2139/ssrn.305890,"Social Networks, Family Planning and Worrying About Aids: What are the Network Effects If Network Partners are Not Determined Randomly?",2002,SSRN Electronic Journal,UNCERTAIN,PRIMARY_SOCIAL_EXPOSURE,SOCIAL_NETWORK_PEER,UNCLEAR,other,,"Title explicitly addresses network effects on family planning, but abstract missing; cannot assess identification of diffusion from common shock",,
4,W2009909540,10.1177/036319900102600202,Canadian Fertility Transitions: Quebec and Ontario at the Turn of the Twentieth Century,2001,Journal of Family History,UNCERTAIN,PRIMARY_CULTURAL_BOUNDARY_CONTENT,CULTURAL_LINGUISTIC_RELIGIOUS,DESCRIPTIVE_RESIDUAL_ONLY,observational,,documents fertility differences by religious/linguistic groups; cultural clustering visible but diffusion mechanism not explicitly tested,,
4,W2479040776,10.1093/0199244596.003.0001,Fertility Behavior and Demographic Change: Economic and Other Perspectives,2001,,UNCERTAIN,DIFFUSION_THEORY,NA,NA,review,,Literature review on fertility decline and economic and non-economic theories; unclear whether A.3 social-diffusion theories are centerpiece,,
4,W4385886473,10.1177/000312240106600401,Mass Education and Fertility Transition,2001,American Sociological Review,UNCERTAIN,PRIMARY_LEGITIMATION_SPREAD,LEGITIMATION_KNOWLEDGE,DESCRIPTIVE_RESIDUAL_ONLY,observational,,school proximity increases contraceptive use; unclear if mechanism is knowledge diffusion through education system or value change,,
4,W2279339748,,The pace of fertility transition: national patterns in the second half of the twentieth century.,2001,Population and Development Review,UNCERTAIN,DIFFUSION_THEORY,NA,UNCLEAR,review,,examines conceptual frameworks for variation in transition pace; cites Cleland-Wilson ideational thesis but mechanism unclear without full text,,
4,W3027092520,10.1017/s0145553200010312,China’s Fertility Transition through Regional Space,2000,Social Science History,UNCERTAIN,PRIMARY_SPATIAL_DIFFUSION,SPATIAL_MIGRATION,DESCRIPTIVE_RESIDUAL_ONLY,descriptive,,regional fertility transition analysis; identification of diffusion vs. common shocks unclear from abstract,,
4,W2153173185,10.2307/2648299,Islamic Precepts and Family Planning: The Perceptions of Jordanian Religious Leaders and Their Constituents,2000,International Family Planning Perspectives,UNCERTAIN,PRIMARY_LEGITIMATION_SPREAD,CULTURAL_LINGUISTIC_RELIGIOUS,UNCLEAR,qualitative,,examines religious leaders' and constituents' perceptions of family planning; unclear whether it identifies diffusion of legitimacy through religious networks vs. static attitudes,,
4,W2012758837,10.1111/j.1728-4457.2000.00795.x,Perceiving Mortality Decline,2000,Population and Development Review,UNCERTAIN,DIFFUSION_THEORY,NA,NA,mechanism,,Discusses social learning's role in perceiving mortality decline; theoretical mechanism not directly identifying diffusion effects on adoption,,
4,W2077914392,10.31899/pgy6.1030,Fertility preferences and contraceptive change in developing countries,1999,,UNCERTAIN,PRIMARY_LEGITIMATION_SPREAD,LEGITIMATION_KNOWLEDGE,DESCRIPTIVE_RESIDUAL_ONLY,observational,,"Decomposes prevalence change into preference shifts vs. implementation of existing preferences; implementation component may reflect legitimation diffusion but framed as demand-satisfaction, not diffusion mechanism.",,
4,W2577986256,10.1177/079160359900900103,Irish Demography in a Comparative Context: European Transition Theory vs. A Post-Colonial Understanding,1999,Irish Journal of Sociology,UNCERTAIN,DIFFUSION_THEORY,SPATIAL_MIGRATION,NA,historical,,"Comparative demographic history invoking transition theory; but differs from standard transition, mechanism of diffusion unclear",,
4,W2046684572,10.1177/036319909902400406,"The Demographic Transition Then and Now: Processes, Perspectives, and Analyses",1999,Journal of Family History,UNCERTAIN,PRINCETON_CANON,NA,NA,review,,Fifty-year review of demographic transition research; possibly includes diffusion theory and Princeton canonical work but abstract too general,,
4,W2049871839,10.1016/s1081-602x(99)00009-3,Women's status and fertility in rural India,1999,The History of the Family,UNCERTAIN,OFF_OTHER,MASS_MEDIA,NA,observational,,"women's status, autonomy and mass media exposure affecting fertility; primary mechanisms appear to be empowerment rather than diffusion of fertility-control idea",,
4,W2149122444,10.31899/pgy6.1014,Government and fertility in transitional and post-transitional societies,1998,,UNCERTAIN,OFF_VALUE_D1,NA,NA,review,,Framework of government influences on fertility; category on state-symbol diffusion replacing local traditions touches value shift but mechanism unclear from abstract.,,
4,W1990260577,10.2307/2808032,The Continuing Demographic Transition,1998,Population and Development Review,UNCERTAIN,DIFFUSION_THEORY,NA,NA,review,,multi-author demographic transition collection; could include relevant diffusion or foundational contributions but unclear from abstract,,
4,W2049266804,10.2307/3038299,Explaining fertility transitions,1997,Demography,UNCERTAIN,DIFFUSION_THEORY,NA,NA,theory,,proposes interactive theory of transition involving perception and couple switching behavior; unclear if formalizes social diffusion,,
4,W2056802845,10.2307/2171877,Social Distance and Social Decisions,1997,Econometrica,UNCERTAIN,OFF_VALUE_D1,NA,NA,theory,,"Theory of social distance and inherited social class affecting fertility decisions; routes to underlying value/position drivers, not diffusion mechanism",,
4,W2742277735,10.3138/jcfs.27.3.437,Attitudes Toward Family and Gender Roles: A Comparison of English and French Canadian Women,1996,Journal of Comparative Family Studies,UNCERTAIN,PRIMARY_CULTURAL_BOUNDARY_CONTENT,CULTURAL_LINGUISTIC_RELIGIOUS,UNCLEAR,observational,,ethno-cultural (English vs. French Canadian) attitude clustering; spread vs. stable boundaries mechanism unclear from abstract,,
4,W2613556906,,Fertility decline and recent changes in Russia: on the threshold of the second demographic transition.,1996,,UNCERTAIN,PRIMARY_LEGITIMATION_SPREAD,LEGITIMATION_KNOWLEDGE,DESCRIPTIVE_RESIDUAL_ONLY,historical,,Shift to two-child norm in postwar cohorts; linked to social modernization but identification is descriptive residual,,
4,W2059092337,10.1007/bf00240425,Network models of the diffusion of innovations,1996,Computational and Mathematical Organization Theory,UNCERTAIN,DIFFUSION_THEORY,SOCIAL_NETWORK_PEER,NA,theory,,no abstract; network models of innovation diffusion; could be DIFFUSION_THEORY foundational work but unclear if addresses fertility control,,
4,W2299376649,10.1017/cbo9780511621611.002,"Anthropology theorizes reproduction: Integrating practice, political economic, and feminist perspectives",1995,Cambridge University Press eBooks,UNCERTAIN,DIFFUSION_THEORY,NA,NA,review,,anthropological review of reproduction scholarship post-WWII; discusses cultural change and social life but does not clearly focus on fertility control diffusion mechanism,,
4,W2475320842,10.1007/978-1-349-23947-4_8,"English Fertility, 1600–1900: Is an Economic Analysis Tenable?",1995,,UNCERTAIN,OFF_VALUE_D1,NA,NA,historical,,"Tests whether economic explanations suffice for fertility decline; focuses on development drivers, not diffusion of control knowledge",,
4,W4205250561,10.1177/036319909502000203,The Story of a 'Maverick': Bulgaria's Fertility Decline,1995,Journal of Family History,UNCERTAIN,PRINCETON_CANON,NA,DESCRIPTIVE_RESIDUAL_ONLY,historical,,regional European (Bulgaria) fertility decline; descriptive complex interaction of cultural and economic factors without identified primary estimand,,
4,W2035777550,10.1177/011719689200100203,On Mobility and Fertility Transitions in East and Southeast Asia,1992,Asian and Pacific migration journal,UNCERTAIN,PRIMARY_SPATIAL_DIFFUSION,SPATIAL_MIGRATION,DESCRIPTIVE_RESIDUAL_ONLY,comparative,,Examines spatial-temporal relationship between migration and fertility decline across Asian countries; descriptive pattern but unclear causal identification,,
4,W2399920769,,The Demographic Transition in Ireland in International Context,1992,,UNCERTAIN,PRINCETON_CANON,NA,UNCLEAR,descriptive,,descriptive demographic transition comparison; foundational work but no explicit diffusion mechanism identified,,
4,W4386343784,10.4000/books.ined.13527,Les transitions européennes : de Malthus à Pincus,1986,,UNCERTAIN,PRINCETON_CANON,NA,DESCRIPTIVE_RESIDUAL_ONLY,descriptive,,European fertility decline (~Malthus to Pincus); likely Princeton descriptive canon but insufficient abstract to confirm estimand,,
4,W3181488161,10.1515/9781400857159,The British Fertility Decline,1984,Princeton University Press eBooks,UNCERTAIN,PRINCETON_CANON,NA,DESCRIPTIVE_RESIDUAL_ONLY,historical,,"Intensive provincial-level analysis of British fertility transition; potentially foundational EFP canon, but abstract does not confirm identified diffusion estimand",,
4,W2031236773,10.2307/1972905,Theory of Fertility Decline.,1983,Population and Development Review,UNCERTAIN,DIFFUSION_THEORY,NA,NA,theory,,No abstract; title suggests theoretical treatment of fertility decline but scope uncertain,,
4,W2023249084,10.2307/1965830,"Trends in Fertility, Family Size Preferences, and Family Planning Practice: Taiwan, 1961-80",1981,Studies in Family Planning,UNCERTAIN,PRINCETON_CANON,NA,DESCRIPTIVE_RESIDUAL_ONLY,descriptive,,Taiwan fertility transition; descriptive canon without explicit diffusion mechanism isolation,,
4,W2061435220,10.2307/1972925,On the Social Control of Human Reproduction,1980,Population and Development Review,UNCERTAIN,DIFFUSION_THEORY,NA,NA,theory,,"theoretical framework linking institutional/normative change to fertility control in pre- and post-transition settings; may preserve as diffusion theory, but no own fertility estimate",,
4,W4250346536,10.2307/1862423,A History of Italian Fertility during the Last Two Centuries,1978,The American Historical Review,UNCERTAIN,PRINCETON_CANON,NA,NA,historical,,historical fertility account for Italy; likely foundational descriptive work but no abstract to confirm empirical estimand,,
4,W2891761690,10.1086/260265,A Theory of Social Interactions,1974,Journal of Political Economy,UNCERTAIN,DIFFUSION_THEORY,NA,NA,theory,,"Title only, no abstract; foundational theory of social interactions but fertility content unclear",,
4,W2415050879,,Early fertility decline in Austria-Hungary: a lesson in demographic transition.,1968,PubMed,UNCERTAIN,PRINCETON_CANON,SPATIAL_MIGRATION,NA,historical,,Early fertility decline in Austria-Hungary as demographic transition case study; likely Princeton canon but no abstract to confirm,,
4,W2608560640,10.2307/1247718,Personal Influence: The Part Played by People in the Flow of Mass Communications,1956,Journal of Marketing,UNCERTAIN,DIFFUSION_THEORY,SOCIAL_NETWORK_PEER,NA,theory,,likely Lazarsfeld-Katz foundational work on opinion leadership and two-step flow; theory of communication diffusion but no fertility estimate without abstract,,
5,W3125950974,10.1215/00703370-9164749,"Stop! Go! What Can We Learn About Family Planning From Birth Timing in Settler South Africa, 1835-1950?",2021,ANU Open Research (Australian National University),UNCERTAIN,INSUFFICIENT_INFO,NA,NA,historical,yes,"No abstract; historical title suggests descriptive analysis of birth patterns, mechanism unclear",,
5,W2913937462,10.1016/j.eeh.2020.101352,"Change and persistence in the Age of Modernization: Saint-Germain-d’Anxure, 1730–1895",2020,Explorations in Economic History,UNCERTAIN,INSUFFICIENT_INFO,NA,NA,unknown,yes,Title-only record spanning modernization period (1730–1895); title does not state estimand; cannot determine if content bears on A.3,,
5,W2984137580,10.2139/ssrn.3702670,Modernization Before Industrialization: Cultural Roots of the Demographic Transition in France,2020,SSRN Electronic Journal,UNCERTAIN,INSUFFICIENT_INFO,NA,NA,historical,yes,no abstract; title suggests cultural/modernization roots of French demographic transition; could be DIFFUSION_THEORY or PRINCETON_CANON but estimand unclear,,
5,W2530604122,10.1016/j.jebo.2019.04.003,Adherence to cultural norms and economic incentives: Evidence from fertility timing decisions,2019,Journal of Economic Behavior & Organization,UNCERTAIN,INSUFFICIENT_INFO,NA,NA,unclear,yes,No abstract; title suggests cultural norms (diffusion candidate) and economic incentives but design and whether diffusion is the mechanism cannot be assessed,,
5,W2857344469,10.1111/padr.12165,Fertility Differentials by Education in Brazil: From the Conclusion of Fertility to the Onset of Postponement Transition,2018,Population and Development Review,UNCERTAIN,INSUFFICIENT_INFO,NA,NA,unknown,yes,"Title-only: describes fertility differential by education during transition, no diffusion mechanism evident",,
5,W2850446400,10.1016/j.euroecorev.2018.07.001,How far can economic incentives explain the French fertility and education transition?,2018,European Economic Review,UNCERTAIN,INSUFFICIENT_INFO,NA,NA,unknown,yes,title suggests economic drivers of fertility but no abstract to assess estimand,,
5,W2135512100,10.1007/s10887-015-9111-6,Old habits die hard (sometimes),2015,Journal of Economic Growth,UNCERTAIN,INSUFFICIENT_INFO,NA,NA,other,yes,Title is vague idiom; no abstract or information to determine estimand,,
5,W2046478075,10.4054/demres.2014.30.17,The historical fertility transition at the micro level,2014,Demographic Research,UNCERTAIN,INSUFFICIENT_INFO,NA,NA,observational,yes,Abstract truncated; cannot assess mechanism,,
5,W1995413771,10.1016/s0378-8733(00)00030-7,"Accuracy, stability and reciprocity in informal conversational networks in rural Kenya",2000,Social Networks,UNCERTAIN,INSUFFICIENT_INFO,NA,NA,descriptive,yes,Title mentions informal networks in rural Kenya but no abstract provided; insufficient information on content,,
5,W1528167040,10.2307/2938463,Cultural and Economic Approaches to Fertility: Proper Marriage or Mesalliance?,1993,Population and Development Review,UNCERTAIN,INSUFFICIENT_INFO,NA,NA,other,yes,"No abstract; title-only policy applies—title frames methodological comparison, insufficient to identify estimand",,
5,W52061472,10.1016/s1573-4471(88)01015-0,Chapter 12 Economic approaches to population growth,1988,Handbook of development economics,UNCERTAIN,INSUFFICIENT_INFO,NA,NA,review,yes,no abstract; chapter on economic approaches to population growth but A.3 relevance unclear,,
5,W2049771121,10.1007/bf01124379,The fertility transition: Europe and the Third World compared,1987,Sociological Forum,UNCERTAIN,INSUFFICIENT_INFO,NA,NA,observational,yes,no abstract; comparative fertility transition work; estimand unclear,,
5,W7127933195,10.2139/ssrn.6051974,"A Global Fertility Convergence Regularity: Income, Institutions and Norm Alignment",2026,SSRN Electronic Journal,UNCERTAIN,INSUFFICIENT_INFO,NA,NA,other,,"title alone insufficient; 'norm alignment' suggests diffusion but estimand not stated verbatim, no abstract",,
5,W7202396812,10.7759/s44404-026-00223-9,Between Career and Cradle: Female Participation in the Labor Market and Fertility Transition in Tunisia,2026,Cureus Journal of Business and Economics.,UNCERTAIN,INSUFFICIENT_INFO,NA,NA,other,,"title only, no abstract; female labor force participation and fertility likely D.1 (opportunity cost) not diffusion",,
5,W7163907414,10.1007/s11113-026-10017-3,Continuing the Family Lineage? Primary Family Members’ Traditional Fertility Values and Fertility in Rural China,2026,Population Research and Policy Review,UNCERTAIN,INSUFFICIENT_INFO,NA,NA,unknown,,"no abstract; title suggests intergenerational family-value transmission (A.19), not horizontal diffusion",,
5,W7129003855,10.1007/s12062-026-09530-2,Ethnic Groups Disparities on Fertility among Indonesian Women Aged 15–49: A Cross-Sectional Study Using National Data,2026,Journal of Population Ageing,UNCERTAIN,INSUFFICIENT_INFO,NA,NA,unknown,,no abstract; title on ethnic disparities in fertility insufficient per policy,,
5,W7170197999,10.3917/adh1.151.0151,"Forerunners and latecomers? Wealth, Status, and Fertility Differentials Among the Peasants of South-Eastern Poland Between the Wars",2026,Annales de Démographie Historique,UNCERTAIN,INSUFFICIENT_INFO,SPATIAL_MIGRATION,DESCRIPTIVE_RESIDUAL_ONLY,historical,,Detailed transition analysis with socioeconomic variation in Poland; tests hierarchical diffusion hypothesis but insufficient detail to assess mechanism,,
5,W7160707536,10.1016/j.labeco.2026.102895,Geographic variation in fertility: evidence from mover design,2026,Labour Economics,UNCERTAIN,INSUFFICIENT_INFO,NA,NA,other,,"Title suggests mover design studying fertility geographic variation, but no abstract to assess estimand",,
5,W7138843083,10.2139/ssrn.6347078,Homeland Echoes: The Persistent Grip of Origin Culture on Immigrants,2026,SSRN Electronic Journal,UNCERTAIN,INSUFFICIENT_INFO,NA,NA,other,,no abstract; title suggests cultural transmission in immigrants but does not clearly state A.3 estimand,,
5,W7154963122,10.2139/ssrn.6521458,"Infrastructure Without Norm, Norm Without Infrastructure: Cross-Case Evidence for the Asymmetric Fertility Thesis",2026,SSRN Electronic Journal,UNCERTAIN,INSUFFICIENT_INFO,NA,NA,other,,"Infrastructure vs. norms in fertility change; suggestive title but no abstract, insufficient information to classify",,
5,W7163885467,10.1007/978-3-319-57365-6_251-1,"Islam, Institutions, and Fertility",2026,,UNCERTAIN,INSUFFICIENT_INFO,NA,NA,other,,Title only; no abstract; potential relationship to cultural factors in fertility but estimand not determinable,,
5,W7125696253,10.5817/cz.muni.m280-0823-2026,Population development in Slovak regions in time of the (first) demographic transition,2026,,UNCERTAIN,INSUFFICIENT_INFO,NA,NA,historical,,Regional FDT analysis mentioning modernization's effect on deliberate fertility regulation; unclear whether estimand is diffusion of control or modernization-driven value shifts (D.1),,
5,W7136811068,10.2139/ssrn.6427879,"Sex and the city in Japan: gendered migration, labour, and marriage in the early 20th century",2026,SSRN Electronic Journal,UNCERTAIN,INSUFFICIENT_INFO,NA,NA,historical,,"no abstract; title suggests gendered migration and marriage in early 20th century Japan, unclear relevance to fertility control diffusion",,
5,W7168297084,10.1016/j.evolhumbehav.2026.106938,"Sociosexual orientation, life history strategy, and reproductive success: A large-scale cross-cultural analysis across 92 contemporary societies",2026,Evolution and Human Behavior,UNCERTAIN,INSUFFICIENT_INFO,NA,NA,observational,,"no abstract; title suggests life-history and reproductive success variation, likely evolutionary/biological, not social diffusion",,
5,W7140177959,10.2139/ssrn.6367098,Solidarity as a Demographic Mechanism: A Conceptual Framework for the Analysis of Fertility in Religious Communities,2026,SSRN Electronic Journal,UNCERTAIN,INSUFFICIENT_INFO,NA,NA,theory,,title only; 'Solidarity as a Demographic Mechanism' in religious communities is suggestive but 'Conceptual Framework' indicates no empirical estimand present,,
5,W7164809333,10.1016/j.jdeveco.2026.103844,The complementary role of information and contraceptive access in teen pregnancy,2026,Journal of Development Economics,UNCERTAIN,INSUFFICIENT_INFO,NA,NA,other,,No abstract available; insufficient to determine whether estimand concerns diffusion of fertility control or contraceptive information/access,,
5,W7108452300,10.1016/j.nexres.2025.101194,"Agriculture, population dynamics and climate change: A role in contraception uptake",2025,Next research.,UNCERTAIN,INSUFFICIENT_INFO,NA,NA,other,,No abstract; title mentions contraception but mechanism unclear,,
5,W4413812125,10.2139/ssrn.5415855,Controlling Complex Contagions,2025,SSRN Electronic Journal,UNCERTAIN,INSUFFICIENT_INFO,NA,NA,theory,,"Title only: 'Controlling Complex Contagions.' Complex contagion is a diffusion model concept, but no abstract; fertility outcome not stated.",,
5,W4416921789,10.2139/ssrn.5669332,Dopaminergic Relativity and the Abundance Paradox: Why Prosperity Predicts Fertility and Motivational Decline,2025,SSRN Electronic Journal,UNCERTAIN,INSUFFICIENT_INFO,NA,NA,theory,,Title mentions prosperity and fertility; no abstract provided; insufficient for routing.,,
5,W4417180997,10.1007/s42650-025-00100-z,Education and Fertility Transition in Peru: A Cohort Analysis of Women Born between 1936 and 1984,2025,Canadian Studies in Population,UNCERTAIN,INSUFFICIENT_INFO,NA,NA,unknown,,Title-only record; no abstract to assess estimand.,,
5,W4412674267,10.1007/s12546-025-09368-z,Educational differentials in cohort fertility rates across Indian macro-regions: A study of cohorts born between 1945–1949 and 1975–1979,2025,Journal of Population Research,UNCERTAIN,INSUFFICIENT_INFO,NA,NA,observational,,no abstract; title on education-fertility differentials across Indian regions but mechanism unclear,,
5,W4409858788,10.1016/j.cities.2025.106002,Fertility and urbanization,2025,Cities,UNCERTAIN,INSUFFICIENT_INFO,NA,NA,other,,"Title only, no abstract; insufficient information",,
5,W4416790073,10.1080/1081602x.2025.2593839,Finding families near and far in Canada and the United States,2025,The History of the Family,UNCERTAIN,INSUFFICIENT_INFO,SPATIAL_MIGRATION,NA,review,,"Special-issue collection on North American family history; mentions regional/cultural patterns of fertility change but is editorial overview, not specific estimand.",,
5,W4415279015,10.2139/ssrn.5618673,Historical Newspaper Markets,2025,SSRN Electronic Journal,UNCERTAIN,INSUFFICIENT_INFO,MASS_MEDIA,NA,other,,"no abstract; historical newspaper markets, fertility involvement unclear",,
5,W7115177215,10.1016/j.econmod.2025.107440,"Producing more, reproducing less: The demographic costs of China's export success",2025,Economic Modelling,UNCERTAIN,INSUFFICIENT_INFO,NA,NA,other,,No abstract available for screening,,
5,W4410779731,10.2139/ssrn.5270645,Refugee Immigration and Host Country Fertility,2025,SSRN Electronic Journal,UNCERTAIN,INSUFFICIENT_INFO,NA,NA,descriptive,,No abstract; title on immigration and fertility but estimand unspecified,,
5,W7115707169,10.4236/ce.2025.1612123,Review of Fertility Theories for a Holistic Approach to Adolescent Sexual and Reproductive Health and Rights in Côte d’Ivoire,2025,Creative Education,UNCERTAIN,INSUFFICIENT_INFO,NA,NA,review,,"Literature review of fertility theories (Malthusian, sociological) in Côte d'Ivoire; abstract does not indicate focus on A.3 diffusion mechanisms",,
5,W4410477498,10.1007/978-3-031-91536-9_6,"Roma Parental Investment, Unwanted Childbearing and Child Nutritional Status in the Western Balkan Roma Communities",2025,,UNCERTAIN,INSUFFICIENT_INFO,NA,NA,other,,"Title mentions unwanted childbearing in Roma communities, but no abstract to assess mechanism or role of diffusion",,
5,W4410894866,10.1007/s10887-025-09256-4,The toll of tariffs: The impact of protectionism on education and fertility in late 19th century France,2025,Journal of Economic Growth,UNCERTAIN,INSUFFICIENT_INFO,NA,NA,other,,title indicates analysis of tariff effects on education and fertility in 19th-century France; no abstract provided,,
5,W4406569321,10.1016/j.ehb.2025.101470,Too busy with the “rat race” to have kids? Longitudinal evidence on the impact of peer grit on the fertility of reproductive-age women in China,2025,Economics & Human Biology,UNCERTAIN,INSUFFICIENT_INFO,NA,NA,observational,,"peer-grit effects on fertility; mechanism unclear — could be peer influence on aspirations or mimicry, insufficient detail",,
5,W4414350543,10.12688/verixiv.1743.1,Understanding Clients’ and Providers’ Perspectives on the Implementation of DMPA-SC for Self-injection Programming in Nigeria,2025,,UNCERTAIN,INSUFFICIENT_INFO,NA,NA,other,,no abstract provided; title suggests program implementation but cannot assess estimand,,
5,W4410477463,10.1007/978-3-031-91536-9_2,Unwanted Childbearing,2025,,UNCERTAIN,INSUFFICIENT_INFO,NA,NA,other,,No abstract available; insufficient to determine relevance,,
5,W4412389055,10.2139/ssrn.5350332,When Do Migrants Shape Culture?,2025,SSRN Electronic Journal,UNCERTAIN,INSUFFICIENT_INFO,NA,NA,other,,Title only: 'When Do Migrants Shape Culture?' No abstract; fertility outcome unstated.,,
5,W4398152009,10.2139/ssrn.4834635,Do Childcare Regulations Widen the Fertility Gap? Evidence From the United States,2024,SSRN Electronic Journal,UNCERTAIN,INSUFFICIENT_INFO,NA,NA,unclear,,"No abstract; title indicates childcare-policy effect on fertility inequality but mechanism (diffusion, economic access, values) cannot be assessed",,
5,W4400339688,10.1016/j.wdp.2024.100614,Effect of electricity access on the value of women’s labour and time in Ghana,2024,World Development Perspectives,UNCERTAIN,INSUFFICIENT_INFO,NA,NA,observational,,"no abstract; likely studies economic mechanisms affecting fertility, not social diffusion of fertility control",,
5,W4400380763,10.1016/j.enpol.2024.114242,Energy poverty and fertility intentions: An empirical analysis from household multidimensional perspectives,2024,Energy Policy,UNCERTAIN,INSUFFICIENT_INFO,NA,NA,other,,No abstract; energy poverty and fertility intentions mentioned but estimand unclear,,
5,W4403200839,10.1111/padr.12669,Fertility Desires and Contraceptive Transition,2024,Population and Development Review,UNCERTAIN,INSUFFICIENT_INFO,LEGITIMATION_KNOWLEDGE,UNCLEAR,theory,,Conceptual model of how fertility desires translate to contraceptive use; discusses acceptability and accessibility but unclear whether addresses diffusion of control knowledge across social/cultural boundaries versus individual barriers,,
5,W4404024817,10.1073/pnas.2320247121,Forecasting Africa’s fertility decline by female education groups,2024,Proceedings of the National Academy of Sciences,UNCERTAIN,INSUFFICIENT_INFO,NA,DESCRIPTIVE_RESIDUAL_ONLY,observational,,Finds empirical association that higher educated-women prevalence influences all education groups' fertility; framing as forecasting rather than testing diffusion mechanism; cannot separate from common shock,,
5,W4407044973,10.1007/978-981-97-8418-9_21,Gender-Parity-Specific Fertility Decline in India: A Spatiotemporal Study,2024,,UNCERTAIN,INSUFFICIENT_INFO,NA,NA,unknown,,"Title-only record with no abstract; gender-parity-specific spatial-temporal patterns in fertility decline, but cannot determine if content addresses diffusion mechanism",,
5,W4403130703,10.1007/s11150-024-09737-2,How informal institutions matter: clan culture and fertility in China,2024,Review of Economics of the Household,UNCERTAIN,INSUFFICIENT_INFO,NA,NA,observational,,no abstract; title about clan culture effects on fertility; could be OFF_VALUE_D1 (cultural values) or PRIMARY_CULTURAL_BOUNDARY_CONTENT if about diffusion along cultural lines; unclear without content,,
5,W4394876687,10.1016/j.contraception.2024.110470,"Individual, partner, and community variables associated with method-specific contraceptive beliefs in urban and rural Kenya",2024,Contraception,UNCERTAIN,INSUFFICIENT_INFO,NA,NA,other,,no abstract; title mentions community factors but unclear if diffusion mechanism,,
5,W4399722199,10.2139/ssrn.4866868,Infant Mortality Expectation and Fertility Choice in Rural Malawi,2024,SSRN Electronic Journal,UNCERTAIN,INSUFFICIENT_INFO,NA,NA,other,,"No abstract; title suggests infant-mortality expectations affecting fertility choice, but insufficient to route on A.3 vs. other determinants",,
5,W4318449984,10.5477/cis/reis.39.45,"La fecundidad y sus determinantes en España, 1887-1920. Un ensayo de interpretación",2024,Revista Española de Investigaciones Sociológicas,UNCERTAIN,INSUFFICIENT_INFO,NA,NA,descriptive,,Spanish fertility patterns 1887-1920 with rural/urban comparison; abstract in Spanish mentions reciprocal influence between areas and migration but lacks clear diffusion mechanism or estimand,,
5,W4405380535,10.1007/s11698-024-00301-7,"Railroads, fertility and the demographic transition in England and Wales",2024,Cliometrica,UNCERTAIN,INSUFFICIENT_INFO,NA,NA,other,,"Railroads and fertility transition; title only, no abstract—cannot determine if diffusion mechanism (migration/spatial contact) or economic effect",,
5,W4405496372,10.1080/17441730.2024.2430035,"Rural/urban fertility differentials and the role of female education in declining birth rates: comparative analysis in Asia, Africa, and Latin America",2024,Asian Population Studies,UNCERTAIN,INSUFFICIENT_INFO,SPATIAL_MIGRATION,DESCRIPTIVE_RESIDUAL_ONLY,descriptive,,"Documents education and rural/urban fertility differentials; concluding note identifies need to study diffusion process, but paper does not itself identify diffusion mechanism",,
5,W4410982286,10.3917/adh.147.0137,The transition of Turkish women and the family in the 1950s and 1960s and its subsequent impact on fertility decline and contraceptive attitudes,2024,Annales de Démographie Historique,UNCERTAIN,INSUFFICIENT_INFO,NA,NA,other,,no abstract; title indicates women's role transitions and fertility/contraceptive impacts in 1950s–60s Turkey but mechanism unclear,,
5,W4393044201,10.15476/elte.2022.178,A térbeliség és felekezeti hovatartozás differenciáló szerepe a 19-20. századi Székelyföld termékenységi mintázataiban,2023,Eötvös Loránd Tudományegyetem,UNCERTAIN,INSUFFICIENT_INFO,NA,NA,historical,,"title only (Hungarian); spatial and religious patterns in fertility, mechanism unclear",,
5,W4385257245,10.2139/ssrn.4515825,Cultural Change and Policy Implementation: Promoting Later Marriage in 1970s China,2023,SSRN Electronic Journal,UNCERTAIN,INSUFFICIENT_INFO,NA,NA,other,,No abstract; title suggests cultural change and policy on marriage; mechanism unclear,,
5,W4388557580,10.2139/ssrn.4602593,"Culture Wars and Human Capital: Evidence from the ""Fundamentalist-Modernist"" Controversy",2023,SSRN Electronic Journal,UNCERTAIN,INSUFFICIENT_INFO,NA,NA,other,,No abstract available for screening,,
5,W4388642176,10.2139/ssrn.4603876,Culture and Fertility: How Religion Mediates the Response to Maternity Benefits,2023,SSRN Electronic Journal,UNCERTAIN,INSUFFICIENT_INFO,NA,NA,unclear,,No abstract; title alone does not indicate whether religion operates as a value/cultural conduit or as a diffusion mechanism for fertility control,,
5,W4386502095,10.4054/demres.2023.49.19,Describing the Dutch Social Networks and Fertility Study and how to process it,2023,Demographic Research,UNCERTAIN,INSUFFICIENT_INFO,SOCIAL_NETWORK_PEER,NA,other,,Title indicates documentation of a Dutch social networks and fertility study; abstract is metadata only—insufficient to verify whether estimand is present,,
5,W4322767270,10.1007/s40980-023-00116-6,Determinants of Fertility During the Fertility Transition in Estonia: A Spatial Analysis,2023,Spatial Demography,UNCERTAIN,INSUFFICIENT_INFO,NA,NA,other,,Spatial analysis of fertility determinants; no abstract to distinguish diffusion from common spatial shock,,
5,W4387002024,10.29063/ajrh2023/v27i7.2,Exploring fertility preferences among women aged 15-24 in the Democratic Republic of Congo,2023,African Journal of Reproductive Health,UNCERTAIN,INSUFFICIENT_INFO,NA,NA,observational,,Cites diffusion and socioeconomic theories but abstract focuses on socioeconomic covariates; diffusion mechanism not specified.,,
5,W4387818570,10.1007/978-981-99-5829-0_6,Family-Related Values in South Korea: Temporal Changes and Cross-National Differences,2023,,UNCERTAIN,INSUFFICIENT_INFO,NA,NA,other,,No abstract; title alone insufficient,,
5,W4385663602,10.1007/s43545-023-00729-0,Fertility decisions in the wake of COVID-19: a comprehensive review of influencing determinants and trends,2023,SN Social Sciences,UNCERTAIN,INSUFFICIENT_INFO,NA,NA,review,,no abstract; review of fertility determinants during COVID-19 but scope and focus unknown,,
5,W4388839992,10.1080/17441730.2023.2250971,Is Pakistan’s fertility transition stalling?,2023,Asian Population Studies,UNCERTAIN,INSUFFICIENT_INFO,NA,NA,descriptive,,"examines barriers to fertility decline (family size preference, contraceptive demand) but does not clarify whether diffusion vs other mechanisms drive observed patterns",,
5,W4386037831,10.1007/978-3-319-57365-6_385-1,Media and Health Outcomes,2023,,UNCERTAIN,INSUFFICIENT_INFO,MASS_MEDIA,NA,other,,no abstract; title suggests media-health link but fertility control involvement unclear,,
5,W4388095865,10.2139/ssrn.4588970,"Migration, Social Change, and the Early Decline in U.S. Fertility",2023,SSRN Electronic Journal,UNCERTAIN,INSUFFICIENT_INFO,NA,NA,unclear,,"Title alone (no abstract) does not specify whether mechanism is social diffusion, intergenerational transmission, or economic migration effects",,
5,W4313885788,10.4054/demres.2023.48.2,Parental status homogeneity in social networks: The role of homophilous tie selection in Germany,2023,Demographic Research,UNCERTAIN,INSUFFICIENT_INFO,NA,NA,observational,,"Network selection by parental status; abstract truncated, but appears to study homophilous tie selection rather than diffusion of fertility-control ideas",,
5,W4328136328,10.1016/j.mathsocsci.2023.03.003,Social influence: The Usage History heuristic,2023,Mathematical Social Sciences,UNCERTAIN,INSUFFICIENT_INFO,NA,NA,theory,,Title-only; social influence and usage heuristics; insufficient to determine if fertility-related or relevant to A.3,,
5,W4386310782,10.1016/bs.hefam.2023.01.003,The economics of fertility: a new era,2023,Handbook of the economics of the family,UNCERTAIN,INSUFFICIENT_INFO,NA,NA,other,,no abstract; title alone is insufficient to determine relevance,,
5,W4319072539,10.1016/j.chieco.2023.101936,Women's education and fertility in China,2023,China Economic Review,UNCERTAIN,INSUFFICIENT_INFO,NA,NA,other,,"Title only, no abstract; insufficient information",,
5,W4302763852,10.14431/aw.2022.9.38.3.99,"Does Demand for Women in the Agricultural Labor Force Reduce the Practice of Chhaupadi? Empirical Evidence from Tikapur, Nepal",2022,Asian Women,UNCERTAIN,INSUFFICIENT_INFO,NA,NA,unknown,,"abstract truncated; title addresses Chhaupadi (menstrual practice), not fertility control diffusion",,
5,W4285107887,10.2139/ssrn.4094060,Ethnic Enclaves and Cultural Assimilation,2022,SSRN Electronic Journal,UNCERTAIN,INSUFFICIENT_INFO,CULTURAL_LINGUISTIC_RELIGIOUS,NA,other,,No abstract; title alone insufficient despite cultural-boundary relevance,,
5,W4294343569,10.1007/978-3-031-11840-1,Fertility Transition in the Developing World,2022,SpringerBriefs in population studies,UNCERTAIN,INSUFFICIENT_INFO,NA,NA,review,,Open-access overview of fertility transitions since 1950s; no specific estimand identifiable from abstract.,,
5,W4213072311,10.1002/9781119902850.ch4,Fertility and Nuptiality,2022,,UNCERTAIN,INSUFFICIENT_INFO,NA,NA,review,,Chapter discussing fertility decline theories; abstract mentions insularity favoring dissemination of attitudes but mechanism too vague to determine if A.3 estimand is present,,
5,W4226051560,10.2139/ssrn.4051996,"Government Transfers, COVID-19 Shock, and Food Insecurity: Evidence from Rural Households in India",2022,SSRN Electronic Journal,UNCERTAIN,INSUFFICIENT_INFO,NA,NA,observational,,"no abstract; about government aid and food security in COVID, not fertility diffusion",,
5,W4206922115,10.1016/j.jebo.2021.12.037,Kinship and fertility: Brother and sibling effects on births in a patrilineal system,2022,Journal of Economic Behavior & Organization,UNCERTAIN,INSUFFICIENT_INFO,NA,NA,observational,,no abstract; title suggests vertical kinship transmission of fertility (brother/sibling effects),,
5,W3133626977,10.2139/ssrn.4114309,Migration and Cultural Change,2022,SSRN Electronic Journal,UNCERTAIN,INSUFFICIENT_INFO,NA,NA,unknown,,Title-only: migration and cultural change; could relate to A.3 spatial/cultural diffusion but no abstract to confirm fertility-control focus,,
5,W4226474359,10.1007/978-3-030-91611-4_8,"More Education, Fewer Children",2022,,UNCERTAIN,INSUFFICIENT_INFO,NA,NA,other,,"No abstract; title 'More Education, Fewer Children' suggests education effect on fertility preferences (D.1) vs. diffusion; cannot assess without abstract",,
5,W4362645592,10.1007/978-3-030-66252-3_2852,Pronatal Responses to National Decline,2022,,UNCERTAIN,INSUFFICIENT_INFO,NA,NA,other,,no abstract; title suggests pronatalist policy responses; estimand unclear,,
5,W4312686635,10.2139/ssrn.4226526,Social Influence: The Usage History Heuristic,2022,SSRN Electronic Journal,UNCERTAIN,INSUFFICIENT_INFO,NA,NA,other,,no abstract; title 'Social Influence: The Usage History Heuristic' is too vague; uncertain whether this addresses fertility,,
5,W4226402405,10.1007/978-3-030-91611-4_5,The Demographic Transition: Fewer Deaths and Eventually Fewer Births,2022,,UNCERTAIN,INSUFFICIENT_INFO,NA,NA,other,,Demographic transition title; no abstract; cannot establish whether diffusion mechanism is addressed,,
5,W4285263916,10.2139/ssrn.4114800,The Economics of Fertility: A New Era,2022,SSRN Electronic Journal,UNCERTAIN,INSUFFICIENT_INFO,NA,NA,other,,title only; cannot route without abstract,,
5,W4285284644,10.1007/978-3-031-02040-7_30,The Education Revolution,2022,International handbooks of population,UNCERTAIN,INSUFFICIENT_INFO,NA,NA,other,,No abstract available for screening,,
5,W4294343523,10.1007/978-3-031-11840-1_3,Transitions in Individual Reproductive Behavior and Preferences,2022,SpringerBriefs in population studies,UNCERTAIN,INSUFFICIENT_INFO,NA,NA,review,,Descriptive overview of contraceptive trends and unmet need; no identifiable diffusion or social-exposure mechanism.,,
5,W4416650619,10.1108/978-1-64802-499-320251006,Demographic Crisis or Demographic Adaptation?,2021,,UNCERTAIN,INSUFFICIENT_INFO,NA,NA,other,,Title-only record with no abstract,,
5,W3172512037,10.1371/journal.pone.0252977,Method-specific beliefs and subsequent contraceptive method choice: Results from a longitudinal study in urban and rural Kenya,2021,PLoS ONE,UNCERTAIN,INSUFFICIENT_INFO,SOCIAL_NETWORK_PEER,UNCLEAR,observational,,Method-specific beliefs and choice in Kenya; social-context variation noted but diffusion mechanism not explicitly estimated,,
5,W4241545845,10.1007/978-3-319-95687-9_140,Mobile Technology and Gender Equality,2021,Encyclopedia of the UN sustainable development goals,UNCERTAIN,INSUFFICIENT_INFO,NA,NA,other,,title only; abstract absent prevents assessment of whether mechanism involves fertility control diffusion,,
5,W3169483891,10.2139/ssrn.3865472,"More Goals, Fewer Babies? On National Teams' Performance and Birth Rates",2021,SSRN Electronic Journal,UNCERTAIN,INSUFFICIENT_INFO,NA,NA,other,,Title-only record; appears to be homonym (sports performance and births) but cannot be confirmed without abstract,,
5,W3179783205,10.1007/s12134-021-00840-2,Municipality Characteristics and the Fertility of Refugees in Norway,2021,Journal of International Migration and Integration / Revue de l integration et de la migration internationale,UNCERTAIN,INSUFFICIENT_INFO,NA,NA,observational,,"Title only; unclear whether studying social diffusion, economic adaptation, or context effects",,
5,W4206298971,10.1080/00324728.2021.1996624,Population Studies at 75 years: An empirical review,2021,Population Studies,UNCERTAIN,INSUFFICIENT_INFO,NA,NA,review,,"Broad field review of Population Studies journal (N=1,901 papers); too general to determine A.3 specific coverage",,
5,W3200773290,10.1016/j.contraception.2021.08.018,"Promoting teen-to-teen contraceptive communication with the SpeakOut intervention, a cluster randomized trial",2021,Contraception,UNCERTAIN,INSUFFICIENT_INFO,SOCIAL_NETWORK_PEER,NA,other,,Title suggests teen-to-teen communication about contraception and RCT design but no abstract; could be A.3 spillover from A.5 program or A.3 social exposure,,
5,W3146031761,10.35484/pssr.2021(5-i)45,"Regional Variation in Acceptance of Punjab’s Family Planning Programme: A Comparative Analysis of Northern, Central and Southern Regions",2021,Pakistan Social Sciences Review,UNCERTAIN,INSUFFICIENT_INFO,SPATIAL_MIGRATION,NA,observational,,Regional variation in family planning program acceptance with multilevel analysis; unclear whether diffusion mechanism or regional structural differences (Coale/Lesthaeghe framework),,
5,W3207676910,10.1007/s10826-021-02095-y,Relationship between Chinese Women’s Childhood Family Background and their Fertility Intentions under Different Policy Conditions,2021,Journal of Child and Family Studies,UNCERTAIN,INSUFFICIENT_INFO,NA,NA,other,,Title-only; 'Childhood family background and fertility intentions under policy conditions' suggests value/preference mechanism but A.3 estimand not stated,,
5,W3157038277,10.1016/j.contraception.2021.04.013,Social and provider networks and women's contraceptive use: Evidence from Madagascar,2021,Contraception,UNCERTAIN,INSUFFICIENT_INFO,NA,NA,other,,"title indicates social networks and contraceptive use in Madagascar, but empty abstract prevents distinguishing A.3 from A.20 (provider networks may include programs)",,
5,W3199897417,10.17208/jkpa.2021.08.56.4.173,Spatial Dependence in Local Fertility Rate: A Spatial Panel Modeling Approach,2021,국토계획,UNCERTAIN,INSUFFICIENT_INFO,SPATIAL_MIGRATION,UNCLEAR,observational,,Title indicates spatial dependence in fertility; no abstract provided to assess whether identifies diffusion mechanism versus spatial correlation from common shocks,,
5,W3169266684,10.1016/j.jhealeco.2021.102483,Spillovers and Social Interaction Effects in the Demand for Preventive Healthcare: Evidence from the PROGRESA program,2021,Journal of Health Economics,UNCERTAIN,INSUFFICIENT_INFO,SOCIAL_NETWORK_PEER,NA,other,,"No abstract; title mentions spillovers and social interaction but outcome is health, not fertility",,
5,W3215868909,10.20473/ijph.v16i3.2021.492-502,THE ROLE OF INDIVIDUAL AND COMMUNITY FACTORS ON THE USE OF LONG-TERM CONTRACEPTIVE METHODS (MKJP) ON WOMEN OF REPRODUCTIVE AGE COUPLES IN INDONESIA 2018,2021,The Indonesian Journal of Public Health,UNCERTAIN,INSUFFICIENT_INFO,NA,NA,observational,,Individual and community factors on contraceptive use; mentions regional variation but does not specify whether community factors include social networks or diffusion mechanisms,,
5,W3136667212,10.4054/demres.2021.44.23,The paradox of change: Religion and fertility decline in South Korea,2021,Demographic Research,UNCERTAIN,INSUFFICIENT_INFO,NA,NA,observational,,"Religion and fertility decline in South Korea; abstract incomplete, cannot determine estimand",,
5,W3030593570,10.1007/s11135-020-00998-4,Changes over time in the spatial structure of fertility rates as a dynamic indicator of urban transformations,2020,Quality & Quantity,UNCERTAIN,INSUFFICIENT_INFO,NA,NA,other,,"Spatial structure of fertility rates and urban transformation; no abstract, unclear if diffusion vs. compositional",,
5,W2947317765,10.1016/j.jinteco.2020.103409,"Easy come, easy go? Economic shocks, labor migration and the family left behind",2020,Journal of International Economics,UNCERTAIN,INSUFFICIENT_INFO,NA,NA,other,,"title only; no abstract; relationship between economic shocks, migration, and fertility family is unclear from title alone",,
5,W3021678997,10.1007/978-981-15-3045-6_3,Explaining Fertility Decline in Greater Bengal: A Spatial Approach,2020,,UNCERTAIN,INSUFFICIENT_INFO,NA,NA,other,,"Title only, no abstract; spatial approach to fertility decline suggested but estimand unclear",,
5,W3046482668,10.1007/s12187-020-09753-5,"Having Children in a Time of Lowest-Low Fertility: Value of Children, Sex Preference and Fertility Desire among Taiwanese Young Adults",2020,Child Indicators Research,UNCERTAIN,INSUFFICIENT_INFO,NA,NA,observational,,Title mentions fertility desire and values; no abstract provided to assess mechanism,,
5,W3013561031,10.1007/s12546-020-09244-y,Individual and community factors associated with lifetime fertility in Eswatini: an application of the Easterlin–Crimmins model,2020,Journal of Population Research,UNCERTAIN,INSUFFICIENT_INFO,NA,NA,observational,,"Title mentions individual and community factors in fertility; no abstract provided, insufficient to determine if estimand concerns diffusion",,
5,W3171410620,10.2139/ssrn.3705484,Learning in Networks with Idiosyncratic Agents,2020,SSRN Electronic Journal,UNCERTAIN,INSUFFICIENT_INFO,NA,NA,theory,,Title suggests network learning theory but no abstract provided; cannot determine relevance to fertility control,,
5,W3012549572,10.1007/s10680-020-09555-z,Lent impact on the seasonality of conceptions during the twentieth century in Spain,2020,European Journal of Population / Revue européenne de Démographie,UNCERTAIN,INSUFFICIENT_INFO,NA,NA,other,,"no abstract; title concerns religious practice (Lent) and conception seasonality, not fertility-control diffusion",,
5,W3086906782,10.2139/ssrn.3689469,Migration and Cultural Change,2020,SSRN Electronic Journal,UNCERTAIN,INSUFFICIENT_INFO,NA,NA,unclear,,Title alone (no abstract) does not establish whether cultural change described includes fertility-control diffusion or other cultural domains,,
5,W3048697827,10.1007/978-3-319-70060-1_140-1,Mobile Technology and Gender Equality,2020,Encyclopedia of the UN sustainable development goals,UNCERTAIN,INSUFFICIENT_INFO,NA,NA,other,,No abstract provided to assess relevance,,
5,W2978152517,10.1016/j.alcr.2020.100326,Not all the same: Swedish teenage mothers’ and fathers’ selection into early family formation trajectories,2020,Advances in Life Course Research,UNCERTAIN,INSUFFICIENT_INFO,NA,NA,other,,No abstract available for screening,,
5,W3048633195,10.1007/978-3-030-48519-1_7,Regional Fertility Differences in India,2020,The Springer series on demographic methods and population analysis,UNCERTAIN,INSUFFICIENT_INFO,SPATIAL_MIGRATION,NA,descriptive,,"No abstract; title suggests regional fertility variation, possibly PRIMARY_SPATIAL_DIFFUSION but insufficient detail.",,
5,W3044800002,10.1016/j.alcr.2020.100359,"Sibling influence on family formation: A study of social interaction effects on fertility, marriage, and divorce",2020,Advances in Life Course Research,UNCERTAIN,INSUFFICIENT_INFO,NA,NA,other,,no abstract; cannot distinguish sibling vertical transmission from peer horizontal diffusion,,
5,W2911075563,10.3982/ecta17007,The Speed of Innovation Diffusion in Social Networks,2020,Econometrica,UNCERTAIN,INSUFFICIENT_INFO,SOCIAL_NETWORK_PEER,SEPARATES_FROM_COMMON_SHOCK,theory,,"Mathematical model of innovation diffusion speed in networks, but no indication whether specific to fertility control or general innovation diffusion",,
5,W2937041099,10.1007/978-3-030-10910-3_24,23 Anthropological Demography,2019,Handbooks of sociology and social research,UNCERTAIN,INSUFFICIENT_INFO,NA,NA,other,,"book chapter title only, no abstract; insufficient to assess relevance",,
5,W2937249670,10.1007/978-3-030-10910-3_31,30 Fertility Regulation,2019,Handbooks of sociology and social research,UNCERTAIN,INSUFFICIENT_INFO,NA,NA,other,,Empty abstract; generic title does not state A.3 estimand,,
5,W2938928044,10.1007/978-3-030-10910-3_35,34 Population Policy,2019,Handbooks of sociology and social research,UNCERTAIN,INSUFFICIENT_INFO,NA,NA,other,,No title or abstract available for screening,,
5,W2997548257,10.20947/s0102-3098a0098,A A transição da fecundidade no Brasil ao longo do século XX – uma perspectiva regional,2019,Revista Brasileira de Estudos de População,UNCERTAIN,INSUFFICIENT_INFO,SPATIAL_MIGRATION,NA,historical,,Regional fertility transition analysis for Brazil; describes spatial heterogeneity in transition timing but mechanism of diffusion versus regional differences unclear from abstract,,
5,W2907504607,10.1177/0272684x18821300,"Access to Information on Family Planning and Use of Modern Contraceptives Among Married Igbo Women in Southeast, Nigeria",2019,International Quarterly of Community Health Education,UNCERTAIN,INSUFFICIENT_INFO,LEGITIMATION_KNOWLEDGE,NA,observational,,Information access and contraceptive use; source and mechanism of information unclear,,
5,W2983536976,10.22459/aft.2020,Australia’s Fertility Transition: A study of 19th-century Tasmania,2019,ANU Press eBooks,UNCERTAIN,INSUFFICIENT_INFO,NA,NA,historical,,descriptive of fertility transition chronology; no identifiable estimand or mechanism visible,,
5,W2979652866,10.1007/s10461-019-02685-4,"Changing Childbearing Norms During an Era of ART Expansion in Malawi, 2009 to 2015",2019,AIDS and Behavior,UNCERTAIN,INSUFFICIENT_INFO,SOCIAL_NETWORK_PEER,UNCLEAR,observational,,"Title invokes changing norms, which could reflect diffusion of fertility control legitimation; no abstract provided to assess whether studying diffusion mechanism or norm-level shifts",,
5,W2979866267,10.4054/demres.2019.41.30,"Changing gender relations, declining fertility? An analysis of childbearing trajectories in 19th-century Netherlands",2019,Demographic Research,UNCERTAIN,INSUFFICIENT_INFO,NA,NA,historical,,title addresses gender relations and fertility decline in 19th-century Netherlands; abstract truncated,,
5,W2907757808,10.1007/s11113-018-09506-x,Cohabitation and Contraceptive Use in the United States: A Focus on Race and Ethnicity,2019,Population Research and Policy Review,UNCERTAIN,INSUFFICIENT_INFO,NA,NA,other,,Title mentions cohabitation and contraceptive use but lacks abstract; cannot route on visible record,,
5,W1990513740,10.4324/9780203710753-35,Diffusion of Innovations 1,2019,,UNCERTAIN,INSUFFICIENT_INFO,NA,NA,theory,,"Chapter on diffusion of innovations from communication perspective, but unclear if specific to fertility control or general innovation diffusion",,
5,W2924044854,10.1111/fare.12361,Family Change in Global Perspective: How and Why Family Systems Change,2019,Family Relations,UNCERTAIN,INSUFFICIENT_INFO,NA,UNCLEAR,descriptive,,"Describes global diffusion of family-system changes with development and cultural shifts, but mechanism unclear: common response to development vs. social diffusion of family ideas.",,
5,W2974383252,10.1007/978-981-13-5820-3_3,"Fertility Transition in the Districts of India, 1991–2011",2019,,UNCERTAIN,INSUFFICIENT_INFO,NA,NA,descriptive,,No abstract; title mentions fertility transition but estimand unspecified,,
5,W3125909487,10.2139/ssrn.3425644,Fertility and Modernity,2019,SSRN Electronic Journal,UNCERTAIN,INSUFFICIENT_INFO,NA,NA,other,,"Title alone too generic; cannot determine whether diffusion, value shift, or other estimand without abstract",,
5,W2968118114,,Fertility and educational pairing in Latin America: an analysis through cohort fertility,2019,Anais,UNCERTAIN,INSUFFICIENT_INFO,NA,NA,observational,,"No abstract provided to assess mechanism; title suggests assortative mating patterns, not diffusion of fertility control",,
5,W3124630482,10.1016/j.jce.2019.06.001,Horizontal vs. vertical transmission of fertility preferences,2019,Journal of Comparative Economics,UNCERTAIN,INSUFFICIENT_INFO,SOCIAL_NETWORK_PEER,NA,other,,"Title-only record; suggests comparison of horizontal (peer) and vertical (family) fertility preference transmission, but mechanism and outcome unclear",,
5,W3092689681,10.2139/ssrn.3394463,Küresel Bir Süreç Olarak Demografik Dönüşüm: Mekânsal Bir Değerlendirme (Demographic Transition as a Global Process: A Spatial Assessment),2019,SSRN Electronic Journal,UNCERTAIN,INSUFFICIENT_INFO,NA,NA,other,,"Turkish title only: 'Demographic Transition as a Global Process: Spatial Assessment.' Title hints at spatial/diffusion analysis of transition, but no abstract.",,
5,W3123201942,10.2139/ssrn.3386417,Seeding with Costly Network Information,2019,SSRN Electronic Journal,UNCERTAIN,INSUFFICIENT_INFO,NA,NA,other,,no abstract; cannot assess relevance to fertility control diffusion,,
5,W2978446914,10.17323/1726-3247-2019-3-136-163,The Effects of Social Network on Fertility: The Case of Large Families in Russia,2019,Journal of Economic Sociology,UNCERTAIN,INSUFFICIENT_INFO,SOCIAL_NETWORK_PEER,NA,other,,"title suggests social network effects on fertility in Russia, but abstract is corrupted/unreadable; cannot evaluate estimand",,
5,W3034188115,10.2139/ssrn.3334887,The Risk of Collective Behavior at the Base of the Pyramid: Quasi-Experimental Evidence from Microfinance,2019,SSRN Electronic Journal,UNCERTAIN,INSUFFICIENT_INFO,NA,NA,quasi-experimental,,"no abstract; microfinance and collective behavior, insufficient information on fertility relevance",,
5,W2953473961,10.4054/demres.2019.41.2,The geography of changing fertility in Myanmar,2019,Demographic Research,UNCERTAIN,INSUFFICIENT_INFO,SPATIAL_MIGRATION,NA,descriptive,,"Title indicates geographic analysis of Myanmar fertility decline with regional variation; abstract incomplete, cannot determine if diffusion mechanism is identified",,
5,W2954241913,10.1007/s12546-019-09227-8,The heterogeneous effects of socioeconomic and cultural factors on fertility preferences: evidence from Rwanda and Kenya,2019,Journal of Population Research,UNCERTAIN,INSUFFICIENT_INFO,NA,NA,observational,,"No abstract; title on fertility preferences by socioeconomic/cultural factors, but estimand not stated",,
5,W2941071045,10.1016/j.jdeveco.2019.05.004,The social lives of married women: Peer effects in female autonomy and investments in children,2019,Journal of Development Economics,UNCERTAIN,INSUFFICIENT_INFO,SOCIAL_NETWORK_PEER,NA,observational,,Title mentions peer effects on female autonomy; no abstract—unclear if fertility-control mechanism or other outcomes,,
5,W4237795700,10.21608/jarts.2019.81628,الهجرة العائدة وإعادة تشکیل الثقافة الإنجابیة دراسة میدانیة للعائدین من مجتماعات غریبة,2019,مجلة کلیة الآداب القاهرة,UNCERTAIN,INSUFFICIENT_INFO,SPATIAL_MIGRATION,UNCLEAR,qualitative,,Return migration and reproductive culture; unclear whether returnees successfully diffused lower-fertility norms to home society,,
5,W2886158093,10.1007/s00285-018-1253-7,An age-structured epidemic model for the demographic transition,2018,Journal of Mathematical Biology,UNCERTAIN,INSUFFICIENT_INFO,NA,NA,theory,,"No abstract; title suggests formal epidemic/diffusion model of demographic transition, but insufficient detail to determine scope",,
5,W2888829626,10.1007/s11113-018-9489-x,"Armed Conflict and Fertility in Colombia, 2000–2010",2018,Population Research and Policy Review,UNCERTAIN,INSUFFICIENT_INFO,NA,NA,observational,,"No abstract; title about conflict and fertility, insufficient to determine estimand",,
5,W2970566633,10.1017/9781108233767.023,Benefits and Costs of the Population and Demography Targets for the Post-2015 Development Agenda,2018,Cambridge University Press eBooks,UNCERTAIN,INSUFFICIENT_INFO,NA,NA,other,,No abstract; cannot determine content,,
5,W2810360704,10.1007/s11113-018-9476-2,Fertility and Infertility: Toward an Integrative Research Agenda,2018,Population Research and Policy Review,UNCERTAIN,INSUFFICIENT_INFO,NA,NA,other,,no abstract; title suggests research agenda integration,,
5,W2891106943,,Fertility stalls in Bangladesh,2018,Otago University Research Archive (University of Otago),UNCERTAIN,INSUFFICIENT_INFO,NA,NA,other,,no abstract; title mentions fertility stalls but mechanism unknown,,
5,W2897737404,10.1111/padr.12197,From Fertility Preferences to Reproductive Outcomes in the Developing World,2018,Population and Development Review,UNCERTAIN,INSUFFICIENT_INFO,NA,NA,other,,Title only; does not state A.3 estimand verbatim,,
5,W3122558842,10.2139/ssrn.3220422,"Happily Ever after: Immigration, Natives’ Marriage, and Fertility",2018,SSRN Electronic Journal,UNCERTAIN,INSUFFICIENT_INFO,NA,NA,other,,title only; immigration effects on marriage/fertility mechanism unspecified,,
5,W2782301733,10.4054/demres.2018.38.2,Historical reproductive patterns in developed countries: Aggregate-level perspective,2018,Demographic Research,UNCERTAIN,INSUFFICIENT_INFO,NA,NA,other,,Abstract truncated mid-sentence; cannot be routed on visible record.,,
5,W2889110921,10.1007/978-981-13-1250-2_5,Kindergarten Matters: Second Birth Intention of Floating Population in Chinese Urbanization Process,2018,,UNCERTAIN,INSUFFICIENT_INFO,NA,NA,other,,"title only, no abstract; education and fertility likely opportunity-cost (D.1) not diffusion",,
5,W4301121133,10.1017/9781108650465.006,Marriage as It Is,2018,Cambridge University Press eBooks,UNCERTAIN,INSUFFICIENT_INFO,NA,NA,other,,"Title only; content unclear, insufficient information",,
5,W2218634655,10.1007/978-1-4939-7131-2_78,Networks in Rural Sociology,2018,,UNCERTAIN,INSUFFICIENT_INFO,NA,NA,other,,Title alone provides no substantive information; no abstract,,
5,W4247138587,10.1007/978-3-319-20928-9_2852,Pronatal Responses to National Decline,2018,,UNCERTAIN,INSUFFICIENT_INFO,NA,NA,other,,Title only; no abstract; estimand unclear,,
5,W2795374308,10.1007/s10508-018-1197-4,"Public Perception of Female Fertility: Initial Fertility, Peak Fertility, and Age-Related Infertility Among U.S. Adults",2018,Archives of Sexual Behavior,UNCERTAIN,INSUFFICIENT_INFO,NA,NA,unknown,,No abstract; unclear whether focus is on public perception of fertility timing or control diffusion.,,
5,W4300544440,10.1017/9781108650465.002,Race Suicide,2018,Cambridge University Press eBooks,UNCERTAIN,INSUFFICIENT_INFO,NA,NA,other,,"Title only, no abstract; unclear if refers to eugenics, racial demographics, or other content",,
5,W4298295769,10.1017/9781108650465.003,Sensible as Spinach,2018,Cambridge University Press eBooks,UNCERTAIN,INSUFFICIENT_INFO,NA,NA,other,,"No abstract; title uninformative, cannot determine relevance",,
5,W3084450454,10.2139/ssrn.3218822,The Speed of Innovation Diffusion,2018,SSRN Electronic Journal,UNCERTAIN,INSUFFICIENT_INFO,NA,NA,theory,,No abstract; title on innovation diffusion speed but not specified as fertility control,,
5,W3124158837,10.2139/ssrn.3287726,The Speed of Innovation Diffusion,2018,SSRN Electronic Journal,UNCERTAIN,INSUFFICIENT_INFO,NA,NA,theory,,title only; about speed of diffusion but domain unclear; could be any innovation,,
5,W2906206608,10.2139/ssrn.3236647,"The Toll of Tariffs: Protectionism, Education and Fertility in Late 19th Century France",2018,SSRN Electronic Journal,UNCERTAIN,INSUFFICIENT_INFO,NA,NA,other,,"No abstract; title suggests economic (tariff) driver, not diffusion",,
5,W2965310342,,"Trends, inequalities, and contextual determinants of child marriage in Asia.",2018,,UNCERTAIN,INSUFFICIENT_INFO,NA,NA,other,,"no abstract; child marriage trends, fertility control involvement unclear",,
5,W2918333945,10.21478/family.30.3.201809.002,Young Adults’ Family Concepts and Values Among Never-Married In Their 20s : A Comparison of Two Cohorts In 2001 And 2017,2018,가족과 문화,UNCERTAIN,INSUFFICIENT_INFO,NA,NA,other,,no abstract; family values among young adults but insufficient information on diffusion,,
5,W2765716702,10.1007/978-3-319-64061-7_2,A “Great Divergence” in Fertility?,2017,,UNCERTAIN,INSUFFICIENT_INFO,NA,NA,other,,title only; abstract absent prevents assessment,,
5,W2736332070,10.1111/padr.12085,"Adam Smith, the Division of Labor, and the Renewal of Population Heterogeneity",2017,Population and Development Review,UNCERTAIN,INSUFFICIENT_INFO,NA,NA,other,,"Adam Smith, division of labor, population heterogeneity; no abstract, unclear relevance",,
5,W2746103184,10.4054/demres.2017.37.15,Does socioeconomic status matter? The fertility transition in a northern Italian village (marriage cohorts 1900‒1940),2017,Demographic Research,UNCERTAIN,INSUFFICIENT_INFO,NA,NA,observational,,Italian fertility transition by SES; unclear whether identifies diffusion mechanism or Princeton residual; partial abstract,,
5,W2766317080,,Essays in the Economics of Networks,2017,UCL Discovery (University College London),UNCERTAIN,INSUFFICIENT_INFO,SOCIAL_NETWORK_PEER,NA,other,,thesis on network economics; unclear whether fertility-control diffusion is addressed in component papers,,
5,W2739593997,10.1016/j.midw.2017.07.021,Factors influencing use of family planning in women living in crisis affected areas of Sub-Saharan Africa: A review of the literature,2017,Midwifery,UNCERTAIN,INSUFFICIENT_INFO,NA,NA,other,,"Title only; focuses on crisis contexts and family planning use, not explicitly on diffusion mechanism",,
5,W2619297440,10.1007/978-3-319-46889-1_7,Fertility Transitions and Schooling Dividends in Sub-Saharan Africa: The Experience of Vanguard Countries,2017,,UNCERTAIN,INSUFFICIENT_INFO,NA,NA,descriptive,,"No abstract; title on fertility transitions and schooling in sub-Saharan Africa, but no explicit diffusion estimand stated",,
5,W2620031069,10.1007/978-3-319-46889-1_27,Is Rapid Fertility Decline Possible? Lessons from Asia and Emerging Countries,2017,,UNCERTAIN,INSUFFICIENT_INFO,NA,NA,other,,Title-only; cannot determine if analysis addresses diffusion or general transition conditions,,
5,W2606807249,10.1007/s12546-017-9187-2,Low fertility in Malaysia: Can it be explained?,2017,Journal of Population Research,UNCERTAIN,INSUFFICIENT_INFO,NA,NA,other,,No abstract; cannot determine which mechanisms are tested,,
5,W4302443419,10.1007/978-1-4614-7163-9_78-1,Networks in Rural Sociology,2017,,UNCERTAIN,INSUFFICIENT_INFO,SOCIAL_NETWORK_PEER,NA,other,,Title 'Networks in Rural Sociology'; no abstract; potentially relevant but insufficient to route.,,
5,W4249949849,10.1002/9781118430873.est0279,Population,2017,The Wiley-Blackwell Encyclopedia of Social Theory,UNCERTAIN,INSUFFICIENT_INFO,NA,NA,review,,encyclopedia entry on DTT/SDTT/TDTT; content unclear whether theories are reviewed or new estimates presented,,
5,W2762093880,10.1007/s11113-017-9448-y,"Religion, Contraceptive Method Mix, and Son Preference Among Bengali-Speaking Community of Indian Subcontinent",2017,Population Research and Policy Review,UNCERTAIN,INSUFFICIENT_INFO,CULTURAL_LINGUISTIC_RELIGIOUS,NA,observational,,no abstract; title suggests religious differences in contraceptive use; could be PRIMARY_CULTURAL_BOUNDARY_CONTENT but mechanism unclear,,
5,W2753616005,10.1016/j.econmod.2017.08.013,"Social status, compulsory education, and growth",2017,Economic Modelling,UNCERTAIN,INSUFFICIENT_INFO,NA,NA,unknown,,Title-only: education and growth relationships; cannot determine fertility or diffusion relevance,,
5,W2766706339,10.1007/978-3-319-64061-7_1,The Context of Low Fertility Regimes and Demographic and Societal Change,2017,,UNCERTAIN,INSUFFICIENT_INFO,NA,NA,other,,no abstract provided; title about low fertility contexts but cannot assess A.3 relevance,,
5,W2606970661,10.4054/demres.2017.36.42,The long-term determinants of marital fertility in the developed world (19th and 20th centuries): The role of welfare policies,2017,Demographic Research,UNCERTAIN,INSUFFICIENT_INFO,NA,NA,review,,"Abstract too vague; mentions no concrete estimand or method, only that demographic transition theory was challenged",,
5,W2612115735,10.4054/mpidr-wp-2017-011,Urban and rural fertility transitions in the developing world: a cohort perspective,2017,,UNCERTAIN,INSUFFICIENT_INFO,NA,NA,other,,"no abstract; title describes fertility transition patterns (urban/rural, cohort) but mechanism unclear",,
5,W2765933741,10.2139/ssrn.3050363,"Vanguards, Laggards, and Isolates: Outliers and Demographic Research",2017,SSRN Electronic Journal,UNCERTAIN,INSUFFICIENT_INFO,NA,NA,descriptive,,Title mentions vanguards/laggards in demographic research; could relate to diffusion-of-innovation timing but no abstract to assess,,
5,W2950962199,10.2139/ssrn.3050336,"Women, Demography and Politics: How Lower Fertility Rates Lead to Democracy",2017,SSRN Electronic Journal,UNCERTAIN,INSUFFICIENT_INFO,NA,NA,other,,Title suggests fertility decline and democracy relationship; no abstract provided to assess mechanism,,
5,W3004365554,10.2307/j.ctvw04c56.14,‘The Doctor’s Way’:,2017,Berghahn Books,UNCERTAIN,INSUFFICIENT_INFO,NA,NA,other,,incomplete title only; insufficient information to assess relevance,,
5,W2234986748,10.3917/adh.129.0007,50 ans de démographie historique : bilan historiographique d’une discipline en renouvellement,2016,Annales de Démographie Historique,UNCERTAIN,INSUFFICIENT_INFO,NA,NA,review,,French historiographic essay on historical demography discipline; no abstract; possible review of diffusion theories but scope unclear,,
5,W2747067446,,A Spatial-Temporal Analysis of Fertility Transition and the Health Care Delivery System in Brazil,2016,Anais,UNCERTAIN,INSUFFICIENT_INFO,SPATIAL_MIGRATION,NA,other,,Title-only; spatial-temporal analysis of fertility transition and health systems but no abstract; could be PRIMARY_SPATIAL_DIFFUSION if explicitly identifies diffusion mechanism,,
5,W2531632506,10.1111/j.1728-4457.2016.00164.x,Africa's Unique Fertility Transition,2016,Population and Development Review,UNCERTAIN,INSUFFICIENT_INFO,NA,NA,descriptive,,no abstract; distinctive patterns in African fertility transition; estimand on diffusion unclear,,
5,W2730282544,,Determinants of Non Use of Contraceptives Among Currently Married Women in Kenya,2016,,UNCERTAIN,INSUFFICIENT_INFO,NA,NA,observational,,No abstract; title indicates determinant study but mechanism unclear,,
5,W2288257017,10.4054/demres.2016.34.13,Distal determinants of fertility decline: Evidence from 640 Indian districts,2016,Demographic Research,UNCERTAIN,INSUFFICIENT_INFO,NA,NA,observational,,"Title states distal determinants of fertility decline across Indian districts; abstract truncated, cannot assess mechanism",,
5,W2586740455,10.2139/ssrn.2876502,Durability and Diffusion of Women's Empowerment: A Panel Data Analysis from India,2016,SSRN Electronic Journal,UNCERTAIN,INSUFFICIENT_INFO,NA,NA,observational,,"no abstract; title mentions 'diffusion of empowerment,' likely OFF_VALUE_D1 (autonomy as driver), not diffusion of fertility control practice",,
5,W2290568467,10.2139/ssrn.2736952,Family Planning Program Effects: A Review of Evidence from Microdata,2016,SSRN Electronic Journal,UNCERTAIN,INSUFFICIENT_INFO,NA,NA,review,,"No abstract; title 'Family Planning Program Effects' suggests A.5 (programs), not A.3; format appears to be review",,
5,W4251110476,10.18174/379576,Family systems and fertility : fertility behaviour in Europe from a network perspective,2016,,UNCERTAIN,INSUFFICIENT_INFO,NA,NA,other,,no abstract; title mentions network perspective but insufficient information on diffusion estimand,,
5,W2507598741,10.1007/978-3-319-32283-4_14,Feedback Mechanisms in the Postponement of Fertility in Spain,2016,The Springer series on demographic methods and population analysis,UNCERTAIN,INSUFFICIENT_INFO,NA,NA,other,,empty abstract; cannot assess whether feedback mechanisms in fertility postponement reflect social diffusion,,
5,W2558806564,10.1007/s12546-016-9180-1,Fertility and commuting: evidence based on first-birth rates of young working women,2016,Journal of Population Research,UNCERTAIN,INSUFFICIENT_INFO,NA,NA,other,,No abstract; title mentions commuting and fertility but mechanism unclear,,
5,W2299414165,10.1007/s40980-016-0019-3,Human Development and the Fertility Reversal: A Spatially Centered Sub-national Examination in the US,2016,Spatial Demography,UNCERTAIN,INSUFFICIENT_INFO,NA,NA,other,,"Title only, no abstract; spatial and fertility reversal mentioned but insufficient to determine if A.3 estimand",,
5,W2555842260,10.1007/978-3-319-43002-7_6,Infant and Early Childhood Mortality in a Context of Transitional Fertility: Geneva 1800–1900,2016,,UNCERTAIN,INSUFFICIENT_INFO,NA,NA,other,,empty abstract; cannot assess relevance to diffusion of fertility control,,
5,W2343109026,10.1007/s12546-016-9177-9,Measuring the success of family planning initiatives in Rwanda: a multivariate decomposition analysis,2016,Journal of Population Research,UNCERTAIN,INSUFFICIENT_INFO,NA,NA,unknown,,title only on family planning initiatives in Rwanda; cannot determine estimand without abstract,,
5,W2799205220,10.4135/9781483346274.n199,Motivation and Personality,2016,The SAGE Encyclopedia of Theory in Psychology,UNCERTAIN,INSUFFICIENT_INFO,NA,NA,other,,"Title only, no abstract; insufficient information",,
5,W4211254209,10.1017/9781107337237.015,Population Change in the United States,2016,Cambridge University Press eBooks,UNCERTAIN,INSUFFICIENT_INFO,NA,NA,review,,"Demography textbook synthesizing decision-making on fertility, mortality, migration; insufficient detail to determine whether reviews A.3 diffusion literature",,
5,W2507997799,10.1002/9781118962954.ch17,"Population and disease transitions in the Åland Islands, Finland",2016,,UNCERTAIN,INSUFFICIENT_INFO,NA,NA,other,,title only; no abstract; population and disease transitions do not indicate a fertility diffusion estimand,,
5,W4243177281,10.1007/978-3-319-31816-5_2852-1,Pro-natal Responses to National Decline,2016,,UNCERTAIN,INSUFFICIENT_INFO,NA,NA,other,,no abstract; title suggests pronatalist policy responses to fertility decline; estimand unclear,,
5,W2483817154,10.1016/j.evolhumbehav.2016.07.007,Quantifying cultural macro-evolution: a case study of the hinoeuma fertility drop,2016,Evolution and Human Behavior,UNCERTAIN,INSUFFICIENT_INFO,CULTURAL_LINGUISTIC_RELIGIOUS,NA,historical,,"Hinoeuma fertility drop (cultural superstition affecting Japanese fertility); no abstract, mechanism unclear",,
5,W4211137470,10.1017/9781107337237.013,Race and Ethnicity,2016,Cambridge University Press eBooks,UNCERTAIN,INSUFFICIENT_INFO,NA,NA,review,,Textbook chapter on demographic topics; no clear focus on A.3,,
5,W2343509100,10.17323/1726-3247-2016-1-83-98,Social Networks and Fertility,2016,Journal of Economic Sociology,UNCERTAIN,INSUFFICIENT_INFO,SOCIAL_NETWORK_PEER,NA,other,,Title suggests social-network mechanism but abstract is contentless; cannot verify estimand,,
5,W2468481083,10.1016/j.ssresearch.2016.07.001,Social context of first birth timing in a rapidly changing rural setting,2016,Social Science Research,UNCERTAIN,INSUFFICIENT_INFO,NA,NA,unknown,,title mentions social context of birth timing; no abstract to determine if diffusion-related,,
5,W2399957737,10.4054/demres.2016.34.35,Social network indices in the Generations and Gender Survey,2016,Demographic Research,UNCERTAIN,INSUFFICIENT_INFO,NA,NA,descriptive,,Abstract incomplete; discusses social network indices in GGS but does not specify whether fertility diffusion is examined,,
5,W2511211954,10.1007/978-3-319-32283-4_3,The Role of Social Interactions in Demography: An Agent-Based Modelling Approach,2016,The Springer series on demographic methods and population analysis,UNCERTAIN,INSUFFICIENT_INFO,NA,NA,theory,,"no abstract; title suggests social interaction modeling in demography; could be DIFFUSION_THEORY if fertility-specific, unclear without content",,
5,W4211173378,10.1017/9781107337237.004,Theories of Demography,2016,Cambridge University Press eBooks,UNCERTAIN,INSUFFICIENT_INFO,NA,NA,review,,textbook chapter on demographic theories; abstract does not clearly indicate coverage of diffusion theory,,
5,W31199222,10.1515/9781400871452-003,2. The Economics and Sociology of Fertility: A Synthesis,2015,Princeton University Press eBooks,UNCERTAIN,INSUFFICIENT_INFO,NA,NA,review,,synthesis of economic and sociological perspectives on fertility but no abstract; unclear if addresses A.3,,
5,W1604030758,10.1016/j.techfore.2015.05.003,Consequences of a universal European demographic transition on regional and global population distributions,2015,Technological Forecasting and Social Change,UNCERTAIN,INSUFFICIENT_INFO,NA,NA,observational,,"No abstract; title is about consequences of demographic transition, not diffusion of fertility control",,
5,W272557978,10.1007/978-3-658-01410-0_9,Demographie und räumlicher Kontext,2015,,UNCERTAIN,INSUFFICIENT_INFO,NA,NA,other,,Title-only record; German title states 'Demography and spatial context' but does not verbatim specify A.3 estimand,,
5,W1593580837,10.1016/b978-0-08-097086-8.32041-4,Diffusion in Sociological Analysis,2015,Elsevier eBooks,UNCERTAIN,INSUFFICIENT_INFO,NA,NA,theory,,title only; could be diffusion theory of any domain; no fertility context visible,,
5,W2292743451,10.4054/demres.2015.33.4,Explaining fertility: The potential for integrative approaches,2015,Demographic Research,UNCERTAIN,INSUFFICIENT_INFO,NA,NA,review,,"title suggests integrative fertility explanation theory, but abstract is incomplete and does not identify A.3 estimand",,
5,W1434967446,10.1007/s12546-015-9147-7,Explaining regional fertility variations in Ghana,2015,Journal of Population Research,UNCERTAIN,INSUFFICIENT_INFO,NA,NA,unknown,,no abstract; title insufficient per policy,,
5,W2492661475,,Fecundidad. Estudio y comportamiento. América Latina y Cuba. Fertility. Study and behaviour. Latin America and Cuba,2015,Americanae (AECID Library),UNCERTAIN,INSUFFICIENT_INFO,NA,NA,descriptive,,Abstract incomplete; appears to survey fertility trends but unclear if addresses diffusion mechanism,,
5,W4236933627,10.1016/b978-0-08-097086-8.34045-4,Fertility Theory,2015,Elsevier eBooks,UNCERTAIN,INSUFFICIENT_INFO,NA,NA,theory,,Theoretical title on fertility; no abstract; insufficient to establish estimand,,
5,W242444359,10.1016/b978-0-08-097086-8.31086-8,Fertility Transition: Cultural Explanations,2015,Elsevier eBooks,UNCERTAIN,INSUFFICIENT_INFO,NA,NA,other,,cultural explanations of fertility transition but no abstract; unclear if A.3 diffusion mechanism or D.1 value change,,
5,W4255979287,10.1016/b978-0-08-097086-8.31076-5,Fertility Transition: Economic Explanations,2015,Elsevier eBooks,UNCERTAIN,INSUFFICIENT_INFO,NA,NA,other,,Title only: 'Fertility Transition: Economic Explanations.' Could be theory review or empirical study; cannot determine without abstract.,,
5,W268654085,10.1016/b978-0-08-097086-8.31082-0,Fertility and Social Networks,2015,Elsevier eBooks,UNCERTAIN,INSUFFICIENT_INFO,SOCIAL_NETWORK_PEER,NA,other,,Title alone insufficient; no abstract to clarify estimand,,
5,W2095735021,,"Maybe Baby? : Reproductive Behaviour, Fertility Intentions, and Family Policies in Post-communist Countries, with a Special Focus on Ukraine",2015,KTH Publication Database DiVA (KTH Royal Institute of Technology),UNCERTAIN,INSUFFICIENT_INFO,MASS_MEDIA,NA,mixed,,"thesis with multiple studies; one reports media exposure to family planning messages and contraceptive use, suggesting mass-media channel, but insufficient detail",,
5,W1948126563,10.1016/j.socscimed.2015.09.021,The indirect effects of subsidised healthcare in rural Ghana,2015,Social Science & Medicine,UNCERTAIN,INSUFFICIENT_INFO,NA,NA,other,,no abstract; title mentions subsidised healthcare in Ghana but fertility relevance unclear,,
5,W58833330,10.17037/pubs.01917783,Birth Intervals and Reproductive Intentions in Eastern Africa: Insights from Urban Fertility Transitions,2014,LSHTM Research Online (London School of Hygiene and Tropical Medicine),UNCERTAIN,INSUFFICIENT_INFO,NA,NA,other,,"Thesis abstract incomplete; mentions birth intervals and fertility intentions in urban Eastern Africa, but insufficiently detailed to assess A.3 estimand",,
5,W1534849123,10.1007/978-94-017-8990-5_12,Childbearing and the Labor Market: Time and Space Dynamics,2014,Applied demography series,UNCERTAIN,INSUFFICIENT_INFO,NA,NA,other,,Title-only record; no abstract to assess relevance to A.3 mechanism,,
5,W2171446086,10.1093/ije/dyu049,Cohort Profile: The Malawi Longitudinal Study of Families and Health (MLSFH),2014,International Journal of Epidemiology,UNCERTAIN,INSUFFICIENT_INFO,SOCIAL_NETWORK_PEER,NA,other,,Cohort profile describing data on social networks and fertility without presenting own estimand or findings,,
5,W1993420190,10.1016/j.healthplace.2014.10.006,Community influences on contraceptive use in Mozambique,2014,Health & Place,UNCERTAIN,INSUFFICIENT_INFO,NA,NA,other,,Title suggests community effects on contraceptive use but no abstract; cannot identify mechanism or routing,,
5,W1780233670,10.2139/ssrn.2431582,Contraception and Development: A Unified Growth Theory,2014,SSRN Electronic Journal,UNCERTAIN,INSUFFICIENT_INFO,NA,NA,theory,,title indicates growth theory with contraception; no abstract for confirmation of mechanism,,
5,W2146967934,10.2139/ssrn.2385309,Contraception and the Fertility Transition,2014,SSRN Electronic Journal,UNCERTAIN,INSUFFICIENT_INFO,NA,NA,other,,"Title only, no abstract; while title names core concepts, it does not state an estimand or method sufficient for routing",,
5,W4232587074,10.1007/978-3-658-04255-4_9-1,Demografie und räumlicher Kontext,2014,,UNCERTAIN,INSUFFICIENT_INFO,NA,NA,other,,German title (Demography and spatial context); no abstract provided—insufficient to route,,
5,W2085312470,10.1007/s11113-014-9322-0,Developmental Idealism and Cultural Models of the Family in Malawi,2014,Population Research and Policy Review,UNCERTAIN,INSUFFICIENT_INFO,CULTURAL_LINGUISTIC_RELIGIOUS,NA,other,,"Title-only record; references developmental idealism (theory of idea diffusion), but content and estimand unknown",,
5,W2087048461,10.1007/s12062-014-9098-3,Direction and Support Level of the Fertility Welfare Policy in South Korea,2014,Journal of Population Ageing,UNCERTAIN,INSUFFICIENT_INFO,NA,NA,observational,,Title-only record; suggests policy analysis rather than diffusion mechanism,,
5,W2161246695,10.4054/demres.2014.30.28,"Fertility transition and social stratification in the town of Alghero, Sardinia (1866-1935)",2014,Demographic Research,UNCERTAIN,INSUFFICIENT_INFO,NA,NA,historical,,title concerns fertility transition and social stratification; abstract is incomplete and does not identify mechanism or A.3 estimand,,
5,W2002698069,10.4054/demres.2014.31.50,Heterophily in rural Malawi,2014,Demographic Research,UNCERTAIN,INSUFFICIENT_INFO,NA,NA,other,,Abstract incomplete; cannot assess estimand on heterophily and social networks,,
5,W2112153762,10.4000/eps.5648,Incidence de la fécondité illégitime sur la fécondité générale à Paris au XIXème siècle,2014,Espace populations sociétés,UNCERTAIN,INSUFFICIENT_INFO,NA,NA,historical,,19th-century Paris fertility decline; mechanism for decomposition unclear without full text,,
5,W1930011923,10.2139/ssrn.2464993,"It's a Sin - Contraceptive Use, Religious Beliefs, and Long-Run Economic Development",2014,SSRN Electronic Journal,UNCERTAIN,INSUFFICIENT_INFO,NA,NA,other,,"Title only: 'It's a Sin—Contraceptive Use, Religious Beliefs, and Long-Run Economic Development.' Could relate to religious legitimation (A.3), stigma (A.6), or cultural values (D.1); cannot determine without abstract.",,
5,W2765690974,,La fecundidad en Cuba. Viejas interrogantes y algunas respuestas.,2014,Novedades en población,UNCERTAIN,INSUFFICIENT_INFO,NA,NA,descriptive,,Fertility decline in Cuba without accompanying socioeconomic progress; could implicate ideational or diffusion mechanisms but abstract focuses on proximate determinants,,
5,W1984993759,10.1007/s00148-014-0509-9,"Malthus to modernity: wealth, status, and fertility in England, 1500–1879",2014,Journal of Population Economics,UNCERTAIN,INSUFFICIENT_INFO,NA,NA,historical,,Title mentions fertility in pre-modern/modern England but provides no abstract; estimand cannot be determined—may bear on economic drivers (C) rather than social diffusion (A.3),,
5,W4301271506,10.1007/978-1-4614-6170-8_78,Networks in Rural Sociology,2014,,UNCERTAIN,INSUFFICIENT_INFO,NA,NA,other,,No abstract; title mentions networks in rural context but no fertility content visible,,
5,W3123871094,10.2139/ssrn.2493127,Pensions and Fertility: Back to the Roots -- The Introduction of Bismarck's Pension Scheme and the European Fertility Decline,2014,SSRN Electronic Journal,UNCERTAIN,INSUFFICIENT_INFO,NA,NA,other,,Title only: 'Pensions and Fertility: Introduction of Bismarck's Pension Scheme and European Fertility Decline.' Economic incentive mechanism vs. diffusion unclear without abstract.,,
5,W2093728144,10.1007/s10680-013-9303-8,Social and Economic Determinants of Reproductive Behavior Before the Fertility Decline. The Case of Six Italian Communities During the Nineteenth Century,2014,European Journal of Population / Revue européenne de Démographie,UNCERTAIN,INSUFFICIENT_INFO,NA,NA,unknown,,title suggests determinants of reproductive behavior in historical Italy; no abstract to assess whether diffusion is studied,,
5,W2167739534,10.4054/demres.2014.30.15,"Social class and net fertility before, during, and after the demographic transition: A micro-level analysis of Sweden 1880-1970",2014,Demographic Research,UNCERTAIN,INSUFFICIENT_INFO,NA,NA,observational,,truncated abstract; social-class fertility patterns during FDT but mechanism (diffusion vs. preference/access) unclear,,
5,W2168402867,10.4054/demres.2014.31.7,"Socioeconomic status and fertility before, during, and after the demographic transition: An introduction",2014,Demographic Research,UNCERTAIN,INSUFFICIENT_INFO,NA,NA,review,,Incomplete abstract on SES–fertility link; insufficient to assess whether mechanism involves diffusion,,
5,W2184779146,,"Stockholm University Linnaeus Center on Social Policy and Family Dynamics in Europe, SPaDE Social Norms, Economic Conditions and Spatial Variation of Childbearing within Cohabitation across Europe",2014,,UNCERTAIN,INSUFFICIENT_INFO,NA,UNCLEAR,other,,title mentions social norms and spatial variation of childbearing but no abstract to assess mechanism,,
5,W1992684604,10.1007/s10680-014-9328-7,The Delayed Fertility Transition in North-East Italy,2014,European Journal of Population / Revue européenne de Démographie,UNCERTAIN,INSUFFICIENT_INFO,NA,NA,other,,"title only, no abstract; fertility-transition narrative without stated mechanism",,
5,W4232089992,10.1596/978-1-4648-0342-0_ch2,Thinking socially,2014,,UNCERTAIN,INSUFFICIENT_INFO,SOCIAL_NETWORK_PEER,NA,theory,,Social norms and influences on behavior; could be general development framework or relevant diffusion theory—abstract too brief to assess,,
5,W2187734355,,Titre : Maternal Education and Child Mortality in Benin : Exploring the local context effects.,2014,,UNCERTAIN,INSUFFICIENT_INFO,NA,NA,other,,"No abstract; title addresses maternal education and child mortality, not fertility control diffusion",,
5,W2315605799,10.5194/gh-68-69-2013,A Short History of Migration,2013,Geographica Helvetica,UNCERTAIN,INSUFFICIENT_INFO,SPATIAL_MIGRATION,NA,historical,,"no abstract; title about migration history; could be PRINCETON_CANON if discusses fertility diffusion via migration, or OFF_OTHER if general social history",,
5,W1985725437,10.1073/pnas.1217029110,A model comparison approach shows stronger support for economic models of fertility decline,2013,Proceedings of the National Academy of Sciences,UNCERTAIN,INSUFFICIENT_INFO,NA,UNCLEAR,observational,,Model comparison test includes cultural norms transmission but concludes economic models dominate; unclear if norms mechanism is diffusion or underlying value shift (Wall 6),,
5,W2099860475,10.1016/j.worlddev.2013.08.006,Bringing It All Back Home – Return Migration and Fertility Choices,2013,World Development,UNCERTAIN,INSUFFICIENT_INFO,SPATIAL_MIGRATION,NA,observational,,"Return migration and fertility; could involve spatial diffusion through migration, but no abstract to confirm estimand",,
5,W2346479780,,"Components of fertility change in Ethiopia: Further analysis of the 2000, 2005, and 2011 Demographic and Health Surveys",2013,,UNCERTAIN,INSUFFICIENT_INFO,NA,NA,other,,fertility components analysis in Ethiopia but no abstract; unclear if addresses diffusion,,
5,W1538662025,10.1007/s10955-012-0687-3,Crises and Collective Socio-Economic Phenomena: Simple Models and Challenges,2013,Journal of Statistical Physics,UNCERTAIN,INSUFFICIENT_INFO,NA,NA,other,,Title-only; about collective socio-economic phenomena modeling but no stated connection to fertility,,
5,W1494215126,,DETERMINANTS OF FERTILITY IN ZIMBABWE: AN ASSESSMENT OF THE PERIOD 1999 - 2005,2013,University of Zimbabwe Institutional Repository (University of Zimbabwe),UNCERTAIN,INSUFFICIENT_INFO,NA,NA,descriptive,,Regional fertility decline documented but mechanism unspecified; cannot distinguish diffusion from other drivers,,
5,W3125276964,10.1142/s0217590813500239,DETERMINANTS OF LOW FERTILITY IN SINGAPORE: EVIDENCE FROM A HOUSEHOLD SURVEY,2013,The Singapore Economic Review,UNCERTAIN,INSUFFICIENT_INFO,SOCIAL_NETWORK_PEER,DESCRIPTIVE_RESIDUAL_ONLY,observational,,Number of siblings' children predicts fertility; mechanism unclear—could indicate social norm diffusion or common family/economic factors,,
5,W2035476056,10.1007/s11150-013-9228-3,Determinants of contraceptive choice among Japanese women: ten years after the pill approval,2013,Review of Economics of the Household,UNCERTAIN,INSUFFICIENT_INFO,NA,NA,descriptive,,"title only; could concern technology diffusion (Pill, A.2) or patterns of contraceptive choice; mechanism unclear",,
5,W414799157,10.70675/27525e57zdf9dz4353za81ez00f116e4b6e1,Do others matter? : An empirical analysis of the interaction of social and human capital in India,2013,,UNCERTAIN,INSUFFICIENT_INFO,SOCIAL_NETWORK_PEER,NA,observational,,studies interaction of social and human capital in India; abstract is in French and does not clarify whether this addresses fertility,,
5,W2116105065,10.4054/demres.2013.28.11,Does the kin orientation of a British woman’s social network influence her entry into motherhood?,2013,Demographic Research,UNCERTAIN,INSUFFICIENT_INFO,NA,NA,other,,Title mentions kin-network orientation; abstract truncated; cannot distinguish intergenerational transmission (A.19) from horizontal social diffusion,,
5,W2124033300,10.4054/demres.2013.29.37,Family policies in the context of low fertility and social structure,2013,Demographic Research,UNCERTAIN,INSUFFICIENT_INFO,NA,NA,other,,abstract too thin; cannot determine whether examining policy effects or diffusion mechanism,,
5,W4231389334,10.1093/obo/9780199756384-0150,Fertility,2013,,UNCERTAIN,INSUFFICIENT_INFO,NA,NA,other,,Title only; no abstract to assess relevance to A.3,,
5,W2727777270,,Fertility transition and its determinants in Kenya: Evidence from 1993 and 2003 KDHS,2013,,UNCERTAIN,INSUFFICIENT_INFO,NA,NA,other,,no abstract; cannot assess whether estimand involves diffusion or other mechanisms,,
5,W381665775,,Gender Ideologies: Insights into Health and Demographic Behaviors.,2013,Deep Blue (University of Michigan),UNCERTAIN,INSUFFICIENT_INFO,NA,NA,other,,Abstract is dissertation acknowledgments; no substantive content provided to assess,,
5,W1609205740,,Global migration: demographic aspects and its relevance for development,2013,Figshare,UNCERTAIN,INSUFFICIENT_INFO,SPATIAL_MIGRATION,NA,descriptive,,Migration and demographic aspects; no abstract; could relate to spatial-diffusion mechanisms but insufficient detail,,
5,W2207582948,10.1007/978-3-319-02204-8_9,Implications: Convergence of Knowledge and Technology for a Sustainable Society,2013,Science policy reports,UNCERTAIN,INSUFFICIENT_INFO,NA,NA,other,,"Knowledge and technology convergence; no abstract, unclear relevance",,
5,W4236728315,10.1057/9781137336583.0883,Interdependent Preferences,2013,Palgrave Macmillan eBooks,UNCERTAIN,INSUFFICIENT_INFO,NA,NA,other,,no abstract; title 'Interdependent Preferences' is vague and not clearly related to fertility,,
5,W984709829,10.1007/978-94-007-6732-4_9,Living Arrangements and Fertility: A Case Study in Southern Ghana,2013,The Geojournal library,UNCERTAIN,INSUFFICIENT_INFO,NA,NA,other,,title only; abstract absent prevents assessment of mechanism (structural vs. diffusion),,
5,W2152906875,10.4054/demres.2013.29.6,Patriarchy and fertility in Albania,2013,Demographic Research,UNCERTAIN,INSUFFICIENT_INFO,NA,NA,other,,Abstract truncated mid-sentence; discusses gender inequality and institutional change but mechanism and estimand unclear,,
5,W1909369396,10.2139/ssrn.2242606,Playing the Fertility Game at Work: An Equilibrium Model of Peer Effects,2013,SSRN Electronic Journal,UNCERTAIN,INSUFFICIENT_INFO,NA,NA,structural,,Title-only; 'Equilibrium Model of Peer Effects' on fertility unclear whether career-fertility trade-off or social diffusion of control,,
5,W2090822474,10.1038/nature12257,The cost of children,2013,Nature,UNCERTAIN,INSUFFICIENT_INFO,NA,NA,other,,"Title only, no abstract; cost of children; insufficient to assess bearing on fertility-control diffusion",,
5,W2061149553,10.11564/21-2-339,"Trends in Contraceptive Use in Kenya, 1989-1998: The Role of Socio-economic, Cultural and Family Planning Factors",2013,African Population Studies,UNCERTAIN,INSUFFICIENT_INFO,NA,DESCRIPTIVE_RESIDUAL_ONLY,observational,,Trend decomposition of contraceptive use by socioeconomic and cultural factors; unclear whether diffusion or social-learning mechanism identified,,
5,W1239207337,10.1007/s11577-013-0213-x,Zur Erklärung von sozialer Ansteckung beim Übergang zur Elternschaft,2013,KZfSS Kölner Zeitschrift für Soziologie und Sozialpsychologie,UNCERTAIN,INSUFFICIENT_INFO,NA,NA,other,,"German title mentions 'social contagion' and 'transition to parenthood' but no abstract. Title-only case: 'Übergang zur Elternschaft' is family formation, unclear if about fertility control. Set to INSUFFICIENT_INFO per protocol.",,
5,W2090350028,10.1007/s11113-012-9257-2,A Closer Look at the Second Demographic Transition in the US: Evidence of Bidirectionality from a Cohort Perspective (1982–2006),2012,Population Research and Policy Review,UNCERTAIN,INSUFFICIENT_INFO,NA,NA,other,,no abstract; cannot assess mechanism,,
5,W2015049547,10.1007/s11113-012-9261-6,Attitudes About Children and Fertility Limitation Behavior,2012,Population Research and Policy Review,UNCERTAIN,INSUFFICIENT_INFO,NA,NA,unknown,,Title-only record with no abstract; title mentions attitudes and fertility-limitation behavior but provides no estimand or evidence of mechanism,,
5,W2122381280,10.1007/978-94-007-4780-7_3,"Balancing People, Policies, and Resources in Rural Tibet",2012,Human-environment interactions,UNCERTAIN,INSUFFICIENT_INFO,NA,NA,other,,No abstract; title suggests policy/resource management; cannot assess relevance,,
5,W162107113,10.1007/978-1-4614-4060-4_21,Cultural Evolution and Human Reproductive Behavior,2012,,UNCERTAIN,INSUFFICIENT_INFO,NA,NA,other,,No abstract provided to assess relevance,,
5,W2024571146,10.4054/demres.2012.27.19,Detecting the Evolution of Deliberate Fertility Control before the Demographic Transition in Germany,2012,Demographic Research,UNCERTAIN,INSUFFICIENT_INFO,NA,NA,historical,,"Detecting deliberate fertility control in pre-transitional Germany; abstract incomplete, mechanism unclear",,
5,W2064176327,10.1007/s11205-012-0121-x,Does Global Fertility and Cultural Transition Affect Human Development? The Neglected Role of the Demographic Transition,2012,Social Indicators Research,UNCERTAIN,INSUFFICIENT_INFO,NA,NA,other,,title only; global fertility and cultural transition effect on development; mechanism unclear,,
5,W571723535,10.2139/ssrn.2157920,Education and Fertility: Evidence from a Policy Change in Kenya,2012,SSRN Electronic Journal,UNCERTAIN,INSUFFICIENT_INFO,NA,NA,quasi-experimental,,title only; cannot assess whether mechanism is diffusion vs. education effect or program supply,,
5,W20303812,10.1007/978-94-007-2837-0_8,Effectiveness of Population Policies,2012,,UNCERTAIN,INSUFFICIENT_INFO,NA,NA,review,,no abstract; about policy effectiveness; could be A.5 (program effects) or another domain; insufficient without content,,
5,W1522719777,10.2139/ssrn.2010942,Empowering Women Through Education and Influence: An Evaluation of the Indian Mahila Samakhya Program,2012,SSRN Electronic Journal,UNCERTAIN,INSUFFICIENT_INFO,NA,NA,observational,,"No abstract; program evaluation on women's education and empowerment, potentially affecting fertility but no explicit diffusion mechanism stated",,
5,W1973070401,10.1093/ajae/aas052,Expanding Horizons: Can Women's Support Groups Diversify Peer Networks in Rural India?,2012,American Journal of Agricultural Economics,UNCERTAIN,INSUFFICIENT_INFO,NA,NA,unknown,,No abstract; unclear if women's support groups target fertility control or are general peer-network interventions.,,
5,W1991065790,10.1016/s0140-6736(12)60782-x,Family planning: a political issue,2012,The Lancet,UNCERTAIN,INSUFFICIENT_INFO,NA,NA,other,,no abstract provided; title on family planning politics but cannot assess A.3 relevance,,
5,W2060266861,10.1007/s00148-012-0460-6,Fertility and endogenous gender bargaining power,2012,Journal of Population Economics,UNCERTAIN,INSUFFICIENT_INFO,NA,NA,other,,title only; gender bargaining and fertility estimand unclear,,
5,W2096062155,10.1007/s10680-012-9277-y,Fertility in Advanced Societies: A Review of Research,2012,European Journal of Population / Revue européenne de Démographie,UNCERTAIN,INSUFFICIENT_INFO,NA,NA,review,,Comprehensive review of fertility determinants in advanced societies; mentions meso-level social networks but unclear whether A.3-specific diffusion mechanisms are reviewed,,
5,W19759394,10.1007/978-94-007-2837-0_3,Population Policies Framework,2012,,UNCERTAIN,INSUFFICIENT_INFO,NA,NA,other,,no abstract; generic title 'Population Policies Framework' insufficient to identify estimand,,
5,W2278150374,,"Proximate determinants of fertility: a comparative study of Western and Central provinces, Kenya",2012,,UNCERTAIN,INSUFFICIENT_INFO,SPATIAL_MIGRATION,NA,observational,,"No abstract; title suggests proximate-determinants and spatial comparison, possibly relevant to PRIMARY_SPATIAL_DIFFUSION but insufficient information to route.",,
5,W2153739092,,SOCIAL SUPPORT AS A MEDIATOR OF DEMOGRAPHIC DISPARITIES IN CONTRACEPTIVE USE AMONG U.S. WOMEN,2012,W. S. Hoole Special Collections Library Manuscript Collections,UNCERTAIN,INSUFFICIENT_INFO,SOCIAL_NETWORK_PEER,UNCLEAR,observational,,Social/emotional support as mediator on contraceptive use; unclear if this captures peer exposure/diffusion or general enabling support,,
5,W2170982931,10.4054/demres.2012.27.10,The Second Demographic Transition in Israel: One for All?,2012,Demographic Research,UNCERTAIN,INSUFFICIENT_INFO,NA,NA,descriptive,,"abstract incomplete; SDT framework with religious/ethnic/immigration variation, mechanism unclear",,
5,W1979101432,10.1007/s00181-012-0620-2,The effect of the timing and spacing of births on the level of labor market involvement of married women,2012,Empirical Economics,UNCERTAIN,INSUFFICIENT_INFO,NA,NA,other,,"no abstract; title suggests reverse causality (births → labor involvement), not diffusion of fertility control",,
5,W91878818,10.17323/1726-3247-2012-5-57-101,"Understanding Growth in Europe, 1700–1870: Theory and Evidence (translated by Yuriy Kapturevsky)",2012,Journal of Economic Sociology,UNCERTAIN,INSUFFICIENT_INFO,NA,NA,other,,Abstract in Russian; appears to be editorial/table of contents; content not determinable,,
5,W24633787,10.1007/978-94-007-2837-0_2,World Population Trends and Issues,2012,,UNCERTAIN,INSUFFICIENT_INFO,NA,NA,other,,no abstract; title too generic to determine relevance,,
5,W3122491988,10.1016/j.euroecorev.2011.01.002,An experimental investigation of why individuals conform,2011,European Economic Review,UNCERTAIN,INSUFFICIENT_INFO,NA,NA,other,,"title only, about conformity mechanisms; no abstract provided; unclear if fertility-related",,
5,W2025250987,10.1007/s10995-011-0893-7,Community Effects on Pregnancy Intention Among Cohabiting Women in The Philippines: Implications for Maternal and Child Health,2011,Maternal and Child Health Journal,UNCERTAIN,INSUFFICIENT_INFO,NA,NA,unknown,,Title mentions community effects on pregnancy intention; no abstract available to assess scope,,
5,W1949565298,10.1007/s10680-011-9228-z,Deliberate Birth Spacing in Nineteenth Century Northern Sweden,2011,European Journal of Population / Revue européenne de Démographie,UNCERTAIN,INSUFFICIENT_INFO,NA,NA,other,,"no abstract; title suggests historical deliberate birth spacing, possible A.3 relevance unclear",,
5,W2186312761,,Developmental Idealism and Family Life in Malawi,2011,,UNCERTAIN,INSUFFICIENT_INFO,NA,NA,other,,no abstract; 'developmental idealism' suggests cultural values but specific mechanism and estimand unclear,,
5,W2068710403,10.2139/ssrn.1958051,Estimating Causal Installed-Base Effects: A Bias-Correction Approach,2011,SSRN Electronic Journal,UNCERTAIN,INSUFFICIENT_INFO,NA,NA,unknown,,"Title-only: 'Installed-base effects' suggests network effects, but no abstract to confirm fertility relevance",,
5,W2116965921,10.1007/s13280-010-0133-1,Fertility Intentions and Risk Management: Exploring the Fertility Decline in Eastern Europe During Transition,2011,AMBIO,UNCERTAIN,INSUFFICIENT_INFO,NA,NA,other,,No abstract; title alone insufficient to identify diffusion mechanism,,
5,W3123994982,10.1016/j.econlet.2011.11.029,Fertility choice under child mortality and social norms,2011,Economics Letters,UNCERTAIN,INSUFFICIENT_INFO,NA,NA,other,,"Title mentions social norms and fertility choice, but no abstract; cannot assess estimand or identify A.3 content",,
5,W1825634769,10.1016/b978-0-444-53707-2.00001-3,Identification of Social Interactions,2011,Handbook of social economics,UNCERTAIN,INSUFFICIENT_INFO,NA,NA,theory,,title suggests social-interaction methodology; cannot determine fertility application without abstract,,
5,W285398064,10.1007/978-94-007-0068-0,Navigating Time and Space in Population Studies,2011,,UNCERTAIN,INSUFFICIENT_INFO,NA,NA,other,,no abstract; title suggests population studies methodology but fertility-control scope unclear,,
5,W1552759190,10.2139/ssrn.1024988,Poverty Traps: A Perspective from Development Economics,2011,SSRN Electronic Journal,UNCERTAIN,INSUFFICIENT_INFO,NA,NA,other,,No abstract provided; cannot be screened.,,
5,W1576455563,,Przestrzenne zróżnicowanie urodzeń pozamałżeńskich w Polsce w latach 2002-2010,2011,Studia Demograficzne,UNCERTAIN,INSUFFICIENT_INFO,SPATIAL_MIGRATION,NA,descriptive,,Polish study of spatial variation in non-marital births; no abstract; insufficient information on whether diffusion tested,,
5,W2002854925,10.1007/s10943-011-9478-4,"Religion, Contraception, and Method Choice of Married Women in Ghana",2011,Journal of Religion and Health,UNCERTAIN,INSUFFICIENT_INFO,NA,NA,other,,contraception and method choice mentioned but no abstract; unclear if addresses diffusion,,
5,W163572949,,"Social exclusion and social change: Access to, and influence of, community-based collective action programs in Nepal",2011,Deep Blue (University of Michigan),UNCERTAIN,INSUFFICIENT_INFO,SOCIAL_NETWORK_PEER,DESCRIPTIVE_RESIDUAL_ONLY,observational,,"Community-group participation shifts family/gender attitudes, but fertility outcome is not measured; falls short of A.3 because estimand is attitude change, not fertility-control adoption",,
5,W7804173,10.1007/978-94-007-0068-0_3,Spatial Aspects of the American Fertility Transition in the Nineteenth Century,2011,,UNCERTAIN,INSUFFICIENT_INFO,NA,NA,other,,Title only; spatial fertility transition could imply diffusion but estimand not stated verbatim per title-only rule,,
5,W1981364615,10.2139/ssrn.1855576,The Determinants of Low Fertility in Singapore: Evidence From a Household Survey,2011,SSRN Electronic Journal,UNCERTAIN,INSUFFICIENT_INFO,NA,NA,other,,No abstract provided; cannot be screened.,,
5,W2137156682,10.1016/b978-0-444-53187-2.00009-7,The Economics of Cultural Transmission and Socialization,2011,Handbook of social economics,UNCERTAIN,INSUFFICIENT_INFO,NA,NA,theory,,title suggests cultural transmission theory; empty abstract prevents assessment of whether fertility-diffusion or general socialization theory,,
5,W2035819111,10.1016/j.eeh.2011.01.002,The Western European marriage pattern and economic development,2011,Explorations in Economic History,UNCERTAIN,INSUFFICIENT_INFO,NA,NA,other,,"no abstract provided; title about marriage pattern and economic development, cannot assess A.3 relevance",,
5,W2062504830,10.1007/s11698-011-0061-8,The effect of investment in children’s education on fertility in 1816 Prussia,2011,Cliometrica,UNCERTAIN,INSUFFICIENT_INFO,NA,NA,other,,no abstract; title mentions education and fertility but does not state A.3 estimand verbatim,,
5,W2006259051,10.1007/s11127-011-9879-7,The political economy of fertility,2011,Public Choice,UNCERTAIN,INSUFFICIENT_INFO,NA,NA,other,,Empty abstract; title mentions political economy but does not state A.3 estimand,,
5,W1745542178,10.1007/978-94-007-2309-2_6,Theorising and Measuring Place in Neighbourhood Effects Research: The Example of Teenage Parenthood in England,2011,,UNCERTAIN,INSUFFICIENT_INFO,NA,NA,other,,Title mentions place effects and teenage parenthood but no abstract; cannot determine whether mechanism is social diffusion or other neighborhood effect,,
5,W2185470862,,Towards an Explanation of India's Fertility Transition,2011,,UNCERTAIN,INSUFFICIENT_INFO,NA,NA,other,,title alone insufficient; no abstract to determine estimand,,
5,W2479668309,10.1007/978-94-007-1945-3,Understanding Family Change and Variation,2011,,UNCERTAIN,INSUFFICIENT_INFO,NA,NA,other,,No abstract; generic title 'Understanding Family Change and Variation',,
5,W2341590931,,A multilevel analysis of the determinants of high risk sexual behavior (multiple sexual partners) in sub-Saharan Africa,2010,,UNCERTAIN,INSUFFICIENT_INFO,NA,NA,other,,"no abstract; title-only record about high-risk sexual behavior, insufficient to assess relevance to fertility control diffusion",,
5,W3465345,10.1007/978-90-481-9876-4_2,"Biology, Culture, and Human Behavior",2010,Cross-cultural advancements in positive psychology,UNCERTAIN,INSUFFICIENT_INFO,NA,NA,other,,title only; cannot determine relevance to fertility diffusion without abstract,,
5,W3124483382,10.2139/ssrn.1616309,Cultural Innovations and Demographic Change,2010,SSRN Electronic Journal,UNCERTAIN,INSUFFICIENT_INFO,NA,NA,other,,No abstract available; title suggests cultural innovation but cannot assess without content,,
5,W2181865899,,Culture Resurfaces - A Geographic Analysis of Fertility Decline in Prussia,2010,,UNCERTAIN,INSUFFICIENT_INFO,CULTURAL_LINGUISTIC_RELIGIOUS,NA,other,,"Title-only; geographic analysis of cultural factors in fertility decline, but no abstract; cannot determine if identifying cultural-boundary diffusion or cultural correlation",,
5,W1829314448,10.1007/s10680-010-9208-8,"Detecting Deliberate Fertility Control in Pre-transitional Populations: Evidence from six German villages, 1766–1863",2010,European Journal of Population / Revue européenne de Démographie,UNCERTAIN,INSUFFICIENT_INFO,NA,NA,historical,,"empty abstract; detects deliberate fertility control in pre-FDT German villages (1766-1863), but cannot assess whether paper addresses diffusion mechanism",,
5,W2244422566,10.2139/ssrn.1688102,Fertility Choice Under Child Mortality and Social Norms,2010,SSRN Electronic Journal,UNCERTAIN,INSUFFICIENT_INFO,NA,NA,other,,"No abstract; title mentions child mortality and social norms, could relate to legitimacy diffusion but insufficient information to assess",,
5,W1540249726,10.7551/mitpress/8713.003.0010,Fertility Transition and Its Socioeconomic Impacts in China,2010,The MIT Press eBooks,UNCERTAIN,INSUFFICIENT_INFO,NA,NA,descriptive,,Describes rapid fertility transition in China from government programme and socioeconomic change; mechanism unclear whether social diffusion vs. program effect vs. structural change,,
5,W1874038680,10.2139/ssrn.1536510,Fertility and Schooling: How this Relation Changed between 1995 and 2005 in Colombia,2010,SSRN Electronic Journal,UNCERTAIN,INSUFFICIENT_INFO,NA,NA,other,,No abstract provided,,
5,W2158512017,,Fertility-Migration Interactions: Exploring the Association between Migration of Children and Parental Fertility in Mexican Rural Communities,2010,,UNCERTAIN,INSUFFICIENT_INFO,SPATIAL_MIGRATION,NA,other,,"no abstract; title suggests reverse causality (child migration → parental fertility), not fertility-control diffusion",,
5,W1997341280,10.1016/j.worlddev.2010.04.003,"Identity, Interest and Information Search in a Dynamic Rural Economy",2010,World Development,UNCERTAIN,INSUFFICIENT_INFO,NA,NA,other,,Title only; information search could indicate diffusion mechanism but insufficient to assess,,
5,W613245575,10.1007/978-90-481-8939-7,Male Fertility Patterns and Determinants,2010,The Springer series on demographic methods and population analysis,UNCERTAIN,INSUFFICIENT_INFO,NA,NA,unknown,,title is male fertility patterns and determinants; no abstract to assess estimand,,
5,W5462150,10.1007/978-90-481-8939-7_7,"Religion, Religiosity and Male and Female Fertility",2010,The Springer series on demographic methods and population analysis,UNCERTAIN,INSUFFICIENT_INFO,NA,NA,other,,religion and fertility mentioned but no abstract; unclear if addresses diffusion mechanisms,,
5,W2046762549,10.1086/650424,"Social Learning, Social Influence, and Projection Bias: A Caution on Inferences Based on Proxy Reporting of Peer Behavior",2010,Economic Development and Cultural Change,UNCERTAIN,INSUFFICIENT_INFO,SOCIAL_NETWORK_PEER,NA,observational,,Methodological study warns that proxy-reported peer behavior generates measurement error; reports null effects of peer adoption on own adoption. Technology type unspecified; insufficient detail on whether fertility-related,,
5,W2138080054,10.1016/j.socscimed.2010.08.002,Social networks and contraception practice of women in rural Bangladesh,2010,Social Science & Medicine,UNCERTAIN,INSUFFICIENT_INFO,SOCIAL_NETWORK_PEER,NA,observational,,no abstract; title strongly suggests social-network effects on contraceptive adoption but estimand cannot be verified,,
5,W2398790603,,Stalling of Fertility Transitions and Socioeconomic Change in the Developing World: Evidence from the Demographic and Health Surveys*,2010,,UNCERTAIN,INSUFFICIENT_INFO,NA,NA,observational,,Title indicates stalling of fertility transitions; abstract missing (only acknowledgments visible); cannot assess estimand,,
5,W2418929100,,"TEACHING CHANGE: A MIXED-METHOD STUDY OF INTERVENTIONS, RISK PERCEPTIONS, AND BEHAVIOR CHANGE AMONG THE GARIFUNA OF HONDURAS",2010,,UNCERTAIN,INSUFFICIENT_INFO,NA,NA,unknown,,title mentions behavior-change interventions among Garifuna; no abstract to determine if fertility-control related,,
5,W4350310,10.1007/978-90-481-8918-2_2,"The Fertility Transition in Sub-Saharan Africa, 1990–2005: How Unique Is Ethiopia?",2010,,UNCERTAIN,INSUFFICIENT_INFO,NA,NA,unknown,,Title-only: describes fertility transition in Sub-Saharan Africa; cannot determine focus on social diffusion mechanisms,,
5,W3122213908,10.2139/ssrn.1692848,The Historical Fertility Transition: A Guide for Economists,2010,SSRN Electronic Journal,UNCERTAIN,INSUFFICIENT_INFO,NA,NA,review,,Title-only record with no abstract; title does not state A.3 estimand verbatim,,
5,W2605293785,10.21652/kaseas.20.3.201010.147,The Population Changes of Southeast Asia:1950-2050,2010,The Southeast Asian Review,UNCERTAIN,INSUFFICIENT_INFO,NA,NA,other,,No abstract; title alone insufficient,,
5,W2619402470,10.1363/3612210,The Role of Social Support and Parity in Contraceptive Use in Cambodia,2010,International Perspectives on Sexual and Reproductive Health,UNCERTAIN,INSUFFICIENT_INFO,NA,NA,unknown,,"Title only; 'social support' ambiguous—could be program support, family/peer support. Insufficient to determine if A.3 estimand.",,
5,W2491863926,,The educational gradient of nonmarital childbearing in Europe,2010,Population and Development Review,UNCERTAIN,INSUFFICIENT_INFO,NA,NA,other,,"No abstract; title on educational gradient in nonmarital fertility likely about socioeconomic drivers, not A.3",,
5,W2996930848,10.4054/mpidr-wp-2010-004,The educational gradient of nonmarital childbearing in Europe: emergence of a pattern of disadvantage?,2010,,UNCERTAIN,INSUFFICIENT_INFO,NA,NA,other,,abstract incomplete; cannot assess estimand,,
5,W1986303531,10.1007/s10887-010-9054-x,The trade-off between fertility and education: evidence from before the demographic transition,2010,Journal of Economic Growth,UNCERTAIN,INSUFFICIENT_INFO,NA,NA,unclear,,Title indicates education-fertility tradeoff historically; no abstract to assess whether tradeoff is viewed as diffusion mechanism or economic constraint,,
5,W2061303011,10.1038/nature08230,Advances in development reverse fertility declines,2009,Nature,UNCERTAIN,INSUFFICIENT_INFO,NA,NA,other,,no abstract; title suggests development-fertility reversal but mechanism unclear,,
5,W1752773762,10.1007/s10680-009-9187-9,"Attitudes, Norms and Perceived Behavioural Control: Explaining Fertility Intentions in Bulgaria",2009,European Journal of Population / Revue européenne de Démographie,UNCERTAIN,INSUFFICIENT_INFO,NA,NA,other,,title mentions norms and fertility intentions but lacks abstract; cannot distinguish between norm diffusion vs. attitudinal determinants,,
5,W2017441558,10.1016/j.bpobgyn.2008.11.002,Contraception in historical and global perspective,2009,Best Practice & Research Clinical Obstetrics & Gynaecology,UNCERTAIN,INSUFFICIENT_INFO,NA,NA,other,,Title only; cannot determine whether paper addresses A.3 mechanism or merely reviews contraceptive history,,
5,W2140161313,10.1007/s00148-009-0255-6,Demographic transitions: analyzing the effects of mortality on fertility,2009,Journal of Population Economics,UNCERTAIN,INSUFFICIENT_INFO,NA,NA,unclear,,Title alone indicates mortality-to-fertility mechanistic link but no abstract to assess whether diffusion or diffusion channels are involved,,
5,W78805693,,Essays on social interactions and the long-term effects of early-life conditions,2009,,UNCERTAIN,INSUFFICIENT_INFO,NA,NA,other,,"abstract truncated; thesis on social interactions and early-life conditions, no fertility-control diffusion visible",,
5,W1976141860,10.1016/j.mathsocsci.2009.07.005,Family regulation as a moving target in the demographic transition,2009,Mathematical Social Sciences,UNCERTAIN,INSUFFICIENT_INFO,NA,NA,other,,"Title mentions family regulation during demographic transition, but no abstract to assess whether about diffusion vs. other mechanisms",,
5,W2266379611,10.2139/ssrn.1440875,Household and Provider Behavior in the Health Sector in Africa: What Has Been Learned from Program Evaluations?,2009,SSRN Electronic Journal,UNCERTAIN,INSUFFICIENT_INFO,NA,NA,other,,no abstract; title suggests health behavior but unclear if fertility-control diffusion mechanism,,
5,W1016228106,10.33119/gn/101245,How Pension Systems Influence Fertility,2009,Gospodarka Narodowa,UNCERTAIN,INSUFFICIENT_INFO,NA,NA,other,,"title only, no abstract; mechanism unclear",,
5,W1979521296,10.1007/s12546-009-9014-5,India’s North–South divide and theories of fertility change,2009,Journal of Population Research,UNCERTAIN,INSUFFICIENT_INFO,NA,NA,other,,Title-only record: suggests regional fertility patterns but abstract absent; cannot assess estimand,,
5,W2044286343,10.1007/s10834-009-9174-7,Men’s Work Efforts and the Transition to Fatherhood,2009,Journal of Family and Economic Issues,UNCERTAIN,INSUFFICIENT_INFO,NA,NA,other,,Title-only record does not state A.3 estimand; cannot route without abstract,,
5,W655080209,,Socioeconomic Progress and Fertility Transition in the Developing World: Evidence from the Demographic and Health Surveys*,2009,,UNCERTAIN,INSUFFICIENT_INFO,NA,NA,other,,Only author acknowledgments provided; title mentions socioeconomic progress and fertility transition but no abstract to identify estimand,,
5,W4252491490,10.1007/978-90-481-3198-3_1,The Fall in Iranian Fertility: Theoretical Considerations,2009,,UNCERTAIN,INSUFFICIENT_INFO,NA,NA,other,,No abstract available for screening,,
5,W1988249035,10.1007/s00148-009-0296-x,The effects of motherhood timing on career path,2009,Journal of Population Economics,UNCERTAIN,INSUFFICIENT_INFO,NA,NA,unknown,,"Title-only record with no abstract; motherhood timing and career path, no indication of fertility-control diffusion mechanism",,
5,W2188753111,,The socioanthropology of human reproduction,2009,,UNCERTAIN,INSUFFICIENT_INFO,NA,NA,review,,abstract truncated; insufficient information on whether paper addresses A.3 diffusion mechanism,,
5,W2092946062,10.1007/s12546-009-9009-2,The transition to lower fertility in the West Bank and Gaza Strip: evidence from recent surveys,2009,Journal of Population Research,UNCERTAIN,INSUFFICIENT_INFO,NA,NA,descriptive,,No abstract; title about West Bank/Gaza fertility transition but mechanism unclear,,
5,W2005889538,10.1501/cogbil_0000000096,Türkiye’nin Demografik Geçiş Sürecine Coğrafi Bir Yaklaşım,2009,Coğrafi Bilimler Dergisi,UNCERTAIN,INSUFFICIENT_INFO,SPATIAL_MIGRATION,NA,descriptive,,Turkish-language geographic analysis of Turkey's demographic transition; could be PRINCETON_CANON-style descriptive analysis but insufficient without full abstract text,,
5,W2053510064,10.1016/j.socscimed.2008.06.032,Community factors affecting rising caesarean section rates in developing countries: An analysis of six countries,2008,Social Science & Medicine,UNCERTAIN,INSUFFICIENT_INFO,NA,NA,other,,No abstract provided; cannot be screened.,,
5,W2207686493,,Deriving traditional reproductive regimes to explain subnational fertility differentials in Zambia,2008,Open University of Cape Town (University of Cape Town),UNCERTAIN,INSUFFICIENT_INFO,NA,NA,unknown,,title mentions fertility differentials but abstract is contentless front matter; title does not state estimand verbatim,,
5,W2310799026,10.7301/z0hq3xdn,Internal Migration and Premarital Reproductive Behavior Among Adolescents in Nigeria,2008,Brown Digital Repository,UNCERTAIN,INSUFFICIENT_INFO,SPATIAL_MIGRATION,NA,other,,No abstract; migration and reproductive behavior could involve diffusion but cannot assess,,
5,W617122227,10.1007/978-1-4020-6733-4,Kinship and Demographic Behavior in the Past,2008,,UNCERTAIN,INSUFFICIENT_INFO,CULTURAL_LINGUISTIC_RELIGIOUS,NA,historical,,"No abstract; kinship and demographic behavior, possibly relevant to cultural/family-structure diffusion but insufficient detail.",,
5,W2122202693,10.4054/demres.2008.18.20,On the structural value of children and its implication on intended fertility in Bulgaria,2008,Demographic Research,UNCERTAIN,INSUFFICIENT_INFO,NA,NA,observational,,Abstract truncated mid-sentence; mentions personal networks and structural determinants but unclear whether estimand is network diffusion of adoption or value transmission,,
5,W2158366275,10.4054/demres.2008.18.2,Recent fertility decline in Eritrea,2008,Demographic Research,UNCERTAIN,INSUFFICIENT_INFO,NA,NA,other,,abstract incomplete; cannot assess whether fertility decline is attributed to diffusion vs. other mechanisms,,
5,W2275533007,,"Religion and fertility in the United States: The influence of affiliation, region, and congregation",2008,,UNCERTAIN,INSUFFICIENT_INFO,CULTURAL_LINGUISTIC_RELIGIOUS,NA,observational,,No abstract; title mentions religion and congregation but diffusion mechanism not clear,,
5,W144201954,10.1007/978-1-4020-6733-4_4,"Villages, Descent Groups, Households, and Individual Outcomes in Rural Liaoning, 1789–1909",2008,,UNCERTAIN,INSUFFICIENT_INFO,NA,NA,other,,"Title only, no abstract; unclear if fertility or diffusion content",,
5,W1985379904,10.1016/j.socscimed.2007.10.009,A broader perspective on education and mortality: Are we influenced by other people's education?,2007,Social Science & Medicine,UNCERTAIN,INSUFFICIENT_INFO,NA,NA,other,,"No abstract available; title suggests peer/spillover effects on mortality, not fertility",,
5,W2183668795,,A review of migration and fertility theory through the lens of African immigrant fertility in France,2007,,UNCERTAIN,INSUFFICIENT_INFO,NA,NA,review,,"Title suggests review of migration–fertility theory; could address spatial diffusion, but no abstract to confirm scope.",,
5,W35827892,10.1016/s1571-0386(06)16003-2,"Chapter 3 Demographic Change, Health and Health-Risk Behaviour across Cohorts in Britain: Implications for Policy Modelling",2007,International symposia in economic theory and econometrics,UNCERTAIN,INSUFFICIENT_INFO,NA,NA,observational,,No abstract; book chapter on cohort health changes but estimand unclear,,
5,W1603655201,10.1016/s1573-4471(07)04048-x,Chapter 48 Information Networks in Dynamic Agrarian Economies,2007,Handbook of development economics,UNCERTAIN,INSUFFICIENT_INFO,NA,NA,unknown,,"no abstract; title mentions information networks in agrarian economies, relevance unclear",,
5,W3124330411,10.1016/s1573-4471(07)04052-1,"Chapter 52 Population Policies, Fertility, Women's Human Capital, and Child Quality",2007,Handbook of development economics,UNCERTAIN,INSUFFICIENT_INFO,NA,NA,other,,No abstract; book chapter on policies and human capital; cannot determine diffusion relevance,,
5,W2187624708,,Contextualising demography: the significance of local clusters of fertility in Scotland,2007,,UNCERTAIN,INSUFFICIENT_INFO,SPATIAL_MIGRATION,NA,observational,,Title indicates spatial clustering of fertility in Scotland; no abstract available to verify estimand or identification of diffusion,,
5,W2117987682,10.3386/w13373,Culture as Learning: The Evolution of Female Labor Force Participation over a Century,2007,National Bureau of Economic Research,UNCERTAIN,INSUFFICIENT_INFO,NA,NA,structural,,incomplete abstract; culture as learning in female labor force evolution; unclear relevance to fertility-control diffusion,,
5,W2102407566,10.1016/j.jpubeco.2007.01.001,Economic growth and endogenous intergenerational altruism,2007,Journal of Public Economics,UNCERTAIN,INSUFFICIENT_INFO,NA,NA,other,,No abstract provided; title on economic growth and altruism may relate to fertility preferences but cannot confirm scope.,,
5,W2160097003,10.1002/psp.454,Effects of modernisation on desired fertility in Egypt,2007,Population Space and Place,UNCERTAIN,INSUFFICIENT_INFO,SOCIAL_NETWORK_PEER,UNCLEAR,observational,,"Invokes social interaction theory for community effects on fertility, but outcome is desired fertility rather than adoption of fertility control; unclear whether identifying diffusion of control adoption versus general community modernization effects",,
5,W2018033858,10.1007/s11113-007-9052-7,Exploratory Analysis of Spatial Patterns in Brazil’s Fertility Transition,2007,Population Research and Policy Review,UNCERTAIN,INSUFFICIENT_INFO,NA,NA,descriptive,,"Spatial patterns in Brazil's fertility transition; could be PRIMARY_SPATIAL_DIFFUSION, but without abstract cannot assess mechanism or identification",,
5,W2160581424,10.1016/j.evolhumbehav.2007.01.003,Influences on communication about reproduction: the cultural evolution of low fertility,2007,Evolution and Human Behavior,UNCERTAIN,INSUFFICIENT_INFO,SOCIAL_NETWORK_PEER,NA,descriptive,,Communication about reproduction and cultural evolution of low fertility; title suggests ideational/diffusion mechanisms but no abstract available,,
5,W1967624924,10.4054/demres.2007.16.14,Intergenerational family ties and the diffusion of cohabitation in Italy,2007,Demographic Research,UNCERTAIN,INSUFFICIENT_INFO,NA,NA,descriptive,,"Title mentions intergenerational family ties and diffusion of cohabitation, but abstract is truncated; cannot distinguish horizontal vs vertical transmission",,
5,W2128989681,10.3386/w13516,Observational Learning: Evidence from a Randomized Natural Field Experiment,2007,National Bureau of Economic Research,UNCERTAIN,INSUFFICIENT_INFO,NA,NA,other,,Abstract truncated; cannot assess,,
5,W4213269299,10.1007/978-1-4020-4498-4_5,On Net Intergenerational Wealth Flows: an Update,2007,,UNCERTAIN,INSUFFICIENT_INFO,NA,NA,other,,"No abstract; title on intergenerational wealth flows, likely not fertility-related",,
5,W2144424641,10.2139/ssrn.985956,"Population Policies, Fertility, Women's Human Capital, and Child Quality",2007,SSRN Electronic Journal,UNCERTAIN,INSUFFICIENT_INFO,NA,NA,other,,"Title only, no abstract; title suggests population policies and fertility outcomes but does not indicate diffusion estimand",,
5,W2142256173,10.1007/s11111-007-0045-6,Population and environment in the twenty-first century,2007,Population and Environment,UNCERTAIN,INSUFFICIENT_INFO,NA,NA,unknown,,No abstract; title does not indicate fertility control focus.,,
5,W2101846130,10.1007/s00148-007-0144-9,Population growth overshooting and trade in developing countries,2007,Journal of Population Economics,UNCERTAIN,INSUFFICIENT_INFO,NA,NA,other,,Title-only; population growth and trade; insufficient to determine relevance to A.3,,
5,W2138542091,10.1007/s12116-007-9003-7,"Reassessing the Effect of Economic Growth on Well-being in Less-developed Countries, 1980–2003",2007,Studies in Comparative International Development,UNCERTAIN,INSUFFICIENT_INFO,NA,NA,other,,"no abstract; title suggests macro-level economics and well-being, likely not fertility diffusion",,
5,W2047687086,10.1007/978-1-4020-4498-4_10,Regional Paths to Fertility Transition,2007,,UNCERTAIN,INSUFFICIENT_INFO,NA,NA,other,,"no abstract; title alludes to regional variation in fertility transitions but mechanism (diffusion, economics, programs) unclear",,
5,W2051309666,10.4054/demres.2007.17.15,Social mobility and fertility,2007,Demographic Research,UNCERTAIN,INSUFFICIENT_INFO,NA,NA,other,,"Abstract incomplete; title mentions social mobility and fertility, but mechanism unclear",,
5,W2309948513,,"Spousal communication and family planning behavior in Northern Cape, South Africa",2007,,UNCERTAIN,INSUFFICIENT_INFO,NA,NA,other,,Family planning behavior and communication; no abstract; cannot confirm diffusion mechanism,,
5,W2027680856,10.4054/demres.2007.17.3,"The ""Wedding-Ring""",2007,Demographic Research,UNCERTAIN,INSUFFICIENT_INFO,SOCIAL_NETWORK_PEER,NA,structural,,Agent-based model of social-interaction marriage; abstract truncated; insufficient to determine if fertility-control mechanism.,,
5,W4211078898,10.1007/978-1-4020-4498-4_9,The Delayed Western Fertility Decline: an Examination of English-Speaking Countries,2007,,UNCERTAIN,INSUFFICIENT_INFO,NA,NA,other,,no abstract; title suggests fertility-decline patterns but cannot determine if diffusion is mechanism,,
5,W86475145,10.1007/978-1-4020-4498-4_11,The Globalization of Fertility Behavior,2007,,UNCERTAIN,INSUFFICIENT_INFO,NA,NA,unknown,,Title suggests globalization of fertility behavior (potential diffusion); no abstract available,,
5,W2337408407,,The Importance of Ethnicity: Fertility and Ethnicity in West Africa,2007,,UNCERTAIN,INSUFFICIENT_INFO,CULTURAL_LINGUISTIC_RELIGIOUS,DESCRIPTIVE_RESIDUAL_ONLY,observational,,Ethnic clustering in fertility observed but abstract concludes nation-state (not ethnicity/culture) determines fertility—unclear if this is evidence for cultural-boundary diffusion of control or simply ethnic preference variation,,
5,W2172058697,10.4054/demres.2007.17.18,The anthropological demography of Europe,2007,Demographic Research,UNCERTAIN,INSUFFICIENT_INFO,NA,NA,review,,Truncated abstract; collection overview of anthropological demography studies,,
5,W2162851491,10.1007/s10680-006-9113-3,The dynamics of fertility amongst Palestinians in Israel from 1980 to 2000,2007,European Journal of Population / Revue européenne de Démographie,UNCERTAIN,INSUFFICIENT_INFO,NA,NA,other,,No abstract; title alone insufficient,,
5,W2110969464,10.1111/j.1728-4457.2007.00160.x,Theories of Fertility Decline and the Evidence from Development Indicators,2007,Population and Development Review,UNCERTAIN,INSUFFICIENT_INFO,NA,NA,review,,Title suggests theory review of fertility decline; no abstract available to assess whether focused on diffusion/ideational mechanisms,,
5,W1543142575,10.1007/s10680-007-9120-z,Towards long-term population decline: a discussion of relevant issues,2007,European Journal of Population / Revue européenne de Démographie,UNCERTAIN,INSUFFICIENT_INFO,NA,NA,other,,no abstract; title alone does not indicate estimand,,
5,W3123228534,10.4054/mpidr-wp-2007-012,"Towards smaller family size in Egypt, Morocco and Turkey: overall change over time or socio-economic compositional effect?",2007,,UNCERTAIN,INSUFFICIENT_INFO,NA,NA,observational,,"examines overall societal vs. compositional drivers of fertility decline in Egypt, Morocco, Turkey; mechanism of change unclear from title alone",,
5,W2184375916,,University of the Witwatersrand Faculty of Health Sciences School of Public Health INTENTION TO USE CONTRACEPTION AND SUBSEQUENT CONTRACEPTIVE BEHAVIOR,2007,,UNCERTAIN,INSUFFICIENT_INFO,NA,NA,observational,,No abstract; thesis on contraceptive intention and behavior but estimand unclear,,
5,W2086397503,10.4054/demres.2007.16.1,What kind of theory for anthropological demography?,2007,Demographic Research,UNCERTAIN,INSUFFICIENT_INFO,NA,NA,theory,,Theory paper on anthropological demography; abstract truncated—cannot assess relevance,,
5,W3121188887,10.1037/e597012012-001,"Why is Son Preference Declining in South Korea? The Role of Development and Public Policy, and the Implications for China and India",2007,PsycEXTRA Dataset,UNCERTAIN,INSUFFICIENT_INFO,NA,NA,observational,,"abstract is template text only (truncated); titled on preference drivers (development, policy); likely about value/policy change (OFF_VALUE_D1 or OFF_PROGRAM_A5), not diffusion",,
5,W2182315976,,"Capital social, asentamientos urbanos y comportamiento demográfico en América Latina",2006,Americanae (AECID Library),UNCERTAIN,INSUFFICIENT_INFO,NA,NA,other,,"title only (Spanish); social capital, urban settlements, demographic behavior — insufficient detail",,
5,W1983971273,10.1016/j.tpb.2005.10.003,Cultural niche construction in a metapopulation,2006,Theoretical Population Biology,UNCERTAIN,INSUFFICIENT_INFO,NA,NA,other,,"title only; 'cultural niche construction' is ambiguous as to domain (biology, fertility, or other)",,
5,W3194712714,,Dowody i refutacje: wczoraj i dziś w historyczno-demograficznych studiach nad transformacją postaw prokreacyjnych,2006,Studia Demograficzne,UNCERTAIN,INSUFFICIENT_INFO,NA,NA,other,,no English abstract; Polish title on evidence/refutation in historical-demographic studies too thin to evaluate,,
5,W4238255219,10.1007/0-387-23106-4_25,Fertility Planning,2006,Kluwer Academic Publishers-Plenum Publishers eBooks,UNCERTAIN,INSUFFICIENT_INFO,NA,NA,other,,Empty abstract; generic title does not state A.3 estimand,,
5,W2131803191,10.1007/s10887-006-9005-8,Fertility and development: the roles of schooling and family production,2006,Journal of Economic Growth,UNCERTAIN,INSUFFICIENT_INFO,NA,NA,other,,no abstract; title suggests schooling and family economics but insufficient information on diffusion,,
5,W2589017241,,"Fertility: theories, frameworks, models, concepts",2006,Data Archiving and Networked Services (DANS),UNCERTAIN,INSUFFICIENT_INFO,NA,NA,other,,Fertility theories and frameworks; no abstract; cannot confirm diffusion focus,,
5,W2009639564,10.1007/s11111-006-0030-5,Land Use and Marriage Timing in Nepal,2006,Population and Environment,UNCERTAIN,INSUFFICIENT_INFO,NA,NA,other,,"No abstract; title mentions marriage timing in Nepal, potentially fertility-related, but cannot assess substance",,
5,W2165352340,10.1146/annurev.soc.31.041304.122220,Low Fertility at the Turn of the Twenty-First Century,2006,Annual Review of Sociology,UNCERTAIN,INSUFFICIENT_INFO,NA,NA,review,,literature review of theories explaining low fertility; without full text cannot determine coverage of diffusion/social-learning mechanisms,,
5,W2011350550,10.1016/j.socscimed.2006.02.007,Migration and maternal health services utilization in rural Guatemala,2006,Social Science & Medicine,UNCERTAIN,INSUFFICIENT_INFO,NA,NA,other,,"Migration and health services; no abstract, unclear fertility-diffusion connection",,
5,W2024713757,10.1007/s11113-006-9006-5,Neighbors and neighborhoods: effects on marriage timing,2006,Population Research and Policy Review,UNCERTAIN,INSUFFICIENT_INFO,NA,NA,other,,"Title only; neighbors and neighborhoods mentioned, but outcome is marriage timing, not fertility control adoption or spacing",,
5,W2158436003,10.1007/s00148-006-0072-0,"Nonmarket networks among migrants: evidence from metropolitan Bangkok, Thailand",2006,Journal of Population Economics,UNCERTAIN,INSUFFICIENT_INFO,NA,NA,other,,No abstract; networks among migrants mentioned but estimand unclear,,
5,W4255424023,10.1007/0-387-23106-4_29,Population Policy,2006,Kluwer Academic Publishers-Plenum Publishers eBooks,UNCERTAIN,INSUFFICIENT_INFO,NA,NA,other,,"Population policy; no abstract, insufficient information",,
5,W2337461145,,"Reciprocal Influences of Education on Values Concerning Family, Careers and Society",2006,,UNCERTAIN,INSUFFICIENT_INFO,NA,NA,other,,No abstract provided; title mentions education and family values but unclear scope,,
5,W641526016,,Religion and demography in the United States : a geographic analysis,2006,Medical Entomology and Zoology,UNCERTAIN,INSUFFICIENT_INFO,CULTURAL_LINGUISTIC_RELIGIOUS,NA,descriptive,,"No abstract; title on religion and demographic geography in U.S., possibly cultural-boundary clustering, but no explicit mechanism",,
5,W3127392669,10.13140/2.1.4014.1449,Reproductive strategies in Belgian fertility: 1930-1990.,2006,VUBIR (Vrije Universiteit Brussel),UNCERTAIN,INSUFFICIENT_INFO,NA,NA,other,,no abstract; cannot assess estimand or mechanism,,
5,W2085450651,10.1007/s10461-006-9097-3,The Babel Effect: Community Linguistic Diversity and Extramarital Sex in Uganda,2006,AIDS and Behavior,UNCERTAIN,INSUFFICIENT_INFO,NA,NA,other,,Title only; studies linguistic diversity and sexual behavior in Uganda; not clearly about fertility control diffusion,,
5,W2024232363,10.1783/147118906777888477,The Pill and the blackboard,2006,Journal of Family Planning and Reproductive Health Care,UNCERTAIN,INSUFFICIENT_INFO,NA,NA,other,,"no abstract provided; title suggests Pill (technology) and education, cannot assess A.3 relevance",,
5,W2114798658,10.1111/j.1728-4457.2006.00146.x,The Second Demographic Transition in the United States: Exception or Textbook Example?,2006,Population and Development Review,UNCERTAIN,INSUFFICIENT_INFO,NA,NA,other,,title with peer-review tag only; no abstract; record too thin,,
5,W2098477065,,The Spread of Innovations by Social Learning,2006,,UNCERTAIN,INSUFFICIENT_INFO,NA,NA,theory,,Title states spread of innovations by social learning but no abstract; cannot determine if fertility-control-specific or general diffusion theory,,
5,W2406408559,,VARIATIONS IN PATTERNS OF LOW FERTILITY IN SOUTH,2006,,UNCERTAIN,INSUFFICIENT_INFO,NA,NA,other,,No abstract; incomplete title prevents assessment,,
5,W1563980781,10.1007/1-4020-3464-4_4,A Comparative History of Age-Structure and Social Transitions Among Asian Youth,2005,,UNCERTAIN,INSUFFICIENT_INFO,NA,NA,other,,"Title only, no abstract; comparative history of Asian youth age structure and social transitions; insufficient to assess whether it bears on fertility-control diffusion",,
5,W2044555929,10.1016/j.contraception.2005.08.019,Contraception: an international perspective,2005,Contraception,UNCERTAIN,INSUFFICIENT_INFO,NA,NA,other,,Title-only review-style coverage of contraception; insufficient to determine whether A.3 or descriptive coverage of methods/technology (A.2),,
5,W2139797282,,Contraceptive sterilization in Canada : a reasonable choice,2005,,UNCERTAIN,INSUFFICIENT_INFO,NA,NA,descriptive,,Contraceptive sterilization methods; could route to OFF_TECHNOLOGY_A2 but no abstract to confirm whether it treats diffusion of the method itself or adoption patterns,,
5,W2041465707,10.1007/s11113-005-5096-8,Fraught with Ambivalence: Reproductive Intentions and Contraceptive Choices in a Sub-Saharan Fertility Transition,2005,Population Research and Policy Review,UNCERTAIN,INSUFFICIENT_INFO,NA,NA,other,,No abstract supplied; title mentions reproductive intentions and choices but does not specify diffusion or social transmission mechanism,,
5,W2039468135,10.1007/s11199-005-8296-0,"Gender, Social Networks, and Contraceptive Use in Kenya",2005,Sex Roles,UNCERTAIN,INSUFFICIENT_INFO,SOCIAL_NETWORK_PEER,NA,observational,,Title indicates social-network–contraceptive mechanism but no abstract to verify estimand,,
5,W2018682526,10.1016/j.ehb.2005.09.001,"Healthcare infrastructure, contraceptive use and infant mortality in Uttar Pradesh, India",2005,Economics & Human Biology,UNCERTAIN,INSUFFICIENT_INFO,NA,NA,other,,"No abstract; title on healthcare infrastructure and contraceptive use likely about supply/access (A.2 or A.5), not social diffusion",,
5,W4211126235,10.1007/0-387-23106-4_20,Historical Demography,2005,Handbooks of sociology and social research,UNCERTAIN,INSUFFICIENT_INFO,NA,NA,other,,No abstract; title 'Historical Demography' alone insufficient to determine estimand,,
5,W2154117215,10.1016/j.jdeveco.2004.12.003,Human capital and economic development,2005,Journal of Development Economics,UNCERTAIN,INSUFFICIENT_INFO,NA,NA,other,,No abstract provided to assess relevance,,
5,W2139071715,10.1007/s11113-005-4852-0,Is Maternal and Child Health Service use a Causal Gateway to Subsequent Contraceptive use?: A Multi-Country Study,2005,Population Research and Policy Review,UNCERTAIN,INSUFFICIENT_INFO,NA,NA,other,,No abstract provided; title suggests gateway role of health services but mechanism unclear,,
5,W1964057723,10.1016/j.socnet.2005.07.007,Measuring social networks cross-culturally,2005,Social Networks,UNCERTAIN,INSUFFICIENT_INFO,NA,NA,other,,"No abstract; title about social network measurement methodology, unclear if related to fertility",,
5,W2051494682,10.1007/s00148-005-0045-8,"Political instability, gender discrimination, and population growth in developing countries",2005,Journal of Population Economics,UNCERTAIN,INSUFFICIENT_INFO,NA,NA,other,,"No abstract; title suggests political/gender drivers of population growth, not diffusion",,
5,W2116839425,,Towards a replacement rate: programs and policies which affected the fertility course in Brazil,2005,,UNCERTAIN,INSUFFICIENT_INFO,NA,NA,other,,abstract duplicates title with no substantive content; cannot assess,,
5,W2022287849,10.1007/s11113-005-0367-y,Urbanization and the fertility transition in Ghana,2005,Population Research and Policy Review,UNCERTAIN,INSUFFICIENT_INFO,NA,NA,other,,no abstract; title suggests urbanization→fertility link but unclear if diffusion or economic mechanism,,
5,W2163420125,10.4054/demres.2004.s3.2,Becoming an Adult in Europe: A Macro(/Micro)-Demographic Perspective,2004,Demographic Research,UNCERTAIN,INSUFFICIENT_INFO,NA,NA,other,,Abstract incomplete; cannot screen,,
5,W18770612,10.15083/00002788,Biocultural mechanisms of high fertility and ineffective family planning practices in a rural Arab community of South Jordan : a population-ecological approach,2004,Institutional Repositories DataBase (IRDB),UNCERTAIN,INSUFFICIENT_INFO,NA,NA,other,,"Abstract is repository metadata, not paper abstract; title mentions cultural factors in fertility but unverifiable",,
5,W4231707730,10.1007/1-4020-2458-4,Childbearing Trends and Prospects in Low-Fertility Countries,2004,European studies of population,UNCERTAIN,INSUFFICIENT_INFO,NA,NA,other,,Title only; childbearing trends could cover diffusion but estimand not stated,,
5,W1970602621,10.1007/s11111-004-4486-x,"Cognitive Models of Fertility Decline in Oaxaca City, Mexico",2004,Population and Environment,UNCERTAIN,INSUFFICIENT_INFO,NA,NA,unknown,,Title-only: cognitive models of fertility decline; cannot determine if about diffusion of fertility-control cognitions vs. individual decision-making,,
5,W4232727606,10.1023/b:poen.0000032323.39780.eb,"Cognitive Models of Fertility Decline in Oaxaca City, Mexico",2004,Population and Environment,UNCERTAIN,INSUFFICIENT_INFO,NA,NA,unknown,,title mentions cognitive models of fertility decline in Mexico; no abstract to assess estimand or whether diffusion is studied,,
5,W2122710660,10.1080/0032472032000183762,"Discussion of paper ‘Explanations of the fertility crisis in modern societies: A search for commonalities’, Population Studies 57(3): 241–263, by John Caldwell and Thomas Schindlmayr",2004,Population Studies,UNCERTAIN,INSUFFICIENT_INFO,NA,NA,review,,discussion/commentary on Caldwell & Schindlmayr paper on fertility-crisis explanations; abstract is contentless without source paper content,,
5,W4292230192,10.4054/demres.2004.s3.10,Education and Entry into Motherhood: The Czech Republic during State Socialism and the Transition Period (1970-1997),2004,Demographic Research,UNCERTAIN,INSUFFICIENT_INFO,NA,NA,observational,,Abstract truncated; cannot assess estimand,,
5,W2096849929,10.1111/j.0038-4941.2004.00246.x,"Fertility Changes Among Immigrants: Generations, Neighborhoods, and Personal Characteristics*",2004,Social Science Quarterly,UNCERTAIN,INSUFFICIENT_INFO,SOCIAL_NETWORK_PEER,NA,observational,,Studies fertility patterns across immigrant generations and neighborhoods; ethnic-enclave residence has weak independent effect on fertility after controlling for personal characteristics. Mechanism (assimilation vs. diffusion) not clearly specified,,
5,W2118804395,10.2139/ssrn.576082,Joint Estimation of Sequential Labor Force Participation and Fertility Decisions Using Markov Chain Monte Carlo Techniques,2004,SSRN Electronic Journal,UNCERTAIN,INSUFFICIENT_INFO,NA,NA,unknown,,"no abstract; joint estimation of labor force and fertility decisions, mechanism unclear",,
5,W2161728286,10.3917/adh.107.05,L'enquête des 3000 familles : un premier bilan,2004,Annales de Démographie Historique,UNCERTAIN,INSUFFICIENT_INFO,NA,NA,other,,Title-only (French); appears to be a data or methodological report without stated estimand,,
5,W2044161327,10.1023/b:joyo.0000032643.49494.93,Perceived Peer Behavior and the Timing of Sexual Debut in Rwanda: A Survival Analysis of Youth Data,2004,Journal of Youth and Adolescence,UNCERTAIN,INSUFFICIENT_INFO,SOCIAL_NETWORK_PEER,NA,other,,"No abstract; title studies peer effects on sexual debut timing, which is proximate to fertility but distinct from fertility-control adoption specifically",,
5,W2151420580,,Postponement of Childbearing and Low Fertility in Europe,2004,University of Groningen research database (University of Groningen / Centre for Information Technology),UNCERTAIN,INSUFFICIENT_INFO,NA,NA,other,,Dutch-language abstract; discusses childbearing postponement and fertility decline but A.3 estimand not identifiable from text,,
5,W2068772193,10.1007/bf03031897,Regional fertility trends in Mozambique,2004,Journal of Population Research,UNCERTAIN,INSUFFICIENT_INFO,NA,NA,descriptive,,Regional fertility patterns but no abstract; could describe diffusion residuals but insufficient to route,,
5,W2696807912,,Regional variations in the use of contraception in Kenya,2004,,UNCERTAIN,INSUFFICIENT_INFO,SPATIAL_MIGRATION,NA,descriptive,,Regional variation in contraceptive use in Kenya; no abstract available to assess diffusion mechanism,,
5,W2002762749,10.1007/bf03031793,Below-replacement fertility: Determinants and prospects in South Asia,2003,Journal of Population Research,UNCERTAIN,INSUFFICIENT_INFO,NA,NA,other,,no abstract provided to assess determinants,,
5,W1480154606,10.1023/a:1023343001627,"Cohabitation, Marriage, and First Birth: The Interrelationship of Family Formation Events in Spain",2003,European Journal of Population / Revue européenne de Démographie,UNCERTAIN,INSUFFICIENT_INFO,NA,NA,other,,empty abstract; cannot assess whether paper addresses diffusion of fertility-control adoption,,
5,W1647809077,,Connaissance et utilisation des méthodes contraceptives en milieu rural Sereer au Sénégal,2003,Cahiers d'études et de recherches francophones / Santé,UNCERTAIN,INSUFFICIENT_INFO,SOCIAL_NETWORK_PEER,DESCRIPTIVE_RESIDUAL_ONLY,descriptive,,Descriptive of contraceptive knowledge levels; mentions social interaction in economically active villages but no identified diffusion estimand,,
5,W2165411796,10.1023/a:1024913321935,Demographic Shifts in the Czech Republic after 1989: A Second Demographic Transition View,2003,European Journal of Population / Revue européenne de Démographie,UNCERTAIN,INSUFFICIENT_INFO,NA,NA,other,,no abstract; SDT framework suggested but cannot assess estimand,,
5,W97556839,,"POVERTY, FERTILITY AND FAMILY PLANNING PAUVRETÉ, FÉCONDITÉ ET PLANIFICATION FAMILIALE",2003,,UNCERTAIN,INSUFFICIENT_INFO,NA,NA,other,,"Title only, no abstract; poverty, fertility, and family planning; insufficient to assess whether diffusion mechanism is the estimand",,
5,W2253340758,,Patterns of Lowest-Low Fertility in Hong Kong,2003,,UNCERTAIN,INSUFFICIENT_INFO,NA,NA,descriptive,,Title-only descriptive work on Hong Kong lowest-low fertility; could be PRINCETON_CANON style but insufficient detail without abstract,,
5,W2106466239,10.2139/ssrn.380761,Regional Social Contexts and Individual Fertility Decisions: A Multilevel Analysis of First and Second Births in Western Germany,2003,SSRN Electronic Journal,UNCERTAIN,INSUFFICIENT_INFO,NA,NA,observational,,no abstract; title suggests regional social context effects on fertility decisions (multilevel); could indicate spatial diffusion but mechanism unclear,,
5,W1999468931,10.1037/0003-066x.58.3.197,Reproductive behavior in the context of global population.,2003,American Psychologist,UNCERTAIN,INSUFFICIENT_INFO,NA,NA,review,,Mentions reproductive behavior change and psychology but provides no mechanism or evidence; too abstract to identify estimand,,
5,W2169482563,10.1023/a:1022139328617,"Supply and Demand Factors in the Fertility Decline in Matlab, Bangladesh in 1977–1999",2003,European Journal of Population / Revue européenne de Démographie,UNCERTAIN,INSUFFICIENT_INFO,NA,NA,other,,title only; supply and demand factors — cannot determine if demand shifts involve diffusion,,
5,W1996275849,10.1257/089533003772034943,The Demographic Transition: Three Centuries of Fundamental Change,2003,The Journal of Economic Perspectives,UNCERTAIN,INSUFFICIENT_INFO,NA,NA,review,,Broad review of global demographic transition over three centuries; foundational scope suggests possible Princeton-canon relevance but abstract does not specify treatment of A.3's diffusion mechanisms,,
5,W2147814089,10.1023/a:1025546221461,The Differential Influence of Women's Residential District on the Risk of Entering First Marriage and Motherhood in Western Germany,2003,Population and Environment,UNCERTAIN,INSUFFICIENT_INFO,NA,NA,observational,,No abstract; title mentions spatial district effects on marriage and motherhood but estimand unclear,,
5,W2372770486,,"CAUSES OF FERTILITY DECLINE IN INDIA AND BANGLADESH An Investigation (Project Report Sponsored by South Asia Network of Economic Research Institutes, SANEI, New Delhi)",2002,,UNCERTAIN,INSUFFICIENT_INFO,NA,NA,other,,No abstract; title suggests causes of fertility decline but mechanism unclear,,
5,W2724201477,,Degree Of Preference Implementation And Fertility Changes In Developing Countries,2002,University of Nairobi eBooks,UNCERTAIN,INSUFFICIENT_INFO,NA,NA,other,,No abstract; title mentions preference implementation and fertility changes but insufficient to determine if diffusion mechanism,,
5,W4251301936,10.1016/s0305-750x(01)00113-9,Disciplining Gender?,2002,World Development,UNCERTAIN,INSUFFICIENT_INFO,NA,NA,other,,"Gender and discipline; no abstract, unclear relevance",,
5,W2155141311,,Dynamics of reproductive behaviour in rural coastal communities of southern Ghana,2002,,UNCERTAIN,INSUFFICIENT_INFO,NA,NA,descriptive,,no abstract; title suggests community reproductive behavior in Ghana but content and estimand unknown,,
5,W1501775746,,"Investments in Familiy Life: the Impact of Value Orientations on Patterns of Consumption, Production and Reproduction in Married and Cohabiting Couples",2002,Research portal (Tilburg University),UNCERTAIN,INSUFFICIENT_INFO,NA,NA,unknown,,Title-only: value orientations affecting reproduction; cannot determine if addresses diffusion of fertility control,,
5,W2088594309,10.1016/s0954-349x(02)00023-1,Missing women in Indian districts: a quantitative analysis,2002,Structural Change and Economic Dynamics,UNCERTAIN,INSUFFICIENT_INFO,NA,NA,other,,No abstract provided; cannot be screened.,,
5,W3127241801,,New Forms of Household Formation in Central and Eastern Europe: are they related to newly emerging Value Orientations?,2002,VUBIR (Vrije Universiteit Brussel),UNCERTAIN,INSUFFICIENT_INFO,NA,NA,unknown,,no abstract; title alone insufficient per Wall policy,,
5,W2271462187,10.1023/a:1015511805628,Population Policy in Early Victorian England,2002,European Journal of Population / Revue européenne de Démographie,UNCERTAIN,INSUFFICIENT_INFO,NA,NA,historical,,"No abstract; title about population policy, likely A.5 (programs), not diffusion",,
5,W3125625853,10.1023/a:1019765026537,Regional Social Contexts and Individual Fertility Decisions: A Multilevel Analysis of First and Second Births in Western Germany,2002,European Journal of Population / Revue européenne de Démographie,UNCERTAIN,INSUFFICIENT_INFO,NA,NA,observational,,"No abstract; title about regional contexts and fertility decisions, insufficient to determine estimand",,
5,W2024517195,10.1016/s0277-9536(01)00277-5,Researching sexual and reproductive behaviour: a peer ethnographic approach,2002,Social Science & Medicine,UNCERTAIN,INSUFFICIENT_INFO,NA,NA,other,,Title-only; appears to describe ethnographic methodology for reproductive behavior but no stated estimand,,
5,W1973712211,10.1007/bf03031967,"Revolution, war and modernization: Population policy and fertility change in Iran",2002,Journal of Population Research,UNCERTAIN,INSUFFICIENT_INFO,NA,NA,other,,Title-only; 'Population policy and fertility change' suggests program effects (A.5) but mechanism unclear,,
5,W2025341449,10.1257/jel.40.2.436,Schools and Skills in Developing Countries: Education Policies and Socioeconomic Outcomes,2002,Journal of Economic Literature,UNCERTAIN,INSUFFICIENT_INFO,NA,NA,other,,fragment/incomplete abstract; record too thin,,
5,W1515090633,10.2139/ssrn.312155,Teenage Childbearing in Latin American Countries,2002,SSRN Electronic Journal,UNCERTAIN,INSUFFICIENT_INFO,NA,NA,other,,"title only, no abstract; likely fertility outcome not mechanism",,
5,W2213611656,,Ten years of rapid fertility changes in the European post-communist countries. Evidence and interpretation,2002,Kagoshima Daigaku Kogakubu Kenkyu Hokoku,UNCERTAIN,INSUFFICIENT_INFO,NA,NA,other,,Title-only record on fertility changes in post-communist Europe; no abstract to assess estimand,,
5,W1533315389,10.1023/a:1020030616075,Women's lives and rapid fertility decline: Some lessons from Bangladesh and Egypt,2002,Population Research and Policy Review,UNCERTAIN,INSUFFICIENT_INFO,NA,NA,other,,no abstract; title indicates fertility decline but mechanism of change unclear,,
5,W4249516584,10.5860/choice.38-4653,A Population history of North America,2001,Choice Reviews Online,UNCERTAIN,INSUFFICIENT_INFO,NA,NA,other,,title only; population history does not state a diffusion estimand,,
5,W199362993,10.1023/a:1013339124837,"Demographic pressure, economic development, and social engineering: An assessment of fertility declines in the second half of the twentieth century",2001,Population Research and Policy Review,UNCERTAIN,INSUFFICIENT_INFO,NA,NA,other,,Title-only with no abstract; mentions social engineering (could be A.5 or A.3) but estimand unclear,,
5,W2068083387,10.3923/jms.2001.302.307,Determinants of Fertility in Bangladesh: Evidence from the Three National Surveys,2001,Journal of Medical Sciences(Faisalabad),UNCERTAIN,INSUFFICIENT_INFO,NA,NA,other,,title indicates fertility determinants in Bangladesh; no abstract provided to assess diffusion mechanism,,
5,W2226756326,,Determinants of fertility preferences in Kenya: A study based on the 1998 Kenya demographic and health survey data,2001,,UNCERTAIN,INSUFFICIENT_INFO,NA,NA,observational,,title and year only; abstract missing prevents routing on mechanism,,
5,W2057461570,10.3923/jms.2001.296.301,Determinants of the Current Use of Contraceptive Methods in Bangladesh,2001,Journal of Medical Sciences(Faisalabad),UNCERTAIN,INSUFFICIENT_INFO,NA,NA,observational,,No abstract; title names outcome but not diffusion estimand,,
5,W2469458433,,Diffusion Processes and Fertility Transition: Introduction,2001,,UNCERTAIN,INSUFFICIENT_INFO,NA,NA,other,,"title suggests diffusion and fertility transition but abstract absent; unclear if introduction, theory, or empirical",,
5,W2130614060,,Factores de riesgo demográficos y sociales del aborto,2001,Revista Cubana de Salud Pública,UNCERTAIN,INSUFFICIENT_INFO,NA,NA,other,,abstract truncated; cannot assess estimand from visible record,,
5,W159968012,10.1016/b0-08-043076-7/02172-0,Family Theory and the Realities of Childbearing Behavior,2001,Elsevier eBooks,UNCERTAIN,INSUFFICIENT_INFO,NA,NA,theory,,"Title only, no abstract; insufficient detail",,
5,W80291527,10.1016/b0-08-043076-7/02173-2,Family Theory: Complementarity of Economic and Social Explanations,2001,Elsevier eBooks,UNCERTAIN,INSUFFICIENT_INFO,NA,NA,theory,,title suggests theoretical synthesis of economic and social family explanations; no abstract provided,,
5,W171176197,10.1016/b0-08-043076-7/02131-8,Fertility Transition: Cultural Explanations,2001,Elsevier eBooks,UNCERTAIN,INSUFFICIENT_INFO,NA,NA,review,,No abstract; title on cultural explanations of fertility transition but no explicit diffusion estimand stated,,
5,W2172036968,10.1016/b0-08-043076-7/02132-x,Fertility Transition: Economic Explanations,2001,Elsevier eBooks,UNCERTAIN,INSUFFICIENT_INFO,NA,NA,other,,"Title only, no abstract; title suggests economic explanations of fertility transition, but estimand unclear",,
5,W4231403906,10.1016/b0-08-043076-7/02643-7,Historical Demography,2001,Elsevier eBooks,UNCERTAIN,INSUFFICIENT_INFO,NA,NA,unknown,,title only; likely historical demography overview but cannot determine A.3 relevance,,
5,W2313809195,10.2307/3090128,Ideational Influences on the Transition to Parenthood: Attitudes toward Childbearing and Competing Alternatives,2001,Social Psychology Quarterly,UNCERTAIN,INSUFFICIENT_INFO,NA,NA,other,,Title-only with citation metadata; insufficient detail on whether ideational influences concern diffusion of fertility-control knowledge,,
5,W2124277730,10.1023/a:1010725506916,Main and Interaction Effects of Women's Education and Status on Fertility: The Case of Tanzania,2001,European Journal of Population / Revue européenne de Démographie,UNCERTAIN,INSUFFICIENT_INFO,NA,NA,other,,"No abstract; title mentions education, status, and fertility but mechanism unclear",,
5,W1984109857,10.1086/495629,Planning an Indian Modernity: The Gendered Politics of Fertility Control,2001,Signs,UNCERTAIN,INSUFFICIENT_INFO,NA,NA,other,,no abstract; title suggests politics and gender dynamics of fertility-control policy in India; estimand unclear,,
5,W4235624684,10.1007/bf03031884,Regional paths to fertility transition,2001,Journal of Population Research,UNCERTAIN,INSUFFICIENT_INFO,NA,NA,other,,No abstract; title suggests regional variation but estimand unclear,,
5,W168630948,10.1016/b0-08-043076-7/02176-8,Social Networks and Fertility,2001,Elsevier eBooks,UNCERTAIN,INSUFFICIENT_INFO,NA,NA,other,,Title states estimand directly but no abstract; cannot assess design or mechanism,,
5,W4240400913,10.1093/0199244596.003.0007,Summary and Conclusions,2001,,UNCERTAIN,INSUFFICIENT_INFO,NA,NA,review,,"book summary mentioning social learning and fertility change, but insufficient detail on estimand",,
5,W4290844221,10.1093/0199247889.005.0014,Technological Change and Growth Accounting,2001,,UNCERTAIN,INSUFFICIENT_INFO,NA,NA,other,,no abstract; title about technology and growth accounting; not about fertility,,
5,W2101738352,10.1006/jeth.2000.2678,The Economics of Cultural Transmission and the Dynamics of Preferences,2001,Journal of Economic Theory,UNCERTAIN,INSUFFICIENT_INFO,NA,NA,theory,,Cultural transmission and preference dynamics; no abstract; insufficient to establish fertility-diffusion estimand,,
5,W2884989860,10.4054/demres.2001.4.5,The banquet of Aeolus,2001,Demographic Research,UNCERTAIN,INSUFFICIENT_INFO,NA,NA,other,,Abstract truncated; mentions family structure and fertility but mechanism unclear,,
5,W2142698545,,The banquet of Aeolus: A familistic interpretation of Italy's lowest low fertility,2001,,UNCERTAIN,INSUFFICIENT_INFO,NA,NA,other,,no abstract; 'familistic interpretation' of Italian lowest-low fertility suggests family values but mechanism unclear,,
5,W1555818464,10.1023/a:1012511424693,The impact of a community mobilization project on health-related knowledge and practices in Cameroon.,2001,Journal of Community Health,UNCERTAIN,INSUFFICIENT_INFO,NA,NA,other,,no abstract; community mobilization on health but fertility/family planning not confirmed,,
5,W1680721405,,Une analyse régionale des transitions de fécondité en Afrique sub-saharienne,2001,"Digital Access to Libraries (Université catholique de Louvain (UCL), l'Université de Namur (UNamur) and the Université Saint-Louis (USL-B))",UNCERTAIN,INSUFFICIENT_INFO,NA,NA,other,,French title only; no abstract provided,,
5,W2187600752,,A Bivariate Probit Analysis of Social Interaction and Treatment Effects,2000,,UNCERTAIN,INSUFFICIENT_INFO,NA,NA,other,,Title only mentions 'social interaction' but abstract absent; could be methodological; insufficient to assess whether it bears on fertility-control diffusion,,
5,W105223777,10.1023/a:1006423527473,Are there crisis-led fertility declines? Evidence from central Cameroon,2000,Population Research and Policy Review,UNCERTAIN,INSUFFICIENT_INFO,NA,NA,other,,"Title only; studies fertility response to economic crisis, not social diffusion mechanism",,
5,W2149424270,10.1215/01455532-24-3-613,China's Fertility Transition through Regional Space: Using GIS and Census Data for a Spatial Analysis of Historical Demography,2000,Social Science History,UNCERTAIN,INSUFFICIENT_INFO,SPATIAL_MIGRATION,NA,descriptive,,"title suggests spatial analysis of fertility transition, but abstract is contentless (journal reference only)",,
5,W2527931513,,Courting the Cohort,2000,,UNCERTAIN,INSUFFICIENT_INFO,NA,NA,other,,Truncated abstract on cohort analysis; insufficient information to assess bearing on fertility-control diffusion,,
5,W1567583518,,Explaining Human Fertility: One Theory or Many Theories?,2000,Scholarship@Western (Western University),UNCERTAIN,INSUFFICIENT_INFO,NA,NA,theory,,Discussion paper title only; abstract is citation fragment—cannot assess,,
5,W2130563185,10.1007/bf02436770,Fertility decline in the modern world and in the original demographic transition: Testing three theories with cross-national data,2000,Population and Environment,UNCERTAIN,INSUFFICIENT_INFO,NA,NA,other,,"Empty abstract; title mentions testing theories of fertility decline including possibly diffusion, but cannot route without text",,
5,W2044586237,10.1016/s0143-6228(00)00008-4,Global population issues: towards a geographical research agenda,2000,Applied Geography,UNCERTAIN,INSUFFICIENT_INFO,NA,NA,other,,no abstract provided; title mentions population issues but cannot assess A.3 relevance,,
5,W2071944681,10.4054/demres.2000.3.13,"Kinship, family and social network",2000,Demographic Research,UNCERTAIN,INSUFFICIENT_INFO,NA,NA,other,,abstract truncated; discusses Le Play kinship typology and regional TFR clustering but incomplete information,,
5,W1985518627,10.3406/ahess.2000.279879,Migrations et Transmissions Inter-Générationnelles dans la France du XIXeet du Début du XXeSiècle,2000,Annales Histoire Sciences Sociales,UNCERTAIN,INSUFFICIENT_INFO,SPATIAL_MIGRATION,NA,historical,,French-language abstract on 19th-century migration and intergenerational transmission; mentions family trajectories but does not specify fertility-control adoption mechanism,,
5,W3121412018,10.1016/s0304-3878(00)00073-0,"Mortality decline, human capital investment, and economic growth",2000,Journal of Development Economics,UNCERTAIN,INSUFFICIENT_INFO,NA,NA,other,,Empty abstract; title mentions mortality decline and economic growth but does not address fertility control or diffusion,,
5,W1993235254,10.2307/3343335,On the Pill: A Social History of Oral Contraceptives 1950-1970,2000,Journal of Public Health Policy,UNCERTAIN,INSUFFICIENT_INFO,NA,NA,historical,,Title only; social history of the Pill could be A.2 (technology diffusion) or PRINCETON_CANON context—insufficient to assess,,
5,W135853505,10.1007/978-3-642-59800-5_9,Population Development in Latvia,2000,,UNCERTAIN,INSUFFICIENT_INFO,NA,NA,unclear,,Regional population analysis; no abstract to assess whether diffusion or social-learning mechanisms are examined,,
5,W1859575456,10.1023/a:1007152104192,Problems of regional population growth in Serbia,2000,GeoJournal,UNCERTAIN,INSUFFICIENT_INFO,NA,NA,other,,no abstract; regional population dynamics but unclear if fertility-control mechanism,,
5,W1564274838,10.1023/a:1010676303313,"Social change, population policies, and fertility decline in Colombia and Venezuela",2000,Population Research and Policy Review,UNCERTAIN,INSUFFICIENT_INFO,NA,NA,other,,"Title-only record on social change, population policies, and fertility decline; no abstract to assess whether addresses diffusion",,
5,W2280142417,,Social context and fertility decline in Southeast Asia: 1968-70 to 1988-90.,2000,Population and Development Review,UNCERTAIN,INSUFFICIENT_INFO,NA,NA,observational,,Multilevel model of demographic transition hypotheses on fertility decline with social/contextual variables; unclear whether diffusion mechanism or broader development drivers,,
5,W1982928704,10.1017/cbo9780511496127,The Demography of Victorian England and Wales,2000,Cambridge University Press eBooks,UNCERTAIN,INSUFFICIENT_INFO,NA,NA,historical,,"Foundational historical demography with geographic variation, but abstract does not clarify whether diffusion mechanism or purely descriptive",,
5,W155495119,,"Effects of migration, socioeconomic status and population policy on reproductive behaviour",1999,London School of Economics and Political Science Research Online (London School of Economics and Political Science),UNCERTAIN,INSUFFICIENT_INFO,NA,NA,unknown,,"title mentions migration effects on reproductive behavior; migration could carry diffusion, but no abstract to confirm estimand",,
5,W1980400512,10.1007/s001480050109,Is a significant socio-economic structural change a pre-requisite for `initial' fertility decline in the LDCs? Evidence from Thailand based on a multivariate cointegration/vector error correction modelling approach,1999,Journal of Population Economics,UNCERTAIN,INSUFFICIENT_INFO,NA,NA,other,,Empty abstract; title asks whether structural change precedes fertility decline in Thailand but does not specify diffusion mechanism,,
5,W1969450316,10.1016/s0277-9536(99)00112-4,"Maternal mortality, women's status, and economic dependency in less developed countries: a cross-national analysis",1999,Social Science & Medicine,UNCERTAIN,INSUFFICIENT_INFO,NA,NA,observational,,"No abstract; title about maternal mortality and women's status, not obviously related to A.3",,
5,W1599891723,,Something Ventured: Something Gained: Progress Toward a Unified Theory of Fertility Decline,1999,Scholarship@Western (Western University),UNCERTAIN,INSUFFICIENT_INFO,NA,NA,other,,Discussion paper with minimal metadata; cannot assess estimand from title alone,,
5,W2080817397,10.1016/s0016-3287(99)00032-4,The role of development in global fertility decline,1999,Futures,UNCERTAIN,INSUFFICIENT_INFO,NA,NA,other,,"No abstract; title on development-fertility link likely covers macro-level drivers, not A.3 diffusion",,
5,W1809870009,10.1023/a:1006373106870,Unmet need for couples: An analytical framework and evaluation with DHS data,1999,Population Research and Policy Review,UNCERTAIN,INSUFFICIENT_INFO,NA,NA,other,,"Title only, no abstract; insufficient information to determine if bears on A.3",,
5,W2339885036,,of Event History Models With Unobserved Heterogeneity via Markov Chain Monte Carlo Application to the Explanation of Fertility Decline,1999,,UNCERTAIN,INSUFFICIENT_INFO,NA,NA,unknown,,Title cut off; no abstract.,,
5,W1996363515,10.1080/03906701.1998.9971272,A longitudinal and cross‐cultural analysis of fertility decline,1998,International Review of Sociology,UNCERTAIN,INSUFFICIENT_INFO,NA,NA,other,,Incomplete reference (title only); longitudinal/cross-cultural scope suggests comparative analysis but no abstract to identify mechanism,,
5,W206207170,10.1023/a:1006670308179,"An examination of the compatibility of World Bank policies towards population, development and biodiversity in the Third World",1998,Environment Systems & Decisions,UNCERTAIN,INSUFFICIENT_INFO,NA,NA,other,,World Bank policy review with empty abstract; cannot assess relevance to diffusion hypothesis,,
5,W1985010975,10.2307/144286,Europe's Population in the 1990s,1998,Economic Geography,UNCERTAIN,INSUFFICIENT_INFO,NA,DESCRIPTIVE_RESIDUAL_ONLY,descriptive,,"Mentions 'spread of new values' as cause; primarily descriptive overview, insufficient to identify diffusion",,
5,W66822483,10.31899/pgy6.1015,Fertility and reproductive preferences in post-transitional societies,1998,,UNCERTAIN,INSUFFICIENT_INFO,NA,NA,descriptive,,"Studies discrepancies between desired and observed fertility in developed countries; focuses on childbearing timing and preferences, not diffusion mechanisms",,
5,W582913779,,From Mercantilists to Neo-Malthusianism: International Population Movement and the Transformation of Population Ideology in Kenya,1998,DigitalCommons - Fairfield (Fairfield University),UNCERTAIN,INSUFFICIENT_INFO,NA,NA,other,,conference abstract only; mentions population ideology but mechanism of diffusion not specified,,
5,W1036084121,,Modele przemian płodności w wybranych krajach europejskich w świetle drugiego przejścia demograficznego,1998,,UNCERTAIN,INSUFFICIENT_INFO,NA,NA,other,,Polish-language title on fertility transitions in Europe; no abstract; cannot assess estimand,,
5,W4229690794,10.2307/2807974,On the Quantum and Tempo of Fertility,1998,Population and Development Review,UNCERTAIN,INSUFFICIENT_INFO,NA,NA,other,,Title only; 'quantum and tempo' could indicate demographic transition residuals (PRINCETON_CANON) but insufficient to assess,,
5,W2131776169,10.2139/ssrn.141977,"Sect, Subsidy and Sacrifice: An Economist's View of Ultra-Orthodox Jews",1998,SSRN Electronic Journal,UNCERTAIN,INSUFFICIENT_INFO,NA,NA,unknown,,No abstract provided; title suggests religious/cultural fertility patterns but scope unclear,,
5,W1633224702,10.1023/a:1006032332021,"Urban versus Rural: Fertility Decline in the Cities and Rural Districts of Prussia, 1875 to 1910",1998,European Journal of Population / Revue européenne de Démographie,UNCERTAIN,INSUFFICIENT_INFO,NA,NA,other,,Title only; urban-rural fertility decline pattern could imply diffusion but estimand not stated verbatim,,
5,W2187034576,,13 WOMEN'S ECONOMIC ROLES IN THE CONTEXT OF ECONOMIC ADJUSTMENT POLICIES IN JORDAN: THE IMPLICATIONS FOR WOMEN'S STATUS,1997,,UNCERTAIN,INSUFFICIENT_INFO,NA,NA,descriptive,,"No abstract; title on women's economic roles in Jordan under adjustment policies, but no explicit diffusion estimand",,
5,W4233312714,10.4324/9780203441336.pt1,Bargaining and Distribution in Marriage,1997,Routledge research in gender and society,UNCERTAIN,INSUFFICIENT_INFO,NA,NA,unknown,,No abstract; generic title.,,
5,W2019992918,10.1002/chp.4750170109,Diffusion of innovations,1997,Journal of Continuing Education in the Health Professions,UNCERTAIN,INSUFFICIENT_INFO,NA,NA,review,,Journal citation only (Rogers' diffusion theory); cannot assess whether about fertility-specific diffusion or general innovation diffusion without substantive content,,
5,W1484044859,10.1023/a:1009781613339,"Empirics for Growth and Distribution: Stratification, Polarization, and Convergence Clubs",1997,Journal of Economic Growth,UNCERTAIN,INSUFFICIENT_INFO,NA,NA,other,,"no abstract; title suggests economic growth and income distribution, not fertility",,
5,W1597970229,,Fertility Decline: Toward a Synthetic Model,1997,Scholarship@Western (Western University),UNCERTAIN,INSUFFICIENT_INFO,NA,NA,theory,,Discussion paper on synthetic fertility-decline model; no substantive abstract available,,
5,W1622035419,10.1023/a:1005966907806,"Fertility and Culture in Eastern Europe: A Case Study of Riga, Latvia, 1867–1881",1997,European Journal of Population / Revue européenne de Démographie,UNCERTAIN,INSUFFICIENT_INFO,NA,NA,historical,,no abstract; title suggests fertility-culture link in historical Riga but mechanism unclear,,
5,W1976613700,10.2307/2655645,"Fertility in the United States: New Patterns, New Theories",1997,Contemporary Sociology A Journal of Reviews,UNCERTAIN,INSUFFICIENT_INFO,NA,NA,other,,abstract is absent; title alone insufficient without identifying estimand,,
5,W1489230670,,Handbook of population and family economics,1997,RePEc: Research Papers in Economics,UNCERTAIN,INSUFFICIENT_INFO,NA,NA,other,,handbook/reference work with empty abstract; cannot assess scope or relevance,,
5,W1532319608,10.4000/books.iremam.2897,La contraception au Maroc : attitude d’achèvement de la vie féconde dans les populations traditionnelles,1997,Institut de recherches et d’études sur les mondes arabes et musulmans eBooks,UNCERTAIN,INSUFFICIENT_INFO,NA,NA,other,,"French title suggests study of contraception in Morocco, but no abstract provided to assess whether about diffusion mechanisms",,
5,W3216307858,10.1515/9780691214429,Modernization and Postmodernization,1997,Princeton University Press eBooks,UNCERTAIN,INSUFFICIENT_INFO,NA,NA,other,,"No abstract; theoretical work on modernization/postmodernization, estimand unclear",,
5,W2348140842,10.1007/bf03029486,New directions for the study of Australia’s fertility decline,1997,Journal of the Australian Population Association,UNCERTAIN,INSUFFICIENT_INFO,NA,NA,review,,title only; appears to be research directions essay without substantive estimand visible,,
5,W1484021421,10.1007/bf03029484,Options and sequences: Europe’s demographic patterns,1997,Journal of the Australian Population Association,UNCERTAIN,INSUFFICIENT_INFO,NA,NA,descriptive,,Title-only; European demographic patterns; could be PRINCETON_CANON style descriptive work but insufficient without abstract,,
5,W2334597203,10.1353/jsh/30.4.827,"Prescribing the Pill: Politics, Culture, and the Sexual Revolution in America's Heartland",1997,Journal of Social History,UNCERTAIN,INSUFFICIENT_INFO,MASS_MEDIA,NA,other,,Title mentions Pill access and cultural context; abstract truncated. Cannot route without full text.,,
5,W2326968740,10.2307/2137468,Situating Fertility: Anthropology and Demographic Inquiry.,1997,Population and Development Review,UNCERTAIN,INSUFFICIENT_INFO,NA,NA,other,,no abstract; anthropological framing of fertility but insufficient information on estimand,,
5,W2323807114,10.2307/2137895,The Fertility Transition in Latin America.,1997,Studies in Family Planning,UNCERTAIN,INSUFFICIENT_INFO,NA,NA,other,,Title only; insufficient information to route,,
5,W2115546483,10.1016/s0305-750x(96)00119-2,The influence of women's changing roles and status in Bangladesh's fertility transition: Evidence from a study of credit programs and contraceptive use,1997,World Development,UNCERTAIN,INSUFFICIENT_INFO,NA,NA,observational,,"Credit programs and contraceptive use; could be A.5 (program), C (economic), or other; no abstract to disambiguate",,
5,W2320377788,10.2307/2137548,Why Do Americans Want Children?,1997,Population and Development Review,UNCERTAIN,INSUFFICIENT_INFO,NA,NA,unknown,,Abstract truncated; cannot determine if addressing diffusion mechanism or motivation for fertility decline.,,
5,W2029976963,10.1016/s0306-9192(96)00030-9,"Work intensity, gender and sustainable development",1997,Food Policy,UNCERTAIN,INSUFFICIENT_INFO,NA,NA,other,,No abstract; title about work intensity and gender; unclear relevance to fertility control,,
5,W2319926382,10.12681/grsr.715,Δημογραφική μετάβαση και δημογραφικό πρόβλημα της Ελλάδας: θεωρητικοί και μεθοδολογικοί προβληματισμοί,1997,Επιθεώρηση Κοινωνικών Ερευνών,UNCERTAIN,INSUFFICIENT_INFO,NA,NA,descriptive,,Demographic transition in Greece using transition theory; examines historical mechanisms but abstract does not specify whether it identifies diffusion-of-fertility-control mechanisms,,
5,W4256400260,10.1007/978-1-4757-9584-4_10,"Changing Household Composition, Labor Patterns, and Fertility in a Highland New Guinea Population",1996,,UNCERTAIN,INSUFFICIENT_INFO,NA,NA,other,,"title only, no abstract; does not state A.3 estimand",,
5,W2313799031,10.2307/2580423,Curbing Population Growth: An Insider's Perspective on the Population Movement.,1996,Social Forces,UNCERTAIN,INSUFFICIENT_INFO,NA,NA,other,,Title only about population control movement; insufficient to distinguish program supply (A.5) from diffusion,,
5,W77066557,,Fertility decline in Bangladesh: toward an understanding of major causes.,1996,PubMed,UNCERTAIN,INSUFFICIENT_INFO,LEGITIMATION_KNOWLEDGE,UNCLEAR,observational,,"Media access significant for contraceptive use in Bangladesh; unclear if mechanism is mass-media channel (A.20), program supply (A.5), or diffusion of knowledge (A.3)",,
5,W2019678409,10.1017/cbo9780511582240,"Fertility, Class and Gender in Britain, 1860–1940",1996,Cambridge University Press eBooks,UNCERTAIN,INSUFFICIENT_INFO,SPATIAL_MIGRATION,DESCRIPTIVE_RESIDUAL_ONLY,historical,,"Historical analysis of British fertility decline 1860–1940, describes control methods and class patterns; may be PRINCETON_CANON-type foundational work but estimand regarding diffusion mechanism unclear from abstract",,
5,W2600519220,,"Gender, demographic transition and the economics of family size: Population policy for a human-centred development",1996,Econstor (Econstor),UNCERTAIN,INSUFFICIENT_INFO,NA,NA,other,,title mentions gender and demographic transition; abstract focuses on policy integration but does not clarify mechanism,,
5,W1526733830,,Les nourrices à Paris au XIXe siècle,1996,Payot eBooks,UNCERTAIN,INSUFFICIENT_INFO,NA,NA,other,,"no abstract; title suggests wet-nursing history, unclear if related to fertility control",,
5,W2203867857,,New patterns of family formation in Italy. Which tools for which interpretations?,1996,PubMed,UNCERTAIN,INSUFFICIENT_INFO,NA,NA,other,,"No abstract; new family-formation patterns in Italy, estimand unclear",,
5,W3151466340,,"The Dynamics of Education and Fertility: Evidence from a Family Planning Experiment""",1996,RePEc: Research Papers in Economics,UNCERTAIN,INSUFFICIENT_INFO,NA,NA,quasi-experimental,,No abstract; title mentions family planning experiment but insufficient to determine whether this concerns program supply or diffusion,,
5,W1968592851,10.1007/978-1-4757-9584-4_11,Variation and Change in Fertility in West Central Nepal,1996,,UNCERTAIN,INSUFFICIENT_INFO,SPATIAL_MIGRATION,NA,descriptive,,"Title on fertility variation in Nepal; no abstract available, cannot determine if estimand concerns spatial or social diffusion",,
5,W2110790964,10.1016/s0305-750x(96)00075-7,Women's autonomy and its impact on fertility,1996,World Development,UNCERTAIN,INSUFFICIENT_INFO,NA,NA,observational,,Title-only record; autonomy mechanism could be value-related (D.1) or exposure-related (A.3) but cannot determine without abstract,,
5,W1545691578,,Asia's recent fertility decline and prospects for future demographic change,1995,ScholarSpace (University of Hawaii at Manoa),UNCERTAIN,INSUFFICIENT_INFO,NA,NA,descriptive,,"title only, no abstract; cannot determine if paper studies diffusion of fertility control",,
5,W2325277948,10.2307/2170087,Contraception and Abortion in Nineteenth-Century America.,1995,The American Historical Review,UNCERTAIN,INSUFFICIENT_INFO,NA,NA,other,,"Title only; appears to be historical account of contraceptive and abortion technology, not diffusion mechanism",,
5,W1965406385,10.1002/jid.3380070102,Development policy and the African demographic transition: Issues and questions,1995,Journal of International Development,UNCERTAIN,INSUFFICIENT_INFO,NA,NA,review,,"Overview of sub-Saharan African fertility decline examining multiple causes; synthesizes evidence but does not isolate specific diffusion mechanism from economic, cultural, or institutional drivers",,
5,W2062858400,10.1002/jid.3380070107,Has a fertility transition begun in West Africa?,1995,Journal of International Development,UNCERTAIN,INSUFFICIENT_INFO,NA,NA,descriptive,,Documents early fertility transition in Ghana and Senegal with changes in contraceptive use and marriage; descriptive of transition but no identified diffusion mechanism separated from economic/institutional drivers,,
5,W4239232886,10.1111/j.1533-8525.1995.tb01985.x,"ICONS, STRAW MEN AND PRECISION: Reflections on Demographic Theories of Fertility Decline",1995,Sociological Quarterly,UNCERTAIN,INSUFFICIENT_INFO,NA,NA,review,,Title-only; 'Reflections on Demographic Theories of Fertility Decline' suggests review or critique but scope and focus unclear without abstract,,
5,W2162255001,10.1111/j.1467-8306.1995.tb01817.x,Labnotes from the Jeremiah Experiment: Hope for a Sustainable Transition,1995,Annals of the Association of American Geographers,UNCERTAIN,INSUFFICIENT_INFO,NA,NA,other,,Reflective essay on post-WWII population concerns; no specific A.3 diffusion estimand identifiable,,
5,W2085152825,10.1017/s0022463400010572,Population and the Family in Southeast Asia,1995,Journal of Southeast Asian Studies,UNCERTAIN,INSUFFICIENT_INFO,NA,NA,descriptive,,Demographic overview of fertility trends in Southeast Asia; unclear whether text discusses diffusion mechanisms or just trends,,
5,W178911632,,Płodność w Polsce w kontekście teorii przejścia demograficznego : modelowanie i prognozowanie,1995,,UNCERTAIN,INSUFFICIENT_INFO,NA,NA,other,,Polish-language title; no abstract available for screening,,
5,W589075126,,Reproducing persons as a global concern : the making of an institution,1995,Medical Entomology and Zoology,UNCERTAIN,INSUFFICIENT_INFO,NA,NA,other,,no abstract; vague title about reproduction as global institution,,
5,W4240537930,10.2307/1171488,Social Networks and Social Science History,1995,Social Science History,UNCERTAIN,INSUFFICIENT_INFO,SOCIAL_NETWORK_PEER,NA,review,,Title-only; about social networks and social-science history but no abstract or stated connection to fertility,,
5,W4298079453,10.2307/2076712,Structural Contexts of Opportunities.,1995,Contemporary Sociology A Journal of Reviews,UNCERTAIN,INSUFFICIENT_INFO,NA,NA,other,,"Title only, no abstract: 'Structural Contexts of Opportunities.' Cannot determine scope.",,
5,W2092763993,10.2307/2137411,Structure and Behavior in the Social Demography of Africa,1995,Population and Development Review,UNCERTAIN,INSUFFICIENT_INFO,NA,NA,qualitative,,Methodological discussion on ethnographic approaches to social norms; abstract too thin on fertility-control diffusion mechanism,,
5,W4249958545,10.1111/j.1533-8525.1995.tb01986.x,TOWARD A SYNTHESIS OF FEMINIST AND DEMOGRAPHIC PERSPECTIVES ON FERTILITY,1995,Sociological Quarterly,UNCERTAIN,INSUFFICIENT_INFO,NA,NA,review,,title only; abstract absent; cannot determine whether synthesis addresses diffusion of fertility control,,
5,W2331153422,10.2307/2137493,The Cairo Conference on Population and Development: A New Paradigm?,1995,Population and Development Review,UNCERTAIN,INSUFFICIENT_INFO,NA,NA,other,,no abstract; Cairo Conference review title suggests policy/paradigm discussion but estimand unclear,,
5,W584171034,,"The Filipino family, gender roles and other women's issues : the 1994 ISSP survey",1995,Social Weather Stations eBooks,UNCERTAIN,INSUFFICIENT_INFO,NA,NA,descriptive,,"No abstract; survey on Filipino family structure and gender roles, but no explicit diffusion estimand",,
5,W2065021598,10.1007/bf00172037,Toward a general analysis of endogenous Easterlin cycles,1995,Journal of Population Economics,UNCERTAIN,INSUFFICIENT_INFO,NA,NA,other,,title only; Easterlin cycle theory but no abstract on diffusion mechanism,,
5,W2122489728,10.2307/2118512,Word-of-Mouth Communication and Social Learning,1995,The Quarterly Journal of Economics,UNCERTAIN,INSUFFICIENT_INFO,SOCIAL_NETWORK_PEER,NA,theory,,word-of-mouth social learning theory; no fertility control application stated,,
5,W2314260343,10.2307/206347,A Concise History of World Population,1994,The Journal of Interdisciplinary History,UNCERTAIN,INSUFFICIENT_INFO,NA,NA,review,,"no abstract; if foundational history of world population, may be PRINCETON_CANON; otherwise likely off-scope",,
5,W564250730,,"Family planning success stories : Asia, Latin America, Africa",1994,Medical Entomology and Zoology,UNCERTAIN,INSUFFICIENT_INFO,NA,NA,unknown,,"Title only, no abstract; 'success stories' suggests program-focused (A.5), but cannot confirm estimand.",,
5,W2161920755,10.1111/j.1467-6435.1994.tb02246.x,Shared Mental Models: Ideologies and Institutions,1994,Kyklos,UNCERTAIN,INSUFFICIENT_INFO,NA,NA,other,,"Title only, no abstract; unclear if fertility content",,
5,W2344093923,,Social strata and its influence on the determinants of reproductive behaviour in Bolivia,1994,,UNCERTAIN,INSUFFICIENT_INFO,NA,NA,other,,"no abstract; reproductive behavior determinants by social strata, unclear if diffusion mechanism",,
5,W1481622524,,Determinants and consequences of the mortality and health of infants and children,1993,RePEc: Research Papers in Economics,UNCERTAIN,INSUFFICIENT_INFO,NA,NA,other,,No abstract provided; cannot be screened.,,
5,W2346497176,10.1007/978-3-0348-5658-4_5,Die demographische Transformationstheorie in der Diskussion,1993,Birkhäuser Basel eBooks,UNCERTAIN,INSUFFICIENT_INFO,NA,NA,theory,,title only (German); demographic transition theory discussion; content unclear,,
5,W1522464934,10.1016/0304-4076(93)90115-l,Dynamic choice in social settings,1993,Journal of Econometrics,UNCERTAIN,INSUFFICIENT_INFO,NA,NA,other,,No abstract provided; cannot be screened.,,
5,W4230589891,10.17226/2209,Factors Affecting Contraceptive Use in Sub-Saharan Africa,1993,National Academies Press eBooks,UNCERTAIN,INSUFFICIENT_INFO,NA,NA,other,,No abstract; title suggests determinants of contraceptive use but mechanism unclear,,
5,W4244897695,10.1016/0954-349x(93)90006-6,Information contagion,1993,Structural Change and Economic Dynamics,UNCERTAIN,INSUFFICIENT_INFO,NA,NA,theory,,No abstract; title mentions information contagion—could be diffusion theory but cannot assess,,
5,W2028592183,10.1007/bf01074389,Son preference and the one child policy in China: 1979?1988,1993,Population Research and Policy Review,UNCERTAIN,INSUFFICIENT_INFO,NA,NA,observational,,Title-only record; suggests policy response rather than social diffusion mechanism,,
5,W1565613281,,The Economics of Fertility in Developed Countries,1993,RePEc: Research Papers in Economics,UNCERTAIN,INSUFFICIENT_INFO,NA,NA,review,,"Title only; could be theory, review, or economic analysis—insufficient to assess",,
5,W1991470868,10.1038/scientificamerican1293-60,The Fertility Decline in Developing Countries,1993,Scientific American,UNCERTAIN,INSUFFICIENT_INFO,NA,NA,other,,No abstract; title is generic ('Fertility Decline in Developing Countries'); cannot determine scope or estimand,,
5,W3148487525,,"La société française au XIXe siècle : tradition, transition, transformations",1992,Fayard eBooks,UNCERTAIN,INSUFFICIENT_INFO,NA,NA,other,,Vague title about 19th-century French society; no abstract provided,,
5,W2335900056,,The Theory of Industrialism and the Irish Case,1992,,UNCERTAIN,INSUFFICIENT_INFO,NA,NA,other,,Title-only; 'Theory of Industrialism and Irish Case' may relate to fertility transition but mechanism not specified,,
5,W2018426174,10.1016/0165-1765(92)90229-r,The effect of women's schooling on fertility,1992,Economics Letters,UNCERTAIN,INSUFFICIENT_INFO,NA,NA,other,,No abstract; title alone insufficient to determine if A.3 estimand is present,,
5,W2144056652,10.1007/bf01797121,The historical decline of fertility in Eastern Europe,1992,European Journal of Population / Revue européenne de Démographie,UNCERTAIN,INSUFFICIENT_INFO,NA,NA,other,,Title only; could indicate PRINCETON_CANON descriptive work but insufficient to assess,,
5,W4230954842,10.1007/bf00889080,Variation and change in fertility in West Central Nepal,1992,Human Ecology,UNCERTAIN,INSUFFICIENT_INFO,NA,NA,descriptive,,Title-only record with no abstract,,
5,W1980667807,10.1016/0277-9536(92)90178-s,"West Indian gender relations, family planning programs and fertility decline",1992,Social Science & Medicine,UNCERTAIN,INSUFFICIENT_INFO,NA,NA,other,,Title mentions programs and fertility decline but no abstract; cannot determine if A.5 program supply or A.3 diffusion,,
5,W4298183263,10.2307/1973606,A History of Contraception: From Antiquity to the Present Day.,1991,Population and Development Review,UNCERTAIN,INSUFFICIENT_INFO,NA,NA,historical,,no abstract; historical overview of contraceptive development; foundational context but empirical estimand unclear,,
5,W2126552317,10.1002/for.3980100402,Analysis and prediction of the population in Spain: 1910–2000,1991,Journal of Forecasting,UNCERTAIN,INSUFFICIENT_INFO,NA,NA,descriptive,,Historical population analysis with demographic-socioeconomic interactions; unclear whether discusses diffusion mechanisms,,
5,W1987835617,10.2307/2233548,"Habit Formation, Interdependent Preferences and Demographic Effects in the Almost Ideal Demand System",1991,The Economic Journal,UNCERTAIN,INSUFFICIENT_INFO,NA,NA,other,,Abstract corrupted/truncated; cannot determine content,,
5,W2302832371,,Reproductive preferences: a comparative view,1991,,UNCERTAIN,INSUFFICIENT_INFO,NA,NA,other,,title only; cannot determine estimand without abstract,,
5,W1516734579,10.3386/w3608,The Fertility of Immigrant Women: Evidence from High Fertility Source Countries,1991,National Bureau of Economic Research,UNCERTAIN,INSUFFICIENT_INFO,NA,NA,observational,,"Immigrant women's fertility from high-fertility source countries; abstract truncated; without full abstract, cannot assess whether convergence/diffusion mechanism is the estimand",,
5,W1539478279,,The Second Demographic Transition: Fact or Fiction?,1991,Medical Entomology and Zoology,UNCERTAIN,INSUFFICIENT_INFO,NA,NA,other,,"Title-only record on SDT; cannot determine whether empirical study, theory, or methodological critique",,
5,W1967816484,10.1086/451873,The Transition from High to Low Marital Fertility: Cultural or Socioeconomic Determinants?,1991,Economic Development and Cultural Change,UNCERTAIN,INSUFFICIENT_INFO,NA,NA,other,,Title-only; asks cultural vs. socioeconomic determinants of fertility transition; could be A.3 (cultural diffusion) but mechanism unclear without abstract,,
5,W2085482435,10.1007/bf00160416,A sequential probability model of fertility patterns,1990,Journal of Population Economics,UNCERTAIN,INSUFFICIENT_INFO,NA,NA,theory,,Title-only; statistical model of parity progression; cannot determine if addresses diffusion or is purely demographic methodology,,
5,W2328357887,10.2307/2133588,AcCrit: An Argument Yet to Have Its Day,1990,International Family Planning Perspectives,UNCERTAIN,INSUFFICIENT_INFO,NA,NA,other,,empty abstract; cannot assess whether academic argument relates to fertility-control diffusion,,
5,W2052441401,10.1016/0304-4076(90)90093-9,Analysis of time series subject to changes in regime,1990,Journal of Econometrics,UNCERTAIN,INSUFFICIENT_INFO,NA,NA,other,,Methods paper; no fertility-control estimand visible,,
5,W2004253433,10.1007/bf00187285,"Capital accumulation, endogenous population growth, and Easterlin cycles",1990,Journal of Population Economics,UNCERTAIN,INSUFFICIENT_INFO,NA,NA,theory,,"No abstract; title 'Capital accumulation, endogenous population growth, and Easterlin cycles' suggests Easterlin theory (relative income and fertility preferences), likely D.1 rather than A.3 diffusion",,
5,W2097820496,10.1007/bf00889465,"Changing household composition, labor patterns, and fertility in a highland New Guinea population",1990,Human Ecology,UNCERTAIN,INSUFFICIENT_INFO,NA,NA,other,,"no abstract; title suggests household/labor structure effects on fertility, insufficient to assess",,
5,W2067871538,10.1007/bf02687166,"Cross-national models of fertility, Family planning, and development: Testing for reciprocal effects",1990,Studies in Comparative International Development,UNCERTAIN,INSUFFICIENT_INFO,NA,NA,unknown,,title only; mentions cross-national models of fertility and family planning but does not state estimand,,
5,W66193392,10.1007/bf01796799,Socio-economic determinants of marital fertility in two eighteenth-century dutch villages,1990,European Journal of Population / Revue européenne de Démographie,UNCERTAIN,INSUFFICIENT_INFO,NA,NA,historical,,"No abstract; title about socioeconomic determinants in 18th-century Dutch villages, insufficient to determine estimand",,
5,W239950171,10.1007/bf01796800,Socio-economic differences in fertility control. Is there an early warning system at the village level?,1990,European Journal of Population / Revue européenne de Démographie,UNCERTAIN,INSUFFICIENT_INFO,SPATIAL_MIGRATION,NA,other,,Title suggests village-level spatial analysis of fertility control; no abstract available for evaluation,,
5,W2045532563,10.1177/036319909001500103,What Can We Learn About Fertility Transitions From the New York State Census of 1865?,1990,Journal of Family History,UNCERTAIN,INSUFFICIENT_INFO,CULTURAL_LINGUISTIC_RELIGIOUS,DESCRIPTIVE_RESIDUAL_ONLY,descriptive,,"County-level correlates of fertility (schooling, religion, housing); mentions social factors but no diffusion/social-exposure mechanism identified.",,
5,W1979670195,10.1037/0003-066x.44.2.249,Adolescent sexual behavior.,1989,American Psychologist,UNCERTAIN,INSUFFICIENT_INFO,NA,UNCLEAR,review,,Review of adolescent sexual behavior and programs; social/cognitive mechanisms mentioned but diffusion-vs-program distinction unclear from abstract,,
5,W2092438549,10.1007/bf01112615,"Economic conditions, marital status, and the timing of first births: Results for whites and blacks",1989,Sociological Forum,UNCERTAIN,INSUFFICIENT_INFO,NA,NA,other,,no abstract; cannot assess whether economic/marital status effects involve diffusion mechanism,,
5,W2083832569,,Postpartum sexual abstinence in tropical Africa,1989,,UNCERTAIN,INSUFFICIENT_INFO,CULTURAL_LINGUISTIC_RELIGIOUS,UNCLEAR,descriptive,,describes cultural norms and fertility effects but does not identify diffusion mechanism vs. common cultural evolution,,
5,W2320190417,10.2307/3550592,"Below-Replacement Fertility in Industrial Societies: Causes, Consequences, Policies",1988,Canadian Public Policy,UNCERTAIN,INSUFFICIENT_INFO,NA,NA,other,,No abstract; title about causes of below-replacement fertility,,
5,W2167097117,10.1016/0378-8733(88)90010-x,Homogeneity in confiding relations,1988,Social Networks,UNCERTAIN,INSUFFICIENT_INFO,NA,NA,other,,No abstract provided to assess relevance,,
5,W2321384964,10.2307/2073594,Population Growth and Economic Development: Issues and Evidence.,1988,Contemporary Sociology A Journal of Reviews,UNCERTAIN,INSUFFICIENT_INFO,NA,NA,other,,"Title only; suggests macro economic-demographic relationships, not clearly related to diffusion mechanism",,
5,W2020046731,10.1007/bf02717385,The effects of family planning effort and development on fertility: An intervening variables framework,1988,Studies in Comparative International Development,UNCERTAIN,INSUFFICIENT_INFO,NA,NA,other,,No abstract provided,,
5,W3113208921,,The relational basis of attitudes.,1988,,UNCERTAIN,INSUFFICIENT_INFO,NA,NA,other,,title only; no abstract; relational basis of attitudes is ambiguous as to fertility relevance,,
5,W74407986,10.1007/978-94-009-3269-2_5,"Economic History and Historical Demography: Past, Present, and Future",1987,,UNCERTAIN,INSUFFICIENT_INFO,NA,NA,other,,title only; no abstract; disciplinary overview does not state a fertility or diffusion estimand,,
5,W2041847478,10.2307/2596321,L'economie francaise au XIX e siecle.,1987,The Economic History Review,UNCERTAIN,INSUFFICIENT_INFO,NA,NA,historical,,title only in French (19th century French economy); abstract absent,,
5,W2052025919,10.2307/40183293,"La fecundidad y sus determinantes en España, 1887-1920. Un ensayo de interpretación",1987,Revista Española de Investigaciones Sociológicas,UNCERTAIN,INSUFFICIENT_INFO,NA,NA,observational,,Spanish-language record; insufficient information provided to evaluate,,
5,W2150262151,10.1111/j.1467-9957.1987.tb01293.x,THE STATE OF DEVELOPMENT ECONOMICS,1987,Manchester School,UNCERTAIN,INSUFFICIENT_INFO,NA,NA,review,,Title-only; broad survey of development economics with no stated estimand or fertility focus,,
5,W2319503303,10.2307/1533093,The Decline of Fertility in Europe,1987,Population,UNCERTAIN,INSUFFICIENT_INFO,NA,NA,other,,"Title only; does not state A.3 estimand verbatim, insufficient information to route",,
5,W1546996125,,What Have We Learned from the Economics of the Family,1987,RePEc: Research Papers in Economics,UNCERTAIN,INSUFFICIENT_INFO,NA,NA,review,,"Survey of economics-of-family literature since 1960 covering fertility decline, baby boom, and family change; likely to touch diffusion mechanisms but abstract does not specify A.3's estimand",,
5,W3128034257,,Bevolking: groei en krimp,1986,VUBIR (Vrije Universiteit Brussel),UNCERTAIN,INSUFFICIENT_INFO,NA,NA,other,,no abstract; Dutch title (population growth/decline) alone does not state A.3 estimand,,
5,W4386343739,10.4000/books.ined.13477,La baisse séculaire de la natalité,1986,,UNCERTAIN,INSUFFICIENT_INFO,NA,NA,unknown,,French title suggests fertility decline; abstract truncated and unintelligible,,
5,W2329016269,10.2307/1973230,"Migration in a Mature Economy: Emigration and Internal Migration in England and Wales, 1861-1900.",1986,Population and Development Review,UNCERTAIN,INSUFFICIENT_INFO,NA,NA,historical,,Title-only; migration patterns in historical England/Wales may carry diffusion but no fertility mechanism stated,,
5,W2040231289,10.1016/0277-9536(86)90327-8,"Rumor, misinformation and oral contraceptive use in Egypt",1986,Social Science & Medicine,UNCERTAIN,INSUFFICIENT_INFO,LEGITIMATION_KNOWLEDGE,NA,unclear,,No abstract; title hints at information/rumors affecting contraceptive use but design and estimand cannot be assessed without abstract,,
5,W2332352490,10.2307/1973355,The Fertility Revolution: A Supply--Demand Analysis.,1986,Population and Development Review,UNCERTAIN,INSUFFICIENT_INFO,NA,NA,other,,No abstract available for screening,,
5,W1544227569,,A Transaction Cost Approach to Families and Households,1985,Journal of Economic Literature,UNCERTAIN,INSUFFICIENT_INFO,NA,NA,unknown,,no abstract; title on household transaction costs insufficient per policy,,
5,W4299560852,10.2307/2061176,Birth spacing and fertility limitation: a behavioral analysis of a nineteenth century frontier population,1985,Demography,UNCERTAIN,INSUFFICIENT_INFO,NA,NA,historical,,Title-only record; does not state A.3 estimand verbatim,,
5,W4360758406,10.2307/1967015,Contraceptive Prevalence: The Influence of Organized Family Planning Programs,1985,Studies in Family Planning,UNCERTAIN,INSUFFICIENT_INFO,NA,NA,other,,Title only; cannot determine whether paper identifies exogenous program supply (A.5) or diffusion spillovers (A.3 bridge),,
5,W2085813576,10.1525/aa.1985.87.3.02a00120,"Natural Fertility, Birth Spacing, and the “First Demographic Transition”",1985,American Anthropologist,UNCERTAIN,INSUFFICIENT_INFO,NA,NA,other,,Title mentions natural fertility and FDT; no abstract; insufficient to determine estimand.,,
5,W1555422686,10.1007/bf01796917,The fall of marital fertility in nineteenth-century france: Exemplar or exception? (Part I),1985,European Journal of Population / Revue européenne de Démographie,UNCERTAIN,INSUFFICIENT_INFO,NA,NA,historical,,European Fertility Project-style title but no abstract; insufficient to route,,
5,W2335112187,10.2307/1973091,Determinants of Fertility in Developing Countries.,1984,Population and Development Review,UNCERTAIN,INSUFFICIENT_INFO,NA,NA,review,,title only; appears to be general review of fertility determinants; no specific estimand visible,,
5,W1990119378,10.1017/s0022050700032216,"Fertility Transition in Rural France, 1740–1829",1984,The Journal of Economic History,UNCERTAIN,INSUFFICIENT_INFO,NA,NA,historical,,no abstract; historical fertility transition title suggests possible Princeton canon or diffusion content but cannot assess without abstract,,
5,W3141575065,10.3917/popu.p1984.39n2.0383,L'enquête des 3 000 familles,1984,Population,UNCERTAIN,INSUFFICIENT_INFO,NA,NA,descriptive,,"No abstract; French title (The Survey of 3,000 Families), appears to be survey documentation",,
5,W1500528168,10.22004/ag.econ.321322,The Demand for and Supply of Births: Fertility and its Life-Cycle Consequences,1984,RePEc: Research Papers in Economics,UNCERTAIN,INSUFFICIENT_INFO,NA,NA,other,,Abstract corrupted to section heading only; cannot determine content,,
5,W2045953394,10.1007/bf01541907,"The influence of parents, church, and peers on the sexual attitudes and behaviors of college students",1984,Archives of Sexual Behavior,UNCERTAIN,INSUFFICIENT_INFO,NA,NA,unknown,,no abstract; cannot assess whether title refers to fertility-control adoption or general sexual attitude diffusion,,
5,W2138303818,10.1146/annurev.so.09.080183.000411,Changing Family and Household: Contemporary Lessons from Historical Research,1983,Annual Review of Sociology,UNCERTAIN,INSUFFICIENT_INFO,NA,NA,review,,Historical family research review; does not indicate focus on A.3 diffusion of fertility control,,
5,W1972648310,10.1016/0049-089x(83)90001-7,Determinants of fertility levels and change among developed countries: 1958–1978,1983,Social Science Research,UNCERTAIN,INSUFFICIENT_INFO,NA,NA,other,,No abstract provided,,
5,W1480302803,,Inter/Media: Interpersonal Communication in a Media World,1983,Medical Entomology and Zoology,UNCERTAIN,INSUFFICIENT_INFO,NA,NA,other,,"Interpersonal communication and media; no abstract, no fertility connection evident",,
5,W2069255664,10.2307/3511487,Residence and Religious Effects on Declining Family Size: An Historical Analysis of the Utah Population,1983,Review of Religious Research,UNCERTAIN,INSUFFICIENT_INFO,NA,NA,historical,,Title-only; 'Residence and Religious Effects on declining family size' suggests cultural/spatial clustering but design and mechanism unclear,,
5,W2327544864,10.2307/351322,Theory of Fertility Decline,1983,Journal of Marriage and the Family,UNCERTAIN,INSUFFICIENT_INFO,NA,NA,other,,Title-only; 'Theory of Fertility Decline' suggests theory but mechanism not specified,,
5,W4205832156,10.17226/19589,Determinants of Fertility in Developing Countries,1982,National Academies Press eBooks,UNCERTAIN,INSUFFICIENT_INFO,NA,NA,other,,Title only; no abstract to assess estimand or mechanism,,
5,W2326266647,10.2307/1972698,Population and Technological Change: A Study of Long-term Trends.,1982,Population and Development Review,UNCERTAIN,INSUFFICIENT_INFO,NA,NA,other,,"Title only, no abstract; population and technological change long-term trends; insufficient to assess whether fertility-control diffusion is the focus",,
5,W2512719048,10.1176/ajp.138.2.265,Birth and Fortune: The Impact of Numbers on Personal Welfare,1981,American Journal of Psychiatry,UNCERTAIN,INSUFFICIENT_INFO,NA,NA,other,,"No abstract provided; title suggests fertility effects on welfare outcomes, likely not diffusion mechanism.",,
5,W2318674509,10.2307/134854,Population and Economic Change in Developing Countries,1981,Canadian Journal of Economics/Revue canadienne d économique,UNCERTAIN,INSUFFICIENT_INFO,NA,NA,other,,Empty abstract; generic title does not state A.3 estimand,,
5,W4297952782,10.2307/2134583,Women and the Pill: From Panacea to Catalyst,1981,Family Planning Perspectives,UNCERTAIN,INSUFFICIENT_INFO,NA,NA,other,,no abstract; ambiguous between contraceptive technology (A.2) and idea diffusion (A.3),,
5,W2083447227,10.1016/0022-1031(80)90071-2,"Majority influence, minority influence and conversion behavior: A replication",1980,Journal of Experimental Social Psychology,UNCERTAIN,INSUFFICIENT_INFO,NA,NA,other,,No abstract provided; title mentions social influence but cannot determine if fertility-related,,
5,W2055780853,10.1080/00380237.1980.10570369,Modernization and the Demographic Transition: Cross-Sectional and Longitudinal Analyses of a Revised Model,1980,Sociological Focus,UNCERTAIN,INSUFFICIENT_INFO,NA,DESCRIPTIVE_RESIDUAL_ONLY,observational,,Tests demographic transition model including cultural and geographic variables plus family planning effort; unclear whether cultural/geographic variables identify diffusion of control ideas versus cultural correlates of modernization,,
5,W2065550776,10.1177/036319908000500202,Preferences for the Sex of Offspring and Demographic Behavior in Eighteenth- and Nineteenth-Century Germany: an Examination of Evidence From Village Genealogies,1980,Journal of Family History,UNCERTAIN,INSUFFICIENT_INFO,NA,NA,historical,,no real abstract (only 'Peer Reviewed'); historical demographic behavior in Germany but content unclear,,
5,W1493221754,10.1016/0022-1031(80)90070-0,Studies in social influence,1980,Journal of Experimental Social Psychology,UNCERTAIN,INSUFFICIENT_INFO,NA,NA,other,,"title only, too generic to assess; no abstract supplied",,
5,W1978761645,10.1016/0022-1031(80)90072-4,The influence of the minority on perception: A note on a possible alternative explanation,1980,Journal of Experimental Social Psychology,UNCERTAIN,INSUFFICIENT_INFO,NA,NA,other,,"Minority influence on perception; no abstract, unclear relevance to fertility",,
5,W4238463857,10.2307/1855467,Birth Control in Nineteenth-Century England,1979,The American Historical Review,UNCERTAIN,INSUFFICIENT_INFO,NA,NA,historical,,Title only; 'Birth Control in Nineteenth-Century England' could be Princeton-style historical study or program history; insufficient to determine estimand.,,
5,W2322338301,10.2307/351744,Class and Conformity: A Study in Values,1979,Journal of Marriage and the Family,UNCERTAIN,INSUFFICIENT_INFO,NA,NA,observational,,"No abstract; title about class and conformity in values, not obviously related to A.3",,
5,W2023769489,10.2307/1972079,"Class, Patriarchy, and Women's Work in Bangladesh",1979,Population and Development Review,UNCERTAIN,INSUFFICIENT_INFO,NA,NA,unknown,,"Title only; class, patriarchy, and women's work—no clear link to fertility-control diffusion estimand.",,
5,W2569129916,10.2307/2595481,Historical Studies of Changing Fertility.,1979,The Economic History Review,UNCERTAIN,INSUFFICIENT_INFO,NA,NA,other,,no abstract provided; title mentions historical fertility but cannot assess relevance to A.3,,
5,W2321202906,10.2307/2989930,Micromotives and Macrobehavior.,1979,Administrative Science Quarterly,UNCERTAIN,INSUFFICIENT_INFO,NA,NA,theory,,"Schelling's classic work on aggregate behavior, abstract empty; cannot confirm relevance to fertility diffusion",,
5,W4241886917,10.2307/2577781,Theories of Fertility Decline: A Reappraisal,1979,Social Forces,UNCERTAIN,INSUFFICIENT_INFO,NA,NA,theory,,Title suggests theories of fertility decline but abstract absent; cannot determine if reappraisal includes diffusion mechanisms,,
5,W2116562463,10.1080/00220387808421697,On social norms and fertility decline,1978,The Journal of Development Studies,UNCERTAIN,INSUFFICIENT_INFO,NA,NA,theory,,Title-only; 'Social norms and fertility decline' could index A.3 (diffusion of norm acceptance) or D.1 (norms as values) without abstract clarification,,
5,W1563549737,10.1016/s0012-3692(16)39496-x,THE TRIAL OF ANNIE BESANT AND CHARLES BRADLAUGH,1978,CHEST Journal,UNCERTAIN,INSUFFICIENT_INFO,NA,NA,historical,,"No abstract; title about historical trial (possibly related to birth-control advocacy), insufficient to determine estimand",,
5,W4229807425,10.2307/2064339,The Contraceptive Revolution.,1978,Contemporary Sociology A Journal of Reviews,UNCERTAIN,INSUFFICIENT_INFO,NA,NA,other,,Empty abstract; title suggests diffusion but cannot assess estimand or mechanism without text,,
5,W2316035491,10.2307/1972888,"The Decline of Belgian Fertility, 1800-1970.",1978,Population and Development Review,UNCERTAIN,INSUFFICIENT_INFO,NA,NA,unknown,,"title only, no abstract; does not state estimand verbatim",,
5,W1980956348,10.2307/2064777,Ambiguity and Choice in Organizations.,1977,Contemporary Sociology A Journal of Reviews,UNCERTAIN,INSUFFICIENT_INFO,NA,NA,unknown,,generic title about organizations; no abstract to determine relevance,,
5,W2586587661,,The silent revolution,1977,,UNCERTAIN,INSUFFICIENT_INFO,NA,NA,other,,"Title only, no abstract; insufficient information to determine fertility or diffusion content",,
5,W1492857820,,Household Production and Consumption,1976,RePEc: Research Papers in Economics,UNCERTAIN,INSUFFICIENT_INFO,NA,NA,other,,no abstract; household production theory unlikely to address fertility-control diffusion,,
5,W2028127166,10.2307/2148781,"The Politics of Women's Liberation: A Case Study of an Emerging Social Movement and Its Relation to the Policy Process, by Jo Freeman",1975,Political Science Quarterly,UNCERTAIN,INSUFFICIENT_INFO,NA,NA,other,,"Women's liberation movement; no abstract, unclear fertility connection",,
5,W2094243809,10.1086/260152,A New Approach to the Economic Theory of Fertility Behavior,1973,Journal of Political Economy,UNCERTAIN,INSUFFICIENT_INFO,NA,NA,theory,,no abstract; title suggests economic theory without indication of diffusion mechanism,,
5,W2016143134,10.2307/1854219,"Law, Politics, and Birth Control",1973,The American Historical Review,UNCERTAIN,INSUFFICIENT_INFO,NA,NA,unknown,,Title-only record with no abstract; legal/political context of birth control but no estimand or evidence provided,,
5,W1517466339,10.1086/260166,On the Interaction between the Quantity and Quality of Children,1973,Journal of Political Economy,UNCERTAIN,INSUFFICIENT_INFO,NA,NA,other,,no abstract; title-only record insufficient to assess whether quantity-quality trade-off or diffusion mechanism,,
5,W1983121604,10.2307/1882026,Population in Preindustrial England: An Econometric Analysis,1973,The Quarterly Journal of Economics,UNCERTAIN,INSUFFICIENT_INFO,NA,NA,historical,,Preindustrial England population analysis; period scope unclear; could be PRINCETON_CANON but abstract insufficient,,
5,W2030909162,,World Population Crisis: The United States Response.,1973,DigitalGeorgetown (Georgetown University Library),UNCERTAIN,INSUFFICIENT_INFO,NA,NA,other,,no abstract; title suggests population policy response but estimand unclear,,
5,W2315842470,10.2307/349656,A Century of Portuguese Fertility,1972,Journal of Marriage and the Family,UNCERTAIN,INSUFFICIENT_INFO,NA,NA,unknown,,"Title only, no abstract; 'Portuguese Fertility' does not state diffusion estimand verbatim.",,
5,W2041284507,10.1177/003803857100500124,Class and conformity: a study in values,1971,Sociology,UNCERTAIN,INSUFFICIENT_INFO,NA,NA,other,,No abstract; title alone does not indicate fertility estimand,,
5,W2316658320,10.2307/350141,Class and Conformity,1970,Journal of Marriage and the Family,UNCERTAIN,INSUFFICIENT_INFO,NA,NA,other,,"no abstract; title is vague; uncertain whether this addresses fertility, social conformity generally, or homonym",,
5,W2797687096,10.2307/3349244,Family Planning in Taiwan: An Experiment in Social Change,1970,The Milbank Memorial Fund Quarterly,UNCERTAIN,INSUFFICIENT_INFO,NA,NA,other,,"title only, no abstract; program vs. social-diffusion mechanism unclear",,
5,W2797356381,10.2307/3349291,Fertility and Family Planning: A World View,1970,The Milbank Memorial Fund Quarterly,UNCERTAIN,INSUFFICIENT_INFO,NA,NA,review,,title only; cannot determine scope and whether paper studies diffusion of fertility control,,
5,W66808162,10.2307/2133742,"Birth Control, Teenagers and the Law",1969,Family Planning Perspectives,UNCERTAIN,INSUFFICIENT_INFO,NA,NA,unknown,,Title-only record; title suggests legal/regulatory context of birth control but provides no estimand or evidence of diffusion mechanism,,
5,W4390317240,10.3917/popu.p1969.24n3.0569,Tendances et facteurs de la fécondité au Canada,1969,Population,UNCERTAIN,INSUFFICIENT_INFO,NA,NA,other,,French title only: 'Tendances et facteurs de la fécondité au Canada' (Trends and Factors in Canadian Fertility). Cannot determine scope without abstract.,,
5,W4300345773,10.2307/1529074,College Women and Fertility Values,1968,Population,UNCERTAIN,INSUFFICIENT_INFO,NA,NA,unknown,,title mentions fertility values but no abstract; title does not state estimand,,
5,W4241122427,10.2307/2172980,The Decline of Fertility: Innovation or Adjustment Process,1966,Population Studies,UNCERTAIN,INSUFFICIENT_INFO,NA,NA,other,,Title suggests innovation vs. adjustment but no abstract; insufficient to determine estimand.,,
5,W2330816849,10.2307/3319615,World Revolution and Family Patterns,1964,Revue Française de Sociologie,UNCERTAIN,INSUFFICIENT_INFO,NA,NA,theory,,no abstract; foundational work on family patterns and modernization; estimand type unclear,,
5,W2100847575,10.2307/2092135,World Revolution and Family Patterns.,1964,American Sociological Review,UNCERTAIN,INSUFFICIENT_INFO,NA,NA,other,,No abstract; vague title,,
5,W1572168882,10.2307/349063,Centuries of Childhood. A Social History of Family Life,1963,Marriage and Family Living,UNCERTAIN,INSUFFICIENT_INFO,NA,NA,historical,,Title mentions social history of family life but abstract discusses Pennsylvania higher education; cannot route on visible record,,
5,W2605968929,10.2307/1235767,Diffusion of Innovations,1963,Journal of Farm Economics,UNCERTAIN,INSUFFICIENT_INFO,NA,NA,theory,,Foundational diffusion theory (Rogers) but fertility application unclear without abstract,,
5,W2222891168,10.2307/2732014,The Theory of Change and Response in Modern Demographic History,1963,Population Index,UNCERTAIN,INSUFFICIENT_INFO,NA,NA,theory,,Theoretical title on demographic change; no abstract; cannot establish estimand,,
5,W4390318777,10.3917/popu.p1961.16n2.0345,Demographic and Economic Change in Developed Countries,1961,Population,UNCERTAIN,INSUFFICIENT_INFO,NA,NA,unclear,,No abstract and year (1961) may indicate foundational demographic work; cannot assess whether diffusion mechanisms or A.3 estimand are treated,,
5,W2004374536,10.2307/1527244,La prevention des naissances dans la famille: ses origines dans les temps modernes,1960,Population,UNCERTAIN,INSUFFICIENT_INFO,NA,NA,historical,,"title only (French); historical origins of fertility control, mechanism and scope unclear without abstract",,
5,W2800296540,10.2307/3709011,Population Growth and Economic Development in Low-Income Countries,1959,The American Catholic Sociological Review,UNCERTAIN,INSUFFICIENT_INFO,NA,NA,unknown,,title suggests population growth and development; no abstract provided,,
5,W2077179343,10.1086/449714,Social Structure and Fertility: An Analytic Framework,1956,Economic Development and Cultural Change,UNCERTAIN,INSUFFICIENT_INFO,NA,NA,theory,,"Title promises analytic framework of social structure on fertility (1956, foundational period); likely DIFFUSION_THEORY or PRINCETON_CANON but abstract absent",,
5,W2090745939,10.1080/00324728.1954.10415306,The Bradlaugh-Besant trial and the english newspapers,1954,Population Studies,UNCERTAIN,INSUFFICIENT_INFO,MASS_MEDIA,NA,qualitative,,newspaper coverage of BC movement; insufficient detail on whether diffusion mechanism is analyzed,,
5,W2137397516,10.1111/j.1467-9957.1949.tb00900.x,Internal Migration in Victorian England,1949,Manchester School,UNCERTAIN,INSUFFICIENT_INFO,SPATIAL_MIGRATION,NA,historical,,"Migration in Victorian England; could be PRINCETON_CANON or spatial diffusion, but no abstract to confirm scope",,
5,W2034554994,10.2307/3030620,Population Policies and Movements in Europe,1940,Population Index,UNCERTAIN,INSUFFICIENT_INFO,NA,NA,other,,No abstract available; historical-era title suggests potential FDT relevance but cannot assess,,
5,W2151176003,,"Economics of the Family: Marriage, Children, and Human Capital",,RePEc: Research Papers in Economics,UNCERTAIN,INSUFFICIENT_INFO,NA,NA,unclear,,No abstract or year; title is generic family-economics survey—cannot assess scope or treatment of diffusion mechanisms,,
