band,access_class,doi,work_id,year,oa_status,detail,title
identified_core,oa_but_blocked,https://doi.org/10.2307/2061752,W1969699349,1994,bronze,not_pdf_html_paywall,Five Decades of Missing Females in China
identified_core,oa_but_blocked,https://doi.org/10.1111/j.1728-4457.2007.00196.x,W2078703033,2007,green,empty_or_tiny,The Decline of Son Preference in South Korea: The Roles of Development and Public Policy
identified_core,oa_but_blocked,https://doi.org/10.1007/s13524-011-0055-y,W2057390815,2011,bronze,not_pdf_html_paywall,Estimating the Effect of the One-Child Policy on the Sex Ratio Imbalance in China: Identification Based on the Differenc
identified_core,oa_but_blocked,https://doi.org/10.1007/s13524-011-0030-7,W1982250044,2011,bronze,not_pdf_html_paywall,Estimating a Dynamic Model of Sex Selection in China
identified_core,oa_but_blocked,https://doi.org/10.1111/j.1728-4465.2010.00229.x,W2133053924,2010,green,"not_pdf_html_paywall,empty_or_tiny",Son Preference in the Context of Fertility Decline: Limits to New Constructions of Gender and Kinship in Nepal
identified_core,oa_but_blocked,,W1904691630,2000,green,not_pdf_html_paywall,The role of son preference in reproductive behaviour in Pakistan.
identified_core,oa_but_blocked,https://doi.org/10.1596/1813-9450-6869,W1827790016,2014,hybrid,not_pdf_html_paywall,"Son Preference, Fertility and Family Structure: Evidence from Reproductive Behavior among Nigerian Women"
identified_core,oa_but_blocked,https://doi.org/10.1007/s13524-020-00863-x,W3012943306,2020,bronze,not_pdf_html_paywall,Transition of Son Preference: Evidence From South Korea
identified_core,oa_but_blocked,https://doi.org/10.1007/s13524-016-0536-0,W2571367764,2017,hybrid,"not_pdf_html_paywall,empty_or_tiny",Agency in Fertility Decisions in Western Europe During the Demographic Transition: A Comparative Perspective
identified_core,oa_but_blocked,https://doi.org/10.1111/padr.12002,W2558564057,2016,green,"not_pdf_html_paywall,empty_or_tiny",In the Pursuit of Sons: Additional Births or Sex‐Selective Abortion in Pakistan?
identified_core,oa_but_blocked,https://doi.org/10.1016/s2214-109x(21)00094-2,W3144183865,2021,gold,not_pdf_html_paywall,Trends in missing females at birth in India from 1981 to 2016: analyses of 2·1 million birth histories in nationally rep
identified_core,oa_but_blocked,https://doi.org/10.1177/000312240206700406,W4385886514,2002,bronze,not_pdf_html_paywall,Emerging Parental Gender Indifference? Sex Composition of Children and the Third Birth
identified_core,oa_but_blocked,https://doi.org/10.1086/695137,W2775049802,2017,green,empty_or_tiny,Son Preference and Gender-Biased Breastfeeding in Pakistan
identified_core,oa_but_blocked,https://doi.org/10.1016/s0968-8080(04)24147-7,W2056687536,2004,bronze,not_pdf_html_paywall,"Abortion Patterns and Reported Sex Ratios at Birth in Rural Yunnan, China"
identified_core,oa_but_blocked,https://doi.org/10.1080/17441692.2010.533686,W2053753053,2011,green,"not_pdf_html_paywall,empty_or_tiny","Son preference and sterilisation use among young married women in two slums in Bengaluru city, India"
identified_core,oa_but_blocked,https://doi.org/10.1186/s41118-018-0036-8,W2888993465,2018,gold,"not_pdf_html_paywall,empty_or_tiny",Changes in sex ratio at birth among immigrant groups in Sweden
identified_core,oa_but_blocked,https://doi.org/10.1080/00324728.2018.1442583,W2803854330,2018,hybrid,not_pdf_html_paywall,Is prenatal sex selection associated with lower female child mortality?
identified_core,oa_but_blocked,https://doi.org/10.1098/rsos.160526,W2519509910,2016,gold,"not_pdf_html_paywall,empty_or_tiny",Offspring sex preferences among patrilineal and matrilineal Mosuo in Southwest China revealed by differences in parity p
identified_core,oa_but_blocked,https://doi.org/10.1596/1813-9450-5972,W1584513777,2012,gold,not_pdf_html_paywall,"Islamic Inheritance Law, Son Preference and Fertility Behavior of Muslim Couples in Indonesia"
identified_core,oa_but_blocked,https://doi.org/10.1016/j.hisfam.2010.09.003,W2012391265,2010,green,"not_pdf_html_paywall,empty_or_tiny",Fertility control in historical China revisited: New methods for an old debate
identified_core,oa_but_blocked,https://doi.org/10.1017/s0021932007001988,W2036565407,2007,green,not_pdf_html_paywall,THE RELATION OF SON PREFERENCE AND RELIGION TO INDUCED ABORTION: THE CASE OF SOUTH KOREA
identified_core,oa_but_blocked,https://doi.org/10.1136/jech-2018-210622,W2809102791,2018,hybrid,"not_pdf_html_paywall,empty_or_tiny","Sex ratios at birth among second-generation mothers of South Asian ethnicity in Ontario, Canada: a retrospective populat"
identified_core,oa_but_blocked,https://doi.org/10.1016/j.jdeveco.2016.11.005,W2562838710,2016,hybrid,"not_pdf_html_paywall,empty_or_tiny",Childhood health and the wantedness of male and female children
identified_core,oa_but_blocked,https://doi.org/10.1186/1742-4755-10-48,W2134680525,2013,gold,"not_pdf_html_paywall,empty_or_tiny","The effect of family sex composition on fertility desires and family planning behaviors in urban Uttar Pradesh, India"
identified_core,oa_but_blocked,https://doi.org/10.1086/716101,W2890678517,2021,hybrid,not_pdf_html_paywall,The Role of Conflict in Sex Discrimination: The Case of Missing Girls
identified_core,oa_but_blocked,https://doi.org/10.1136/bmjopen-2018-023021,W2911681878,2019,gold,"not_pdf_html_paywall,empty_or_tiny",Determinants of imbalanced sex ratio at birth in Nepal: evidence from secondary analysis of a large hospital-based study
identified_core,oa_but_blocked,https://doi.org/10.1080/00324728.2017.1421254,W2791485564,2018,green,not_pdf_html_paywall,Immigrant mothers’ preferences for children’s sexes: A register-based study of fertility behaviour in Norway
identified_core,oa_but_blocked,https://doi.org/10.1186/s12978-018-0482-y,W2794960936,2018,gold,"not_pdf_html_paywall,empty_or_tiny",Sex composition and its impact on future childbearing: a longitudinal study from urban Uttar Pradesh
identified_core,oa_but_blocked,https://doi.org/10.31899/pgy2.1036,W4254394143,2005,gold,not_pdf_html_paywall,The impact of childhood mortality on fertility in six rural thanas of Bangladesh
identified_core,oa_but_blocked,https://doi.org/10.1162/jinh_a_01626,W3135432320,2021,green,not_pdf_html_paywall,"Adapting Family Size and Composition: Childhood Mortality and Fertility in Rural Spain, 1750–1949"
identified_core,oa_but_blocked,https://doi.org/10.1007/s13524-020-00875-7,W3027086863,2020,bronze,not_pdf_html_paywall,Son Preference and Fertility Decisions: Evidence From Spatiotemporal Variation in Korea
identified_core,oa_but_blocked,https://doi.org/10.1136/jech-2016-207489,W2534464578,2016,bronze,"not_pdf_html_paywall,empty_or_tiny",Prenatal sex selection and female infant mortality are more common in India after firstborn and second-born daughters
identified_core,oa_but_blocked,https://doi.org/10.1016/j.jdeveco.2008.11.005,W2131506957,2008,green,curl_error:6,Causal effects of sex preference on sex-blind and sex-selective child avoidance and substitution across birth years: Evi
identified_core,oa_but_blocked,https://doi.org/10.1007/s00148-022-00896-z,W4226069296,2022,hybrid,not_pdf_html_paywall,Unwanted daughters: the unintended consequences of a ban on sex-selective abortions on the educational attainment of wom
identified_core,oa_but_blocked,https://doi.org/10.1080/17441730.2021.1992858,W3209243667,2021,hybrid,not_pdf_html_paywall,"Son preference, gender asymmetries and parity progressions: the case of Kyrgyzstan"
identified_core,oa_but_blocked,https://doi.org/10.1080/21665095.2014.948898,W2115690823,2014,gold,not_pdf_html_paywall,Impact of fertility on objective and subjective poverty in Malawi
identified_core,oa_but_blocked,https://doi.org/10.1007/s13524-012-0194-9,W2036598350,2013,bronze,not_pdf_html_paywall,"Skewed Sex Ratios in India: “Physician, Heal Thyself”"
identified_core,oa_but_blocked,https://doi.org/10.1111/rode.13066,W4388228903,2023,hybrid,not_pdf_html_paywall,Reassessing the relationship between women's empowerment and fertility: Evidence from India
identified_core,oa_but_blocked,https://doi.org/10.1007/s11698-023-00267-y,W4362581102,2023,hybrid,not_pdf_html_paywall,"Economic development, female wages and missing female births in Spain, 1900–1930"
identified_core,oa_but_blocked,https://doi.org/10.1093/wbro/lkn005,W2114947228,2008,green,not_pdf_html_paywall,Can Biological Factors Like Hepatitis B Explain the Bulk of Gender Imbalance in China? A Review of the Evidence
identified_core,oa_but_blocked,https://doi.org/10.1007/s12546-019-09224-x,W2943970741,2019,hybrid,not_pdf_html_paywall,Transition to third birth among immigrant mothers in Sweden: Does having two daughters accelerate the process?
identified_core,oa_but_blocked,https://doi.org/10.1037/e602422012-001,W3124082852,2008,gold,not_pdf_html_paywall,"Development, Modernization, and Son Preference in Fertility Decisions"
identified_core,oa_but_blocked,https://doi.org/10.1093/oso/9780198829591.003.0014,W2766601420,2018,gold,"empty_or_tiny,not_pdf_html_paywall","The Effect of China’s One Child Policy on Sex Selection, Family Size, and the School Enrolment of Daughters"
identified_core,oa_but_blocked,https://doi.org/10.1596/1813-9450-4502,W2160091333,2008,green,not_pdf_html_paywall,Does Hepatitis B Infection Or Son Preference Explain The Bulk Of Gender Imbalance In China? : A Review Of The Evidence
identified_core,oa_but_blocked,https://doi.org/10.1136/bmjopen-2021-052343,W3211253038,2021,gold,"not_pdf_html_paywall,empty_or_tiny",Sex ratios and ‘missing women’ among Asian minority and migrant populations in Aotearoa/New Zealand: a retrospective coh
identified_core,oa_but_blocked,,W2175768736,2015,green,not_pdf_html_paywall,Religion and son preference in India and Bangladesh: Three essays on comparing Hindus and Muslims on son preference and 
identified_core,oa_but_blocked,https://doi.org/10.1186/s41118-024-00217-0,W4396767233,2024,gold,not_pdf_html_paywall,Gender composition of children and desires for the next child in “son preference” countries
identified_core,oa_but_blocked,https://doi.org/10.3982/qe2088,W4317434379,2023,diamond,"empty_or_tiny,not_pdf_html_paywall",The demographic consequences of sex‐selection technology
identified_core,oa_but_blocked,https://doi.org/10.1186/2193-9039-2-10,W2133513604,2013,hybrid,not_pdf_html_paywall,Missing women in the United Kingdom
identified_core,oa_but_blocked,https://doi.org/10.1080/00324728.2022.2027003,W4210854838,2022,green,"not_pdf_html_paywall,empty_or_tiny",Preferences for a mixed-sex composition of offspring: A multigenerational approach
identified_core,oa_but_blocked,https://doi.org/10.1016/j.ssmph.2017.10.003,W2765959725,2017,gold,"not_pdf_html_paywall,empty_or_tiny",Fertility behaviors in South Korea and their association with ultrasound prenatal sex screening
identified_core,oa_but_blocked,https://doi.org/10.35188/unu-wider/2017/385-1,W4231452854,2017,bronze,empty_or_tiny,"The effect of China’s One Child Policy on sex selection, family size, and the school enrolment of daughters"
identified_core,oa_but_blocked,,W2336368475,2016,green,not_pdf_html_paywall,A demographic history of settler South Africa
identified_core,oa_but_blocked,https://doi.org/10.1080/00220388.2024.2354230,W4398782499,2024,green,empty_or_tiny,Son Targeting Fertility Behaviour in Albania
identified_core,oa_but_blocked,https://doi.org/10.1007/s10680-023-09655-6,W4366351506,2023,hybrid,"not_pdf_html_paywall,empty_or_tiny",Explaining Residential Clustering of Large Families
identified_core,oa_but_blocked,https://doi.org/10.1596/1813-9450-6802,W3121579767,2014,green,"curl_error:28,not_pdf_html_paywall",Why are Adult Women Missing? Son Preference and Maternal Survival in India
identified_core,oa_but_blocked,https://doi.org/10.1215/00703370-11798263,W4407172282,2025,gold,not_pdf_html_paywall,"Prenatal Care, Son Preference, and the Sex Ratio at Birth"
identified_core,oa_but_blocked,https://doi.org/10.1002/hec.4772,W4388033567,2023,bronze,not_pdf_html_paywall,How does a ban on sex‐selective abortions affect child health?
identified_core,oa_but_blocked,https://doi.org/10.1080/00324728.2023.2211045,W4379051530,2023,hybrid,not_pdf_html_paywall,Fertility patterns and sex composition preferences in immigrant–native unions in Sweden
identified_core,oa_but_blocked,https://doi.org/10.2139/ssrn.2408391,W2259041493,2014,green,not_pdf_html_paywall,Immigrant Parents' Preferences for Children's Sex: A Register-Based Study of Fertility Behavior in Ten National-Origin G
identified_core,oa_but_blocked,,W204036025,2010,green,empty_or_tiny,"Essays on Fertility, Gender Preference and Family Planning in Iran"
identified_core,oa_but_blocked,https://doi.org/10.1186/s12889-024-19706-0,W4401535076,2024,gold,"not_pdf_html_paywall,empty_or_tiny",Induced abortion after advent of fetal sex detection technology and child sex at birth
identified_core,oa_but_blocked,https://doi.org/10.1080/00324728.2021.1900589,W3141588519,2021,green,"not_pdf_html_paywall,empty_or_tiny",The list experiment: An approach to measuring stigmatized behaviours related to sex-selective abortion
identified_core,oa_but_blocked,https://doi.org/10.7275/1066789,W2155621679,2021,green,not_pdf_html_paywall,"Son Preference, Sex Selection and the Problem of Missing Women in India"
identified_core,oa_but_blocked,,W3169435666,2019,green,"not_pdf_html_paywall,empty_or_tiny","Husband, sons and fertility gap: Evidence from India"
identified_core,oa_but_blocked,https://doi.org/10.5287/ora-bmdy1698x,W2900536492,2017,green,not_pdf_html_paywall,The dynamics of prenatal sex selection and excess female child mortality in contexts with son preference
identified_core,oa_but_blocked,,W3124324335,2009,green,not_pdf_html_paywall,"Development, Modernization, and Childbearing: The Role of Family Sex Composition"
identified_core,oa_but_blocked,https://doi.org/10.1186/s12963-025-00368-y,W4407802313,2025,gold,"not_pdf_html_paywall,empty_or_tiny",Sex-selective abortions over the past four decades in China
identified_core,oa_but_blocked,https://doi.org/10.17615/cast-w357,W2948343576,2019,green,not_pdf_html_paywall,In the pursuit of sons: sex-selective abortion and differential stopping in Pakistan
identified_core,oa_but_blocked,,W3179645580,2018,green,not_pdf_html_paywall,The role of conflict in sex discrimination: The case of missing girls
identified_core,oa_but_blocked,https://doi.org/10.5455/ijmsph.2015.25042015312,W925023430,2015,bronze,empty_or_tiny,A study on attitude belief and practice of mother-in-law and her son regarding son preference in Berasia block of Bhopal
identified_core,oa_but_blocked,,W2199839167,2015,green,not_pdf_html_paywall,Childbearing Trends in Iceland 1982-2013 : Critical junctures and subsequent fertility developments in a Nordic context
identified_core,oa_but_blocked,https://doi.org/10.7916/d88k7h8t,W1579584967,2013,green,not_pdf_html_paywall,Essays on Fertility and Sex Ratios in India
identified_core,oa_but_blocked,,W3125611217,2012,green,not_pdf_html_paywall,"Birth Spacing, Child Survival and Fertility Decisions : Analysis of Causal Mechanismsa"
identified_core,oa_but_blocked,,W3123876545,2008,green,not_pdf_html_paywall,Analysis of Socio-Political and Health Practices Influencing Sex Ratio at Birth in Viet Nam
identified_core,oa_but_blocked,https://doi.org/10.1007/s00148-026-01174-y,W7161051047,2026,hybrid,not_pdf_html_paywall,Early-term abortion bans and sex selection after Dobbs v Jackson
identified_core,oa_but_blocked,https://doi.org/10.1002/pd.70076,W7125923175,2026,hybrid,"not_pdf_html_paywall,empty_or_tiny","Sex Ratios at Birth Following Non‐Invasive Prenatal Testing in Victoria, Australia"
identified_core,oa_but_blocked,https://doi.org/10.1111/rode.70152,W7154227002,2026,hybrid,not_pdf_html_paywall,A Tale of Two Choices: Son Preference and Reproductive Outcomes in Uzbekistan
identified_core,oa_but_blocked,,W7143585816,2026,green,not_pdf_html_paywall,A Tale of Two Choices: Son Preference and Reproductive Outcomes in Uzbekistan: Son Preference and Reproductive Outcomes 
identified_core,oa_but_blocked,https://doi.org/10.5281/zenodo.18205114,W7121956085,2025,green,not_pdf_html_paywall,Trend Analysis of Sex Ratio at Birth in India (2015–2024): A Secondary Data Study on the Impact of the Beti Bachao Beti 
identified_core,oa_but_blocked,https://doi.org/10.1002/ajhb.70046,W4409543403,2025,hybrid,"not_pdf_html_paywall,empty_or_tiny",The Estimation of the Number of Aborted Girls in South Korea
identified_core,oa_but_blocked,https://doi.org/10.5281/zenodo.18205115,W7122231165,2025,green,not_pdf_html_paywall,Trend Analysis of Sex Ratio at Birth in India (2015–2024): A Secondary Data Study on the Impact of the Beti Bachao Beti 
identified_core,oa_but_blocked,https://doi.org/10.58088/ybw7-a274,W3189503013,2024,green,not_pdf_html_paywall,Son preference: the case of Hong Kong
identified_core,oa_but_blocked,https://doi.org/10.1007/s11150-024-09718-5,W4399766560,2024,hybrid,not_pdf_html_paywall,"Preference for sons: still a trend? Evidence from individual-level data from Finland, 1960–2015"
identified_core,oa_but_blocked,https://doi.org/10.6082/rys6z-5kg58,W7163074251,2024,green,not_pdf_html_paywall,Unexpected Consequences: Three Papers on How Law Can Shape Behaviour
identified_core,oa_but_blocked,https://doi.org/10.1111/ecot.12381,W4383374343,2023,hybrid,not_pdf_html_paywall,Parental gender preferences in Central and Eastern Europe and differential early life disadvantages
identified_core,oa_but_blocked,https://doi.org/10.26599/cje.2022.9300210,W4410175977,2022,bronze,curl_error:92,The Impact of Family Planning Relaxation on Household Saving Rate: An Investigation on the “Conditional Two-child” Polic
identified_core,oa_but_blocked,https://doi.org/10.13016/2djg-ly78,W3184630694,2021,green,not_pdf_html_paywall,"ESSAYS ON PREFERENCE ESTIMATION, SCHOOLING OUTCOMES AND SEGREGATION"
identified_core,oa_but_blocked,https://doi.org/10.17045/sthlmuni.14556012.v1,W579607963,2021,green,not_pdf_html_paywall,Son Preference and Second Birth in China
identified_core,oa_but_blocked,,W3097378805,2020,green,not_pdf_html_paywall,Explaining residential clustering of fertility
identified_core,oa_but_blocked,https://doi.org/10.36106/ijar/1418829,W3009429537,2020,hybrid,not_pdf_html_paywall,IS THERE SON PREFERENCE IN INDIA? - AN ANALYSIS BASED ON SEX RATIO AT BIRTH AND ORDER OF BIRTH
identified_core,oa_but_blocked,,W3084068410,2020,green,not_pdf_html_paywall,The Effect of Sex of Firstborn Children on Fertility Preferences
identified_core,oa_but_blocked,,W4287814043,2019,green,not_pdf_html_paywall,Preference for Boys and Length of Birth Intervals in Pakistan
identified_core,oa_but_blocked,https://doi.org/10.3886/e113697v1,W3005183192,2019,green,not_pdf_html_paywall,Replication data for: Property Rights and Gender Bias: Evidence from Land Reform in West Bengal
identified_core,oa_but_blocked,https://doi.org/10.2139/ssrn.3455681,W3158231083,2019,green,not_pdf_html_paywall,Fertility and the Daughter-to-Son-Ratio During China’s (More-than) One-Child Policy
identified_core,oa_but_blocked,https://doi.org/10.3886/e113647v1,W3000266365,2018,green,not_pdf_html_paywall,Replication data for: Financial Incentives and the Fertility-Sex Ratio Trade-Off
identified_core,oa_but_blocked,https://doi.org/10.1093/eurpub/cky047.063,W2799417732,2018,bronze,not_pdf_html_paywall,"2.4-O2Do son-biased sex ratios at birth persist among second generation South Asian women in Ontario, Canada?"
identified_core,oa_but_blocked,https://doi.org/10.7916/d84x6qxn,W2891598491,2018,green,not_pdf_html_paywall,Three Essays on Development and Health Economics
identified_core,oa_but_blocked,https://doi.org/10.6082/gry2s-bsc85,W7163044827,2018,green,not_pdf_html_paywall,An Essay on the Household- and Aggregate-Level Fertility Consequences of China's One-Child Policy
identified_core,oa_but_blocked,https://doi.org/10.25911/5c2c855602ef5,W2908163111,2018,green,empty_or_tiny,Essays on Economic Development in Southeast Asia
identified_core,oa_but_blocked,https://doi.org/10.13016/m2t43j63c,W2897723048,2018,green,not_pdf_html_paywall,THE LITTLE PUSH: ROLE OF INCENTIVES IN DETERMINING HOUSEHOLD BEHAVIOUR IN INDIA
identified_core,oa_but_blocked,https://doi.org/10.17632/fzkhh8nstr.1,W2906354026,2016,green,empty_or_tiny,"Data for: Divorce, abortion, and the child sex ratio: The impact of divorce reform in China"
identified_core,oa_but_blocked,,W2489562885,2016,green,not_pdf_html_paywall,Does Central Europe Import the Missing Women Phenomenon
identified_core,oa_but_blocked,,W2587271297,2016,green,not_pdf_html_paywall,Three Essays on the Effects of Childbearing on Economic Well-being and Health
identified_core,oa_but_blocked,https://doi.org/10.7916/d85b019g,W2240840156,2015,green,not_pdf_html_paywall,Essays on Development Economics
identified_core,oa_but_blocked,,W2468511709,2015,green,empty_or_tiny,"Essays on the Impact of Female Education, Female Empowerment and Public Policy"
identified_core,oa_but_blocked,https://doi.org/10.2139/ssrn.2549704,W2009954655,2015,green,not_pdf_html_paywall,Sex-Selective Abortion Bans are Not Associated with Changes in Sex Ratios at Birth Among Asian Populations in Illinois a
identified_core,oa_but_blocked,,W624890531,2015,green,not_pdf_html_paywall,Agency in Fertility Decisions in Western Europe during the Demographic Transition : The Role of Childhood Mortality and 
identified_core,oa_but_blocked,https://doi.org/10.18034/abcjar.v3i1.26,W2025248286,2014,diamond,empty_or_tiny,"Son Preference, Childbearing Behavior and Respondent Socio-Demographic Characteristics in Morogoro, Tanzania"
identified_core,oa_but_blocked,,W321271594,2013,green,not_pdf_html_paywall,"The Chinese economic experience, 1978 to today"
identified_core,oa_but_blocked,,W2292927272,2011,green,not_pdf_html_paywall,Sex of preceding child and birth spacing among Nigerian ethnic groups : original research article
identified_core,oa_but_blocked,,W7113718771,,green,not_pdf_html_paywall,Son preference at the crossroads : A comparison of parity progressions across birth cohorts of women in the Middle East 
identified_core,closed,https://doi.org/10.1162/qjec.2009.124.3.1057,W2114628399,2009,closed,not_pdf_html_paywall,The Power of TV: Cable Television and Women's Status in India *
identified_core,closed,https://doi.org/10.1086/653830,W1953626533,2010,closed,closed,Multiple Experiments for the Causal Link between the Quantity and Quality of Children
identified_core,closed,https://doi.org/10.1080/0032472031000150486,W2081239273,1998,closed,closed,"Son Preference, the Family-building Process and Child Mortality in India"
identified_core,closed,https://doi.org/10.1111/j.1467-937x.2008.00514.x,W2028267091,2008,closed,closed,The Demand for Sons
identified_core,closed,https://doi.org/10.1257/aer.20151282,W2753884747,2017,closed,closed,Why Are Indian Children So Short? The Role of Birth Order and Son Preference
identified_core,closed,https://doi.org/10.1080/0032472031000150076,W1967651727,1997,closed,closed,Fertility Decline and Increased Manifestation of Sex Bias in India
identified_core,closed,https://doi.org/10.3368/jhr.45.1.87,W2095306122,2010,closed,closed,The “Missing Girls” of China and the Unintended Consequences of the One Child Policy
identified_core,closed,https://doi.org/10.1111/j.1728-4457.2013.00574.x,W2099051375,2013,closed,closed,Son Preference and the Persistence of Culture: Evidence from South and East Asian Immigrants to Canada
identified_core,closed,https://doi.org/10.1111/j.1728-4457.2005.00082.x,W1982754848,2005,closed,closed,Explaining Asia's “Missing Women”: A New Look at the Data
identified_core,closed,https://doi.org/10.1353/dem.2006.0010,W2125803901,2006,closed,closed,Gendering family composition: Sex preferences for children and childbearing behavior in the Nordic countries
identified_core,closed,https://doi.org/10.1086/701030,W2939493992,2018,closed,closed,Land Reform and Sex Selection in China
identified_core,closed,https://doi.org/10.1353/jhr.2013.0003,W2080037483,2013,closed,closed,Prenatal Sex Selection and Missing Girls in China: Evidence from the Diffusion of Diagnostic Ultrasound
identified_core,closed,https://doi.org/10.1111/j.1728-4457.2007.00173.x,W2058483567,2007,closed,closed,An Increase in the Sex Ratio of Births to India‐born Mothers in England and Wales: Evidence for Sex‐Selective Abortion
identified_core,closed,https://doi.org/10.1257/app.1.2.1,W3122231766,2009,closed,closed,Are There Missing Girls in the United States? Evidence from Birth Data
identified_core,closed,https://doi.org/10.1080/0032472031000150496,W2164410434,1998,closed,closed,Fertility and Son Preference in Korea
identified_core,closed,https://doi.org/10.2307/2138098,W1977574609,1995,closed,closed,Son Preference in Vietnam
identified_core,closed,https://doi.org/10.1363/ifpp.35.029.09,W1987273534,2009,closed,closed,"The relationship of family size and composition to fertility desires, contraceptive adoption and method choice in South "
identified_core,closed,https://doi.org/10.1016/j.jdeveco.2013.02.007,W2114131482,2013,closed,closed,Does a legal ban on sex-selective abortions improve child sex ratios? Evidence from a policy change in India
identified_core,closed,https://doi.org/10.2307/1972966,W2078613331,1990,closed,closed,Son Preference and Fertility in Bangladesh
identified_core,closed,https://doi.org/10.2307/2673835,W2078282801,2001,closed,closed,"Effects of Sex Preference on Contraceptive Use, Abortion and Fertility in Matlab, Bangladesh"
identified_core,closed,,W2042706689,1983,closed,closed,"Preference for sons, family size, and sex ratio: an empirical study in Korea."
identified_core,closed,https://doi.org/10.1111/j.1728-4457.2012.00513.x,W1973425405,2012,closed,closed,High Sex Ratios at Birth in the Caucasus: Modern Technology to Satisfy Old Desires
identified_core,closed,,W1995378695,1983,closed,closed,Preferences for the sex of children and their influence on reproductive behaviour
identified_core,closed,https://doi.org/10.1093/oxfordjournals.aje.a010104,W2119448111,1999,closed,closed,"Sex Ratios, Family Size, and Birth Order"
identified_core,closed,https://doi.org/10.1017/s0021932002003334,W2161799647,2002,closed,closed,SON PREFERENCE AND FERTILITY IN CHINA
identified_core,closed,https://doi.org/10.2307/2526607,W2022005959,1986,closed,closed,Birth Spacing and Sibling Inequality: Asymmetric Information within the Family
identified_core,closed,https://doi.org/10.1086/679059,W2004826918,2014,closed,closed,Unintended Consequences of Women’s Inheritance Rights on Female Mortality in India
identified_core,closed,https://doi.org/10.1257/aer.98.5.2259,W1994568240,2008,closed,closed,Can Hepatitis B Mothers Account for the Number of Missing Women? Evidence from Three Million Newborns in Taiwan
identified_core,closed,https://doi.org/10.1093/humrep/14.4.1127,W2158307898,1999,closed,closed,Fertility rates in Denmark in relation to the sexes of preceding children in the family
identified_core,closed,https://doi.org/10.2307/2061246,W4302563819,1983,closed,closed,"Preference for Sons, Family Size, and Sex Ratio: An Empirical Study in Korea"
identified_core,closed,https://doi.org/10.2307/1966907,W2069698354,1986,closed,closed,Sex Preference for Children and Its Implications for Fertility in Rural Bangladesh
identified_core,closed,https://doi.org/10.1111/j.1748-3131.2009.01115.x,W2048073431,2009,closed,closed,Ultrasonography and Sex Ratios in China
identified_core,closed,https://doi.org/10.1353/dem.2006.0015,W2158489550,2006,closed,closed,Sex preferences and fertility in South Korea during the year of theHorse
identified_core,closed,https://doi.org/10.2307/2061643,W1578874363,1993,closed,closed,"Gender preference and birth spacing in matlab, Bangladesh"
identified_core,closed,https://doi.org/10.2307/1966885,W2038661048,1992,closed,closed,"Contraceptive Use in Matlab, Bangladesh: The Role of Gender Preference"
identified_core,closed,https://doi.org/10.1017/s0021932000011482,W2274303331,1978,closed,closed,The Fourth Korean Child: The Effect of Son Preference on Subsequent Fertility
identified_core,closed,https://doi.org/10.1017/s0305741015000375,W2107625305,2015,closed,closed,China's Skewed Sex Ratio and the One-Child Policy
identified_core,closed,https://doi.org/10.1363/ifpp.34.138.08,W2094802606,2008,closed,closed,Consistency and predictive ability of fertility preference indicators: longitudinal evidence from rural India.
identified_core,closed,https://doi.org/10.1353/jhr.2009.0005,W1973472077,2009,closed,closed,When is the Local Average Treatment Close to the Average?: Evidence from Fertility and Labor Supply
identified_core,closed,https://doi.org/10.1017/s0021932006001477,W2127031643,2006,closed,closed,PARENTAL PREFERENCE FOR SONS AND DAUGHTERS IN A WESTERN INDUSTRIAL SETTING: EVIDENCE AND IMPLICATIONS
identified_core,closed,https://doi.org/10.1080/00324728.2014.994667,W1968361478,2015,closed,closed,Sex preference for children in German villages during the fertility transition
identified_core,closed,https://doi.org/10.1017/s0021932012000119,W2078263695,2012,closed,closed,"TWO SONS AND A DAUGHTER: SEX COMPOSITION AND WOMEN'S REPRODUCTIVE BEHAVIOUR IN MADHYA PRADESH, INDIA"
identified_core,closed,,W2280640738,1998,closed,closed,Female foeticide in rural Haryana.
identified_core,closed,https://doi.org/10.1353/hpu.2017.0019,W2590047598,2017,closed,closed,Factors Associated with Contraceptive Use among Women of Reproductive Age in Rural Districts of Burkina Faso
identified_core,closed,https://doi.org/10.1080/00324728.2013.826372,W2036950915,2013,closed,closed,‘Maternity migration’ and the increased sex ratio at birth in Hong Kong SAR
identified_core,closed,https://doi.org/10.1287/mnsc.2017.2779,W2736506551,2017,closed,closed,Risk Aversion and Son Preference: Experimental Evidence from Chinese Twin Parents
identified_core,closed,https://doi.org/10.2307/3246647,W2001694912,2003,closed,closed,Sex Preferences for Children Revisited: New Evidence from Germany
identified_core,closed,https://doi.org/10.1093/oso/9780190917425.001.0001,W4252516097,2019,closed,closed,Lost and Found
identified_core,closed,https://doi.org/10.1177/0038022920100106,W2753676441,2010,closed,closed,Disappearing Daughters and Intensification of Gender Bias: Evidence from Two Village Studies in South India
identified_core,closed,https://doi.org/10.2307/353510,W1983534412,1996,closed,closed,"Sex Preferences, Family Planning, and Fertility: An Israeli Subpopulation in Transition"
identified_core,closed,https://doi.org/10.1093/heapol/czy065,W2887735213,2018,closed,closed,Effectiveness of India’s National Programme to save the girl child: experience of Beti Bachao Beti Padao (B3P) programme
identified_core,closed,https://doi.org/10.1111/rode.12237,W2128862712,2016,closed,closed,"Son Preference, Number of Children, Education and Occupational Choice in Rural Nepal"
identified_core,closed,https://doi.org/10.3368/le.82.1.36,W1535493734,2006,closed,closed,Do Secure Land Use Rights Reduce Fertility? The Case of Meitan County in China
identified_core,closed,,W92500668,1984,closed,closed,Son preference in Pakistan: an analysis of intentions vs. behavior.
identified_core,closed,https://doi.org/10.1017/dem.2020.5,W3134905741,2021,closed,closed,Son preference and the fertility squeeze in India
identified_core,closed,https://doi.org/10.1080/17441730.2012.714669,W2043906799,2012,closed,closed,DAUGHTER DISCRIMINATION AND FUTURE SEX RATIO AT BIRTH IN INDIA
identified_core,closed,https://doi.org/10.1162/jinh_a_00303,W2138779638,2012,closed,closed,Offspring Sex Preference in Frontier America
identified_core,closed,,W1553509536,2009,closed,closed,"Son Preference, Sex Selection and Economic Development: Theory and Evidence from South Korea"
identified_core,closed,,W2402648525,2014,closed,closed,Son Preference and Early Childhood Investments in China
identified_core,closed,https://doi.org/10.1080/13600818.2014.973390,W2085381099,2014,closed,closed,The Unintended Effects of a Ban on Sex-Selective Abortion on Infant Mortality: Evidence from India
identified_core,closed,https://doi.org/10.1017/s0021932000021830,W1967827304,1993,closed,closed,Effects of family sex composition on fertility preference and behaviour in rural Bangladesh
identified_core,closed,https://doi.org/10.1017/s0021932008003106,W1986061976,2008,closed,closed,SEX RATIO AT BIRTH AND FAMILY COMPOSITION IN SUB-SAHARAN AFRICA: INTER-COUPLE VARIATIONS
identified_core,closed,https://doi.org/10.1080/00220380500356779,W1965948118,2006,closed,closed,Fertility and the household's economic status: A natural experiment using Indian micro data
identified_core,closed,https://doi.org/10.1177/0363199005284870,W2067765668,2006,closed,closed,Does the Sex of Firstborn Children Influence Subsequent Fertility Behavior?: Evidence from Family Reconstitution
identified_core,closed,https://doi.org/10.1086/682685,W2293589930,2015,closed,closed,"Abortion Legalization, Sex Selection, and Female University Enrollment in Taiwan"
identified_core,closed,https://doi.org/10.1017/s0021932011000605,W2048043701,2011,closed,closed,THE IMPACT OF THE STOPPING RULE ON SEX RATIO OF LAST BIRTHS IN VIETNAM
identified_core,closed,https://doi.org/10.1080/00324728.2020.1721736,W3007934406,2020,closed,closed,Survival and sex composition of offspring: Individual-level responses in the quantum and tempo of childbearing during th
identified_core,closed,,W2896003410,2018,closed,closed,The Limits (and Human Costs) of Population Policy: Fertility Decline and Sex Selection in China under Mao
identified_core,closed,,W205570474,1996,closed,closed,Prenatal sex determination: a new family-building strategy.
identified_core,closed,https://doi.org/10.1111/rode.12748,W3127577270,2021,closed,closed,"Son‐biased fertility stopping, birth spacing, and child nutritional status in Pakistan"
identified_core,closed,,W2340911476,2005,closed,closed,Are there missing girls in the United States? Evidence on gender preference and gender selection ∗
identified_core,closed,,W1556321727,2003,closed,curl_error:6,Poverty and Fertility - An Instrumental Variables Analysis on Indian Micro Data
identified_core,closed,,W122517677,1999,closed,closed,Infant mortality and the pace of childbearing in Ghana: some evidence of son preference
identified_core,closed,,W1526396551,1994,closed,closed,Gender Preference and Sex Imbalance in the Population and Their Implications in Korea
identified_core,closed,https://doi.org/10.1007/s00148-023-00968-8,W4385581688,2023,closed,closed,Explaining third birth patterns in India: causal effects of sibling sex composition
identified_core,closed,https://doi.org/10.1108/caer-03-2022-0042,W4311242241,2022,closed,closed,Does female off-farm employment affect fertility desire? Evidence from rural China
identified_core,closed,https://doi.org/10.1002/soej.12509,W3162044177,2021,closed,closed,Culture and son preference: Evidence from immigrants to the United States
identified_core,closed,https://doi.org/10.18356/961d26ef-en,W187439641,1998,closed,closed,The determinants of first and subsequent births in urban and rural areas of Bangladesh
identified_core,closed,https://doi.org/10.1017/s0021932000017892,W2025918103,1989,closed,closed,Son preference and child replacement in Bangladesh: a new look at the child survival hypothesis
identified_core,closed,https://doi.org/10.1111/ecot.12306,W3202261446,2021,closed,closed,Housing prices and son preference: Evidence from China’s housing reform
identified_core,closed,https://doi.org/10.1080/00324728.2017.1330489,W2625718170,2017,closed,closed,"Gender bias in reproductive behaviour in Georgia, Indonesia, and Vietnam: An application of the own-children method"
identified_core,closed,,W2183437807,2009,closed,closed,The Effect of Ultrasound Testing during Pregnancy on Pregnancy Termination and the Sex Ratio at Birth in India
identified_core,closed,https://doi.org/10.1080/00220388.2023.2217997,W4379648140,2023,closed,closed,Female Early Marriage and Son Preference in Pakistan
identified_core,closed,https://doi.org/10.1080/17538963.2024.2312495,W4391535803,2024,closed,closed,"Fertility, female labor supply, and household saving evidence from relaxing the one-child policy in China"
identified_core,closed,https://doi.org/10.1017/s0021932014000078,W2151127174,2014,closed,closed,GENDER SATURATION IN THE SOUTHERN CAUCASUS: FAMILY COMPOSITION AND SEX-SELECTIVE ABORTION
identified_core,closed,,W2300501271,2012,closed,closed,Role of Gender in Contraceptive Use among Currently Married Women in Uttar Pradesh and Bihar
identified_core,closed,https://doi.org/10.1016/s0190-1281(04)23012-8,W2250077221,2004,closed,closed,MATERNAL NUTRITION AND SEX RATIO AT BIRTH IN ETHIOPIA
identified_core,closed,,W2403719185,1996,closed,closed,Sex preference versus number preference: the case of Korea.
identified_core,closed,https://doi.org/10.1002/ijpg.6060010102,W2014423481,1995,closed,closed,"The ethics of population control in rural China, 1979–92"
identified_core,closed,https://doi.org/10.1007/s11113-024-09910-6,W4401768183,2024,closed,closed,"The Interplay of Sibling Sex Composition, Son Preference, and Child Education in China: Evidence from the One-Child Poli"
identified_core,closed,https://doi.org/10.1080/00036846.2022.2083069,W4289174295,2022,closed,closed,Fertility targets: linkages between desire for sons and sterilization in India
identified_core,closed,https://doi.org/10.1017/s0021932017000578,W2769962898,2017,closed,closed,IMPACT OF SEX COMPOSITION OF LIVING CHILDREN AND COUPLES’ AGREEMENT ON SUBSEQUENT FERTILITY IN INDIA
identified_core,closed,https://doi.org/10.3917/pope.1604.0641,W2596504761,2016,closed,closed,Son Preference in a Sharecropping Society: Gender Composition of Children and Reproduction in a Pre-Transitional Italian
identified_core,closed,,W845168844,2009,closed,closed,Labour markets in developing countries
identified_core,closed,https://doi.org/10.3368/jhr.44.4.955,W4243062295,2009,closed,closed,When is the Local Average Treatment Close to the Average?
identified_core,closed,,W1894977388,1971,closed,closed,Son-preference and fertility behavior
identified_core,closed,https://doi.org/10.1177/0363199020959785,W3095408049,2020,closed,closed,"Rural–Urban Fertility Convergence, Differential Stopping Behavior, and Contraceptive Method Mix in West Bengal, India: A"
identified_core,closed,,W2411520137,1985,closed,closed,Sons and daughters in China.
identified_core,closed,https://doi.org/10.4324/9780367817626-5,W3109725092,2020,closed,closed,Sex-Selective Abortion in Gujarat and Haryana: Some Empirical Evidence
identified_core,closed,https://doi.org/10.1515/fhep-2014-0018,W3124749842,2014,closed,closed,Sex-selective Abortion Bans are Not Associated with Changes in Sex Ratios at Birth among Asian Populations in Illinois a
identified_core,closed,https://doi.org/10.2307/2950741,W2094838302,1996,closed,closed,"Son Preference Remains Strong Among Vietnamese Women, but Has Only a Modest Effect on Fertility"
identified_core,closed,,W2291861150,1994,closed,closed,Effects of the family formation norms on demographic behaviors: case of Okinawa in Japan.
identified_core,closed,https://doi.org/10.1080/13504851.2015.1016203,W2239434338,2015,closed,closed,Children and maternal migration: evidence from exogenous variations in family size
identified_core,closed,https://doi.org/10.1037/e596642012-001,W3124440992,2012,closed,closed,"Islamic Inheritance Law, Son Preference and Fertility Behavior of Muslim Couples in Indonesia"
identified_core,closed,,W2272245709,1996,closed,closed,The impact of boy preference on fertility in China.
identified_core,closed,,W165251794,1989,closed,closed,[[Child-sex effects on further births]].
identified_core,closed,,W2302136062,1988,closed,closed,A hazard rate analysis of fertility using duration data from Malaysia.
identified_core,closed,https://doi.org/10.31219/osf.io/wj7ke,W4402670780,2024,closed,closed,Temperature and Sex Ratios at Birth
identified_core,closed,https://doi.org/10.4337/9781785363559.00020,W2904410751,2018,closed,closed,Fertility preferences in Nepal
identified_core,closed,,W1577171421,1984,closed,closed,Fertility impact of sex composition and sequence among Korean women: an exploratory study.
identified_core,closed,,W2411803923,1981,closed,closed,[A study of the effect of sex composition on fertility control behavior (author's transl)].
identified_core,closed,https://doi.org/10.1177/2057150x261463053,W7167248179,2026,closed,closed,Privatization and patriarchy: How market transitions have shaped inheritance beliefs and son preference in China
identified_core,closed,https://doi.org/10.1111/cwe.12602,W4412355989,2025,closed,closed,The Impact of Social Health Insurance on Sex Selection
identified_core,closed,https://doi.org/10.1177/00194662221139337,W4323663076,2023,closed,closed,Financial Incentives and Fertility Choices: Evidence from India
identified_core,closed,https://doi.org/10.3368/jhr.0320-10808r3,W4388464689,2023,closed,closed,Can Abortion Mitigate Transitory Shocks?
identified_core,closed,,W3191640869,2021,closed,empty_or_tiny,Can Legal Bans on Sex Detection Technology Reduce Gender Discrimination
identified_core,closed,,W3012763638,2019,closed,closed,China’s One-Child Policy: Population Control and Its Unintended Consequences
identified_core,closed,,W3014010991,2018,closed,closed,"GIRLS WANTED: L'influence de la politique publique sur la sélection sexuelle en Corée du Sud, en Inde et au Vietnam"
identified_core,closed,https://doi.org/10.22140/cpar.v2i3/4.48,W2560271646,2016,closed,closed,"Morality Policy and Unintended Consequences: China's ""One-Child"" Policy"
identified_core,closed,,W1533524313,2014,closed,closed,Son Preference and Fertility Transition in South Korea
identified_core,closed,,W2355705760,2014,closed,closed,Mechanism on Sex Selection and Childbearing Behavior in Chinese Families:A Study Based on 2010 Census
identified_core,closed,,W2378489640,2013,closed,closed,A Further Study of the Late Second Childbearing by A Comparison Among 3 Towns in H Province
identified_core,closed,,W2186700361,2011,closed,closed,"Divorce, Abortion and Sex Ratio at Birth: The Eect of the Amended Divorce Law in China"
identified_core,closed,,W2376024774,2009,closed,closed,Research on the Parity and Its Sex Progression of Chinese Women
identified_core,closed,https://doi.org/10.22140/cpar.v2i3.4.48,W4300004437,2004,closed,closed,Morality Policy and Unintended Consequences: China's “One-Child” Policy
identified_core,closed,,W2417780727,1993,closed,closed,Changes in the determinants of fertility in Korea: analyses of pregnancy intervals and outcomes.
identified_core,closed,,W148974328,1989,closed,closed,Fertility decline and gender preference--an experience of Kerala.
identified_core,closed,https://doi.org/10.1177/036319908400900306,W2008539484,1984,closed,closed,"Sex of Offspring and Fertility in South Asia: Demographic Variance and Decision Procedures in ""Joint Family"" Households"
identified_core,closed,,W20739540,1975,closed,closed,Child Traits and the Choice of Family Size.
identified_core,closed,https://doi.org/10.1162/rest.a.1695,W7127598728,2026,closed,closed,The Limits and Consequences of Population Policy: Evidence from China's Wan Xi Shao Campaign
identified_core,closed,https://doi.org/10.18356/26178419-33-1-9,W7167468429,2026,closed,closed,Fertility behaviour and son preference in the punjab province of Pakistan: evidence from a multiple indicators cluster s
identified_core,closed,,W7142580442,2026,closed,closed,A Tale of Two Choices: Son Preference and Reproductive Outcomes in Uzbekistan
identified_core,closed,https://doi.org/10.1080/08898480.2026.2719608,W7203786786,2026,closed,closed,Sex ratio at last birth: an indicator of son preference
identified_core,closed,https://doi.org/10.1111/rode.70147,W7134164436,2026,closed,closed,Extreme Heat and Family Fertility Decisions: Evidence From Rural China
identified_core,closed,https://doi.org/10.1016/j.jce.2025.09.003,W4415631821,2025,closed,closed,The effects of female political participation on missing women: Evidence from the Egyptian protests of 2011–2014
identified_core,closed,,W7135442450,2025,closed,closed,"Child sex preferences in Estonia, Czechia and Finland"
identified_core,closed,https://doi.org/10.1080/00324728.2025.2523750,W4412591923,2025,closed,closed,Evaluating the impact on the sex ratio at birth of a Chinese pilot programme prohibiting prenatal sex selection
identified_core,closed,https://doi.org/10.1080/00220388.2025.2563841,W4414743804,2025,closed,closed,Confucianism and Imbalance in the Sex Ratio at Birth in Modern China
identified_core,closed,https://doi.org/10.1080/00036846.2025.2568236,W4414974497,2025,closed,closed,Mothers’ education and son preference: evidence from China’s compulsory schooling laws
identified_core,closed,https://doi.org/10.1177/15365042221114993,W4312798515,2022,closed,closed,Social Change and Selective Reproduction
identified_core,closed,,W3113013740,2020,closed,closed,Preference for Boys and Length of Birth Intervals in Pakistan [Préférence pour les garçons et durée des intervalles de n
identified_core,closed,,W3130604689,2020,closed,closed,Yixuan Li's Thesis of Three Chapters
identified_core,closed,https://doi.org/10.1515/bejeap-2019-0269,W3029735766,2020,closed,closed,Hi-tech Sexism? Evidence from Bangladesh
identified_core,closed,https://doi.org/10.70675/6a988a27z2fabz45f9z9121zc5346bc2661c,W7148891372,2019,closed,closed,Essays on Son Preference in Pakistan
identified_core,closed,,W2946570563,2018,closed,closed,"Essays on Women's Fertility, Education, and Female Labor Supply in Vietnam"
identified_core,closed,https://doi.org/10.14711/thesis-991012644468903412,W4238163302,2018,closed,closed,"Early-life adverse shocks, son preference and gender inequalities in later life : evidence from China's great famine"
identified_core,closed,https://doi.org/10.70675/f9128c05z422ez4941za2c9zd5ea61e91fae,W7148365785,2018,closed,closed,"Girls wanted : the influence of public policy on sex selection in South Korea, India and Vietnam"
identified_core,closed,https://doi.org/10.31228/osf.io/akg3p,W4231337800,2017,closed,closed,Sex-selective Abortion Bans are Not Associated with Changes in Sex Ratios at Birth in Illinois and Pennsylvania
identified_core,closed,,W2736242114,2016,closed,closed,The One-Child Policy on Timing of First Births and Prenatal Sex Selection in China
identified_core,closed,,W2418280547,2016,closed,closed,Traditional Agricultural Practices and Sex Ratios at Birth in Modern Times
identified_core,closed,,W7209505723,2015,closed,closed,"Asian Business Consortium, USA | ABC-JAR Page 8"
identified_core,closed,,W3123573910,2015,closed,closed,"?Missing girls? in the south Caucasus countries : trends, possible causes, and policy options"
identified_core,closed,https://doi.org/10.32469/10355/45904,W3022477743,2014,closed,closed,Essays on economics of microcredit and economics of fertility
identified_core,closed,,W3121218377,2014,closed,not_pdf_html_paywall,"Son preference, fertility and family structure : evidence from reproductive behavior among Nigerian women"
identified_core,closed,,W1569646446,2014,closed,closed,Gender discrimination and sequences of Birth History among Indian Mothers
identified_core,closed,https://doi.org/10.58837/chula.the.2014.1924,W4408821744,2014,closed,closed,SON PREFERENCE: SEX-SELECTIVE ABORTION AND DETERMINANTS OF SEX OF THE LAST BIRTH IN VIETNAM
identified_core,closed,,W564458462,2010,closed,closed,Empirical Essays on Development Economics in China
identified_core,closed,,W2349961415,2009,closed,closed,"The ""One-and-A-Half Child Policy"":An Analysis from the Perspective of Gender and Social Policy"
identified_core,closed,https://doi.org/10.3410/f.1159244.619577,W4213234254,2009,closed,closed,"Faculty Opinions recommendation of China's excess males, sex selective abortion, and one child policy: analysis of data "
identified_core,closed,https://doi.org/10.1353/hub.2009.a270419,W4379531318,2009,closed,closed,The Sex Composition of Two-Children Families: Heterogeneity and Selection for the Third Child: Comment on Stansfield and
identified_core,closed,,W2605355777,2009,closed,closed,Child Gender Preferences and the Possible Effect onReproductive Behaviour
identified_core,closed,https://doi.org/10.1177/097152150701500106,W2020317097,2008,closed,closed,Beyond the Numbers
identified_core,closed,,W2095844317,2007,closed,closed,Missing Women More and More: Sex-Selective Abortion Increases Boys Born but Decreases Girls Dying in Taiwan
identified_core,closed,,W2388271493,2006,closed,closed,Research on the Mechanism of High Sex Ratio at Birth in Rural of China
identified_core,closed,,W283808830,2005,closed,closed,Changing reproductive patterns in rural China : The influence of policy and gender
identified_core,closed,,W2340242996,1997,closed,closed,"The dynamics of fertility decision-making among wives and their husbands in Chitwan, Nepal."
identified_core,closed,,W18623197,1987,closed,closed,[On preferences for sex of children among the Japanese].
identified_core,closed,,W1862236076,1983,closed,closed,Curbing population growth in Republic of Korea.
identified_core,closed,,W3155798307,1983,closed,closed,난관복원수술을 원하는 여성의 동기분석
identified_core,closed,https://doi.org/10.1108/caer-03-2022-0042/full/html?utm_source=repec&utm_medium=feed&utm_campaign=repec,W7110907381,,closed,closed,Does female off-farm employment affect fertility desire? Evidence from rural China
identified_core,closed,https://doi.org/10.1016/s0190-1281(04)23012-8.html?utm_source=repec&utm_medium=feed&utm_campaign=repec,W7136711990,,closed,closed,MATERNAL NUTRITION AND SEX RATIO AT BIRTH IN ETHIOPIA
associational,oa_but_blocked,https://doi.org/10.1136/bmj.b1211,W2088444434,2009,hybrid,associational_not_attempted,"China's excess males, sex selective abortion, and one child policy: analysis of data from 2005 national intercensus surv"
associational,oa_but_blocked,https://doi.org/10.1111/j.1728-4457.2009.00285.x,W1965283229,2009,green,associational_not_attempted,Evidence for an Incipient Decline in Numbers of Missing Girls in China and India
associational,oa_but_blocked,https://doi.org/10.2307/3088947,W2023181694,2002,green,associational_not_attempted,Emerging Parental Gender Indifference? Sex Composition of Children and the Third Birth
associational,oa_but_blocked,,W2097084011,2000,green,associational_not_attempted,Gender Preferences for Children in Europe
associational,oa_but_blocked,https://doi.org/10.1353/dem.0.0110,W1969182143,2010,green,associational_not_attempted,Son targeting fertility behavior: Some consequences and determinants
associational,oa_but_blocked,https://doi.org/10.30541/v35i1pp.1-22,W2169832680,1996,diamond,associational_not_attempted,Factors Affecting Contraceptive Use in Pakistan
associational,oa_but_blocked,https://doi.org/10.1111/j.0022-2445.2004.00086.x,W2059106092,2004,bronze,associational_not_attempted,New ideas and fertility limitation: The role of mass media
associational,oa_but_blocked,https://doi.org/10.1363/3817812,W2045322308,2012,bronze,associational_not_attempted,The Desire for Sons and Excess Fertility: A Household-Level Analysis of Parity Progression in India
associational,oa_but_blocked,https://doi.org/10.4054/demres.2010.23.36,W2029485301,2010,diamond,associational_not_attempted,Variations in attitudinal gender preferences for children across 50 less-developed countries
associational,oa_but_blocked,https://doi.org/10.1080/13691050802061665,W1997144277,2008,green,associational_not_attempted,"‘Too many girls, too much dowry’: son preference and daughter aversion in rural Tamil Nadu, India"
associational,oa_but_blocked,https://doi.org/10.1080/00324720903497081,W2168865963,2010,green,associational_not_attempted,Preferences for the sex-composition of children in Europe: A multilevel examination of its effect on progression to a th
associational,oa_but_blocked,,W2270550857,1997,green,associational_not_attempted,Son preference and its effect on fertility in India.
associational,oa_but_blocked,https://doi.org/10.1353/dem.0.0089,W2147631427,2010,green,associational_not_attempted,Education and gender bias in the sex ratio at birth: Evidence from India
associational,oa_but_blocked,,W2138380677,1998,green,associational_not_attempted,Intensifying masculinity of sex ratios in India : new evidence 1981-1991
associational,oa_but_blocked,https://doi.org/10.1136/bmjgh-2021-005438,W3162357794,2021,gold,associational_not_attempted,Recent sex ratio at birth in China
associational,oa_but_blocked,https://doi.org/10.1186/1742-4755-11-15,W2110007679,2014,gold,associational_not_attempted,Effect of gender preference on fertility: cross-sectional study among women of Tharu community from rural area of easter
associational,oa_but_blocked,https://doi.org/10.1186/1471-2458-11-782,W2084326277,2011,gold,associational_not_attempted,Determinants of fertility in rural Ethiopia: the case of Butajira Demographic Surveillance System (DSS)
associational,oa_but_blocked,https://doi.org/10.1007/s13524-016-0455-0,W1495309222,2016,bronze,associational_not_attempted,"Son Preference, Fertility Decline, and the Nonmissing Girls of Turkey"
associational,oa_but_blocked,https://doi.org/10.1007/s13524-014-0314-9,W2034509413,2014,bronze,associational_not_attempted,The Determinants of Low Fertility in India
associational,oa_but_blocked,https://doi.org/10.3390/ijerph17093221,W3021087142,2020,gold,associational_not_attempted,Son Preference and the Reproductive Behavior of Rural-Urban Migrant Women of Childbearing Age in China: Empirical Eviden
associational,oa_but_blocked,https://doi.org/10.1007/s11113-016-9405-1,W2464805226,2016,hybrid,associational_not_attempted,Old Habits Die Hard? Lingering Son Preference in an Era of Normalizing Sex Ratios at Birth in South Korea
associational,oa_but_blocked,https://doi.org/10.1596/1813-9450-4373,W1863866150,2007,green,associational_not_attempted,"Why Is Son Preference Declining In South Korea ? The Role Of Development And Public Policy, And The Implications For Chi"
associational,oa_but_blocked,https://doi.org/10.1016/s0968-8080(08)32412-4,W2093399547,2008,bronze,associational_not_attempted,Analysis of socio-political and health practices influencing sex ratio at birth in Viet Nam
associational,oa_but_blocked,https://doi.org/10.1080/00220388.2016.1241389,W1578217258,2016,green,associational_not_attempted,Sex-selective Abortions and Infant Mortality in India: The Role of Parents’ Stated Son Preference
associational,oa_but_blocked,https://doi.org/10.1371/journal.pone.0221526,W2969631645,2019,gold,associational_not_attempted,"Application of the Theory of Planned Behavior to couples' fertility decision-making in Inner Mongolia, China"
associational,oa_but_blocked,https://doi.org/10.1007/s11113-018-9462-8,W2791904786,2018,hybrid,associational_not_attempted,Parents’ Preferences for Sex of Children in Sweden: Attitudes and Outcomes
associational,oa_but_blocked,https://doi.org/10.17863/cam.5410,W1532408515,2004,green,associational_not_attempted,Religion and Fertility in India: The role of son preference and daughter aversion
associational,oa_but_blocked,,W1582471836,2000,green,associational_not_attempted,"Fertility, Education and Development: Further Evidence from India"
associational,oa_but_blocked,https://doi.org/10.1186/1742-4755-11-53,W2137029412,2014,gold,associational_not_attempted,Promoting family planning use after childbirth and desire to limit childbearing in Ethiopia
associational,oa_but_blocked,https://doi.org/10.2307/3654898,W2044705439,2004,bronze,associational_not_attempted,"Missing Girls in South Korea: Trends, Levels and Regional Variations"
associational,oa_but_blocked,https://doi.org/10.2139/ssrn.965551,W2272174282,2007,green,associational_not_attempted,Fertility Choices and Sex Selection in Asia: Analysis and Policy
associational,oa_but_blocked,https://doi.org/10.31899/pgy9.1085,W2531060907,2015,gold,associational_not_attempted,Evidence of son preference and resulting demographic and health outcomes in Pakistan
associational,oa_but_blocked,https://doi.org/10.1371/journal.pone.0167575,W2561987722,2016,gold,associational_not_attempted,"The Sex Ratio at Birth for 5,338,853 Deliveries in China from 2012 to 2015: A Facility-Based Study"
associational,oa_but_blocked,https://doi.org/10.1596/1813-9450-7236,W1874095407,2015,green,associational_not_attempted,"“Missing Girls” in the South Caucasus Countries: Trends, Possible Causes, and Policy Options"
associational,oa_but_blocked,https://doi.org/10.1371/journal.pone.0236673,W3015046758,2020,gold,associational_not_attempted,Probabilistic projection of the sex ratio at birth and missing female births by State and Union Territory in India
associational,oa_but_blocked,https://doi.org/10.1515/pophzn-2015-0004,W2566445401,2015,hybrid,associational_not_attempted,"Son Preference, Parity Progression and Contraceptive Use in South Asia"
associational,oa_but_blocked,https://doi.org/10.1155/2014/108236,W2106618928,2014,hybrid,associational_not_attempted,"Fertility Behaviour and Effect of Son Preference among the Muslims of Manipur, India"
associational,oa_but_blocked,https://doi.org/10.1155/2018/5970705,W2906124597,2018,hybrid,associational_not_attempted,Fertility Limiting Intention and Contraceptive Use among Currently Married Men in Nepal: Evidence from Nepal Demographic
associational,oa_but_blocked,https://doi.org/10.4103/0970-0218.45377,W1986130226,2009,gold,associational_not_attempted,Gender preference and its implications on reproductive behavior of mothers in a rural area of West Bengal
associational,oa_but_blocked,https://doi.org/10.1596/1813-9450-4716,W1517953678,2008,green,associational_not_attempted,"Development, Modernization, And Son Preference In Fertility Decisions"
associational,oa_but_blocked,https://doi.org/10.1016/j.rie.2020.04.001,W2981457975,2020,bronze,associational_not_attempted,Preference for boys and length of birth intervals in Pakistan
associational,oa_but_blocked,https://doi.org/10.4314/ahs.v15i1.21,W2114719204,2015,diamond,associational_not_attempted,Influence of gender preference and sex composition of surviving children on childbearing intention among high fertility 
associational,oa_but_blocked,https://doi.org/10.4314/eamj.v81i6.9179,W2104757850,2004,diamond,associational_not_attempted,Impact of child mortality and fertility preferences on fertility status in rural Ethiopia
associational,oa_but_blocked,https://doi.org/10.1215/00703370-9580703,W3214717454,2021,gold,associational_not_attempted,Birth Spacing and Fertility in the Presence of Son Preference and Sex-Selective Abortions: India's Experience Over Four 
associational,oa_but_blocked,https://doi.org/10.1002/jid.3618,W4205208878,2022,hybrid,associational_not_attempted,Changing patterns of son preference and fertility in Pakistan
associational,oa_but_blocked,https://doi.org/10.1136/bmjgh-2021-005516,W3192411944,2021,gold,associational_not_attempted,"Projecting sex imbalances at birth at global, regional and national levels from 2021 to 2100: scenario-based Bayesian pr"
associational,oa_but_blocked,https://doi.org/10.1353/jhr.2014.0009,W2053043490,2014,bronze,associational_not_attempted,Where There Is a Will: Fertility Behavior and Sex Bias in Large Families
associational,oa_but_blocked,https://doi.org/10.1257/app.20150576,W1497625654,2014,bronze,associational_not_attempted,Fertility Decline and Missing Women
associational,oa_but_blocked,,W17079734,2012,green,associational_not_attempted,Explaining the Skewed Child Sex Ratio in Rural India Revisiting the Landholding-Patriarchy Hypothesis
associational,oa_but_blocked,https://doi.org/10.12765/cpos-2021-02,W3146560872,2021,diamond,associational_not_attempted,Rural Small-Scale Women Farmers and Preference for Family Size in South-East Nigeria
associational,oa_but_blocked,https://doi.org/10.20947/s0102-3098a0041,W2808112090,2018,diamond,associational_not_attempted,Modelling the proximate determinants of fertility for Brazil: the advent of competing preferences
associational,oa_but_blocked,https://doi.org/10.1016/j.cegh.2020.04.005,W3016991181,2020,hybrid,associational_not_attempted,Sex composition and son preference in India and major states: Evidence from the National Family Health Survey-4 (2015-16
associational,oa_but_blocked,https://doi.org/10.1186/1471-2458-12-543,W2112838192,2012,gold,associational_not_attempted,"Adverse pregnancy outcomes in rural Maharashtra, India (2008–09): a retrospective cohort study"
associational,oa_but_blocked,https://doi.org/10.1136/bmjgh-2017-000675,W2883723920,2018,gold,associational_not_attempted,Is sex ratio at birth an appropriate measure of prenatal sex selection? Findings of a theoretical model and its applicat
associational,oa_but_blocked,,W1789623966,2011,green,associational_not_attempted,"Rethinking Son Preference: Gender, Population Dynamics and Social Change in the People's Republic of China"
associational,oa_but_blocked,https://doi.org/10.1111/sifp.12147,W3130578153,2021,hybrid,associational_not_attempted,Factors Influencing the Sex Ratio at Birth in India: A New Analysis based on Births Occurring between 2005 and 2016
associational,oa_but_blocked,https://doi.org/10.1186/s12978-023-01677-x,W4386709748,2023,gold,associational_not_attempted,Gender roles perceptions and ideal number of children: case study of Emirati youth
associational,oa_but_blocked,,W2181492695,2013,green,associational_not_attempted,Masculinization of births in Eastern Europe
associational,oa_but_blocked,https://doi.org/10.1007/s42379-024-00151-w,W4398133391,2024,hybrid,associational_not_attempted,Changes of sex ratio at birth and son preferences in China: a mixed method study
associational,oa_but_blocked,https://doi.org/10.1215/00703370-9429479,W3196665937,2021,gold,associational_not_attempted,Investigating the Structure of Son Bias in Armenia With Novel Measures of Individual Preferences
associational,oa_but_blocked,https://doi.org/10.1007/s42379-023-00146-z,W4389996610,2023,hybrid,associational_not_attempted,"Economic resources, childcare services, and son preference: a conjoint analysis of fertility potential in China"
associational,oa_but_blocked,https://doi.org/10.1186/s12978-023-01619-7,W4378175106,2023,gold,associational_not_attempted,Impact of Sumadhur intervention on fertility and family planning decision-making norms: a mixed methods study
associational,oa_but_blocked,https://doi.org/10.22459/gdld.2018,W2905191590,2018,bronze,associational_not_attempted,"Global Debates, Local Dilemmas: Sex-selective Abortion in Contemporary Viet Nam"
associational,oa_but_blocked,https://doi.org/10.36108/njsa/8002/60(0170),W2777424700,2008,bronze,associational_not_attempted,"Prevalence and Consequences of Ewu-ukwu Custom in Mbaise, Imo State, Nigeria"
associational,oa_but_blocked,https://doi.org/10.1371/journal.pone.0276595,W4308194028,2022,gold,associational_not_attempted,Unrealized fertility among women in low and middle-income countries
associational,oa_but_blocked,https://doi.org/10.1017/s0021932019000221,W2945224747,2019,green,associational_not_attempted,What has contributed to improvements in the child sex ratio in select districts of India? A decomposition of the sex rat
associational,oa_but_blocked,https://doi.org/10.5539/ijsp.v8n6p91,W2991653462,2019,diamond,associational_not_attempted,"Sex Preference, Religion and Ethnicity Roles in Fertility Among Women of Childbearing Age in Nigeria: Examining the Link"
associational,oa_but_blocked,https://doi.org/10.1596/1813-9450-5096,W3121752839,2009,gold,associational_not_attempted,Missing Women And India's Religious Demography
associational,oa_but_blocked,https://doi.org/10.3961/jpmph.2009.42.2.143,W2011796412,2009,gold,associational_not_attempted,"Trends in Sex Ratio at Birth according to Parental Social Positions: Results from Vital Statistics Birth, 1981-2004 in K"
associational,oa_but_blocked,https://doi.org/10.1783/0000000052972762,W2139469717,2005,bronze,associational_not_attempted,Female sterilisation in rural Bihar: what are the acceptor characteristics?
associational,oa_but_blocked,https://doi.org/10.1214/20-aoas1436,W3035007623,2021,green,associational_not_attempted,Global estimation and scenario-based projections of sex ratio at birth and missing female births using a Bayesian hierar
associational,oa_but_blocked,https://doi.org/10.1080/00220388.2019.1618452,W2947701174,2019,green,associational_not_attempted,"Conspicuous Daughters: Exogamy, Marriage Expenditures, and Son Preference in India"
associational,oa_but_blocked,https://doi.org/10.1111/kykl.12298,W4221015355,2022,hybrid,associational_not_attempted,Intentions for a third child: The role of parental sex composition preferences
associational,oa_but_blocked,https://doi.org/10.18203/2394-6040.ijcmph20175354,W2770293925,2017,diamond,associational_not_attempted,Fertility behaviour and contraceptive use in urban slums of district Gorakhpur
associational,oa_but_blocked,,W2140096063,2013,green,associational_not_attempted,Socioeconomic Correlates of Contraceptive Use among the Ethnic Tribal Women of Bangladesh: Does Sex Preference Matter?
associational,oa_but_blocked,https://doi.org/10.1111/j.1746-1049.2009.00082.x,W2138927700,2009,bronze,associational_not_attempted,EXPLORING THE IMPORTANCE OF EXCESS FEMALE MORTALITY AND DISCRIMINATION IN “NATALITY” IN EXPLAINING THE “LOWNESS” OF THE 
associational,oa_but_blocked,https://doi.org/10.18502/jfrh.v14i4.5207,W3124407484,2021,diamond,associational_not_attempted,Sex-Composition of Living Children and Women’s Fertility Desire in Vietnam
associational,oa_but_blocked,https://doi.org/10.1371/journal.pone.0251588,W3175312738,2021,gold,associational_not_attempted,Sex ratios at birth in Australia according to mother’s country of birth: A national study of all 5 614 847 reported live
associational,oa_but_blocked,https://doi.org/10.1186/s12884-020-03250-x,W3089120517,2020,gold,associational_not_attempted,Associated factors of pregnancy spacing among women of reproductive age Group in South of Iran: cross-sectional study
associational,oa_but_blocked,https://doi.org/10.22038/jmrh.2019.38096.1422,W2977644333,2019,green,associational_not_attempted,"Gender Preference and its Influence on Fertility Intention in the low-Fertility Context of Tehran, Iran"
associational,oa_but_blocked,,W2899265299,2018,green,associational_not_attempted,Determinants of Fertility Rate among Reproductive Age Women (15-49) in Gonji-Kollela District of the Amhara National Reg
associational,oa_but_blocked,https://doi.org/10.1177/0022022101032003004,W2148480644,2001,green,associational_not_attempted,Desire for Children in Turkmenistan and Azerbaijan
associational,oa_but_blocked,https://doi.org/10.1002/ajhb.24201,W4405949632,2024,bronze,associational_not_attempted,"Son Preference, Household Wealth Status, and Desire for More Children in the Context of Polygyny in Pakistan"
associational,oa_but_blocked,https://doi.org/10.12765/cpos-2014-18en,W1564682167,2014,green,associational_not_attempted,Son Preference in India: Shedding Light on the North-South Gradient
associational,oa_but_blocked,https://doi.org/10.3917/popu.801.0093,W2015579157,2008,bronze,associational_not_attempted,"L'économique, le social et le spatial. Les trois dimensions de la surmasculinité juvénile en Inde"
associational,oa_but_blocked,https://doi.org/10.4054/mpidr-wp-2006-011,W3124417450,2006,gold,associational_not_attempted,Fertility change in Egypt: from second to third birth
associational,oa_but_blocked,https://doi.org/10.4000/books.ifp.4522,W3092324838,2005,green,associational_not_attempted,7. Improving Girl Child Survival in Rural China: Research and Community Intervention Projects
associational,oa_but_blocked,https://doi.org/10.1002/ajhb.24205,W4405946556,2024,bronze,associational_not_attempted,"Son Preference, Modern Contraception, and Fertility Intention in the Context of Polygyny in Pakistan: Evidence From Demo"
associational,oa_but_blocked,https://doi.org/10.1371/journal.pgph.0001080,W4399381243,2024,gold,associational_not_attempted,Gender preference and fertility behavior among married women: A community based study from far western Nepal
associational,oa_but_blocked,https://doi.org/10.3390/ijerph182312560,W3215344669,2021,gold,associational_not_attempted,Factors Associated with Subsequent Childbirth between Marriage Years in Korea
associational,oa_but_blocked,,W2792648796,2018,green,associational_not_attempted,Will You Intermarry Me? : Determinants and Consequences of Immigrant-Native Intermarriage in Contemporary Nordic Setting
associational,oa_but_blocked,https://doi.org/10.17795/whb-38928,W2486887901,2016,diamond,associational_not_attempted,Factors Influencing the Desired Number of Children Among Married Women in the Reproductive Age and its Implications for 
associational,oa_but_blocked,https://doi.org/10.1155/2013/787149,W2071351154,2013,hybrid,associational_not_attempted,Fertility Decline in Rwanda: Is Gender Preference in the Way?
associational,oa_but_blocked,https://doi.org/10.31729/jnma.40,W201260531,2011,diamond,associational_not_attempted,Impact and Determinants of Gender Preference in Duhavi VDC of Eastern Nepal
associational,oa_but_blocked,https://doi.org/10.1080/00036841003636284,W2073564047,2010,green,associational_not_attempted,Factors influencing ‘missing girls’ in South Korea
associational,oa_but_blocked,https://doi.org/10.22004/ag.econ.294376,W2624886492,1996,green,associational_not_attempted,POVERTY AND THE POPULATION PROBLEM:EVIDENCE FROM BANGLADESH
associational,oa_but_blocked,https://doi.org/10.25911/5d690a6b93160,W2743232951,1990,green,associational_not_attempted,Reproductive preferences and subsequent behaviour : the Sri Lankan experience
associational,oa_but_blocked,https://doi.org/10.1016/j.actpsy.2026.106523,W7130952905,2026,gold,associational_not_attempted,Parental gender preferences and fertility ideals in China
associational,oa_but_blocked,https://doi.org/10.1007/s00148-025-01145-9,W7123363398,2026,hybrid,associational_not_attempted,Measures of son preference and the treatment of girls in India
associational,oa_but_blocked,https://doi.org/10.1186/s12884-023-05830-z,W4384407518,2023,gold,associational_not_attempted,Understanding feasibility and acceptability of implementation of linking delivery of family planning and infant vaccinat
associational,oa_but_blocked,https://doi.org/10.2139/ssrn.2342286,W2272778423,2013,green,associational_not_attempted,"Son Preference, Fertility Decline and the Future of the Sex Ratio at Birth"
associational,oa_but_blocked,,W1497877379,2012,green,associational_not_attempted,Diverging stories of son preference in South Asia: a comparison of India and Bangladesh
associational,oa_but_blocked,,W2249779801,2012,green,associational_not_attempted,Impact of Son Preference on Fertility Indices in Manipur
associational,oa_but_blocked,,W1583481259,1990,green,associational_not_attempted,Two Essays On the Economics of Marriage and Fertility
associational,oa_but_blocked,https://doi.org/10.25336/p63s30,W1844669336,1986,hybrid,associational_not_attempted,The Sex of previous children and subsequent fertility intention in India
associational,oa_but_blocked,https://doi.org/10.1371/journal.pone.0297658,W4399205657,2024,gold,associational_not_attempted,Children’s sex composition and modern contraceptive use among mothers in Bangladesh
associational,oa_but_blocked,https://doi.org/10.34035/jk.v11i2.430,W3042079860,2020,diamond,associational_not_attempted,KETIADAAN ANAK LAKI-LAKI: AKANKAH MENJADI FAKTOR PENGHALANG PEMAKAIAN KONTRASEPSI?
associational,oa_but_blocked,https://doi.org/10.9790/0837-02107032541,W2496402764,2016,bronze,associational_not_attempted,"Socio - Cultural Factors Influencing Fertility in MOROGORO District, Tanzania"
associational,oa_but_blocked,https://doi.org/10.18203/2320-1770.ijrcog20161659,W2418932829,2016,diamond,associational_not_attempted,A population-based study on correlates of abortion in India (1990-2006)
associational,oa_but_blocked,https://doi.org/10.31899/pgy9.1046,W2531978102,2015,gold,associational_not_attempted,Understanding factors influencing adverse sex ratios at birth in Bangladesh
associational,oa_but_blocked,https://doi.org/10.1007/s40980-024-00133-z,W4406218901,2025,hybrid,associational_not_attempted,"Patriarchy, Fertility and Excess Female Child Mortality in India"
associational,oa_but_blocked,https://doi.org/10.1007/s11113-024-09930-2,W4406112610,2025,hybrid,associational_not_attempted,Preference for Sons and Daughters in Developing Countries: When Does (Dis)agreement Between Spouses Come into Play?
associational,oa_but_blocked,https://doi.org/10.1186/s40834-024-00322-7,W4404836531,2024,gold,associational_not_attempted,"Modern contraceptive use among currently married non-pregnant women (aged 15–49 years) in West Bengal, India: a reflecti"
associational,oa_but_blocked,,W4200109403,2022,green,associational_not_attempted,"“But it’s not that they don’t love their girls”: gender equality, reproductive rights and sex-selective abortion in Brit"
associational,oa_but_blocked,https://doi.org/10.1111/muwo.12440,W4297310301,2022,bronze,associational_not_attempted,"Fertility Decline, Small Families, and Son Selection in the Arab World: The Controversial Convergence of Contraceptive a"
associational,oa_but_blocked,https://doi.org/10.32677/ijch.v8i10.3091,W3214636985,2021,diamond,associational_not_attempted,Child sex ratio - declining trend: Reasons and consequences
associational,oa_but_blocked,https://doi.org/10.17615/gr3n-0h60,W2545941555,2019,green,associational_not_attempted,The Transition to Low Fertility in Brazil
associational,oa_but_blocked,https://doi.org/10.4103/ijph.ijph_224_15,W2726652654,2017,gold,associational_not_attempted,"Determinants of child sex ratio in West and South Districts of Tripura, India"
associational,oa_but_blocked,https://doi.org/10.1016/s0140-6736(17)32038-x,W2740678389,2017,bronze,associational_not_attempted,The effect of son preference on Palestinian fertility
associational,oa_but_blocked,https://doi.org/10.31899/pgy9.1083,W4239599755,2015,gold,associational_not_attempted,Gender-biased sex selection in South Asia: The situation and promising approaches to restore balance
associational,oa_but_blocked,https://doi.org/10.3917/popu.1502.0295,W1783151362,2015,bronze,associational_not_attempted,Gender Relations and Contraceptive Practices of Palestinian Couples
associational,oa_but_blocked,,W2187784936,2012,green,associational_not_attempted,"Sex selection, son preference, and kinship structures in Viet Nam"
associational,oa_but_blocked,https://doi.org/10.2139/ssrn.1615833,W3121183794,2010,green,associational_not_attempted,"Sex Selective Abortions, Fertility and Birth Spacing"
associational,oa_but_blocked,,W2765130860,2005,green,associational_not_attempted,Prenatal Sex-Selective Abortion and High Sex Ratio at Birth in Rural China: A Case Study in Henan Province
associational,oa_but_blocked,https://doi.org/10.4000/books.ifp.4546,W3092015796,2005,green,associational_not_attempted,9. Changing Trends and Regional Differentials in Sex Ratio at Birth in Korea: Revisited and Revised
associational,oa_but_blocked,https://doi.org/10.1371/journal.pone.0331265,W4413924671,2025,gold,associational_not_attempted,Factors associated with unrealized fertility among women approaching the end of reproductive age in sub-Saharan Africa
associational,oa_but_blocked,https://doi.org/10.21203/rs.3.rs-5279176/v1,W4403870951,2024,green,associational_not_attempted,"Abortion Legalization, Son Preference, and Intensified Sex Selection in Nepal"
associational,oa_but_blocked,https://doi.org/10.1007/s10815-024-03162-1,W4399938445,2024,hybrid,associational_not_attempted,Best quality vs. sex selection – an analysis of embryo selection preferences for patients undergoing preimplantation gen
associational,oa_but_blocked,https://doi.org/10.55433/gsbd.178.,W4387619439,2023,hybrid,associational_not_attempted,THE EFFECT OF GENDER ROLE ATTITUDES ON THE NUMBER OF CHILDREN AND CHILD GENDER PREFERENCE
associational,oa_but_blocked,https://doi.org/10.1111/rode.13024,W4382699140,2023,bronze,associational_not_attempted,From cultivation to culture: Wheat farming and sex selection in China
associational,oa_but_blocked,https://doi.org/10.3329/ijss.v23i2.70133,W4389205393,2023,hybrid,associational_not_attempted,Influence of Sex Preference on Demand for a Child in Bangladesh
associational,oa_but_blocked,https://doi.org/10.1215/00703370-9968420,W4280513613,2022,gold,associational_not_attempted,"Learning to Value Girls: Balanced Infant Sex Ratios at Higher Parental Education in the United States, 1969–2018"
associational,oa_but_blocked,https://doi.org/10.1016/j.rbms.2021.11.005,W4200257429,2021,hybrid,associational_not_attempted,"Conceptualizing aged reproduction: genetic connectedness, son preference and assisted reproduction in North India"
associational,oa_but_blocked,https://doi.org/10.21032/jhis.2021.46.1.117,W3135624020,2021,diamond,associational_not_attempted,"Secular Trends in Sex Ratio at Birth by Birth Order in South Korea, 1981–2017"
associational,oa_but_blocked,https://doi.org/10.11604/pamj-cm.2020.3.1.22024,W3033807732,2020,green,associational_not_attempted,Spousal influence on son preference among antenatal attendees in a developing nation with limited prenatal sex-detection
associational,oa_but_blocked,https://doi.org/10.1177/0972558x20913701,W3015528765,2020,bronze,associational_not_attempted,"Culture and Demography: A Micro Level Study Between Two Communities Residing in the City of Kolkata, West Bengal"
associational,oa_but_blocked,https://doi.org/10.5287/ora-4rgognbe9,W2953462346,2018,green,associational_not_attempted,Marriage and fertility in China and Japan
associational,oa_but_blocked,https://doi.org/10.21474/ijar01/4304,W2637745948,2017,hybrid,associational_not_attempted,DISAPPEARING DAUGHTERS AND SON PREFERENCE IN INDIA – ISSUES AND CHALLENGES IN THE PRESENT SCENARIO.
associational,oa_but_blocked,https://doi.org/10.1007/bf03500919,W2982330487,2017,hybrid,associational_not_attempted,Effect of Sex Composition of Children on the Gender of Next Birth in the Context of Low Fertility in Rural China
associational,oa_but_blocked,,W4318346024,2017,green,associational_not_attempted,Ideal first birth interval: A study of pre-marriage Youths
associational,oa_but_blocked,https://doi.org/10.46568/pjgs.v12i1.197,W3039800187,2016,diamond,associational_not_attempted,Determinants Of Fertility And Fertility Preferences In Pakistan: Comparative Secondary Analysis Of PDHS 2007-2013
associational,oa_but_blocked,https://doi.org/10.17037/pubs.02242003,W961512091,2015,green,associational_not_attempted,Reproduction within different population policy environments in rural China 1979-2000
associational,oa_but_blocked,https://doi.org/10.18203/2320-1770.ijrcog20151301,W2264252200,2015,diamond,associational_not_attempted,"Demographic masculinisation with increasing parity and out look of sex preference in Bundelkhand region, India"
associational,oa_but_blocked,https://doi.org/10.25336/p6tk6k,W1768178949,2011,hybrid,associational_not_attempted,"Interactions of socioeconomic determinants, offspring sex preference, and fertility behaviour"
associational,oa_but_blocked,,W106021070,2011,green,associational_not_attempted,Fertility and the economic value of children : evidence from Nepal
associational,oa_but_blocked,https://doi.org/10.17037/pubs.04646544,W2795747298,2011,green,associational_not_attempted,Marriage postponement and fertility decline in Iran: accounting for socio-economic and cultural changes in time and spac
associational,oa_but_blocked,,W2725504358,2006,green,associational_not_attempted,Gender Bias in Sex Ratio at Birth: The Case of India
associational,oa_but_blocked,https://doi.org/10.4000/books.ifp.4504,W3092348914,2005,green,associational_not_attempted,"4. Child Sex Ratio Imbalance, Fertility Behaviour and Development in India: Recent Evidence from Haryana and Punjab"
associational,oa_but_blocked,,W130570204,2004,green,associational_not_attempted,"Chinese women in Italy--menarche, pregnancy and maternity."
associational,oa_but_blocked,https://doi.org/10.25911/5d70ed9370b11,W2737141159,1993,green,associational_not_attempted,Current and desired fertility : reflections on fertility decline in China
associational,oa_but_blocked,https://doi.org/10.25911/5d67b8d9d2310,W2754007351,1980,green,associational_not_attempted,"Fertility values of children and parents in peninsular Malaysia : a cross-cultural study of Malays, Chinese, and Indians"
associational,oa_but_blocked,https://doi.org/10.3897/popecon.10.e107362,W7143737436,2026,diamond,associational_not_attempted,Fertility Patterns and Differential in India
associational,oa_but_blocked,https://doi.org/10.29063/ajrh2026/v30i2.2,W7125695763,2026,diamond,associational_not_attempted,Unveiling youth fertility aspirations: The role of gender attitudes in sub-Saharan Africa
associational,oa_but_blocked,https://doi.org/10.25133/jpssv332025.046,W4406333947,2025,diamond,associational_not_attempted,"Vietnam’s Missing Female Births: Insights from Geographical Differences, Trends, and Cultural Preferences"
associational,oa_but_blocked,https://doi.org/10.1038/s41598-024-81137-z,W4405842938,2024,gold,associational_not_attempted,Changes in sex composition of births across regions and subgroups in India from an analysis of birth histories from Nati
associational,oa_but_blocked,https://doi.org/10.31235/osf.io/zafgj,W4365814358,2023,gold,associational_not_attempted,Sex Selection for Daughters: Demographic Consequences of Female-biased Sex Ratios
associational,oa_but_blocked,https://doi.org/10.3897/arphapreprints.e107414,W4379389432,2023,gold,associational_not_attempted,Fertility patterns and differential in India
associational,oa_but_blocked,https://doi.org/10.1553/0x003e7385,W4386401447,2023,gold,associational_not_attempted,"CORESIDING WITH PARENTS, SON PREFERENCE, AND WOMEN’S DESIRE FOR ADDITIONAL CHILDREN IN VIETNAM"
associational,oa_but_blocked,https://doi.org/10.3897/arphapreprints.e101097,W4319598591,2023,gold,associational_not_attempted,Fertility Pattern and Differential in India
associational,oa_but_blocked,https://doi.org/10.36922/ijps.v8i2.332,W4311364180,2022,hybrid,associational_not_attempted,Levels and trends estimate of sex ratio at birth for seven provinces of Pakistan from 1980 to 2020 with scenario-based p
associational,oa_but_blocked,https://doi.org/10.3390/genealogy6010005,W4206382612,2022,gold,associational_not_attempted,Gender Inequalities and Sex-Differential Mortality in Pre-War Greece: A Regional Perspective
associational,oa_but_blocked,https://doi.org/10.35188/unu-wider/2022/222-5,W4293217079,2022,bronze,associational_not_attempted,Gender preference at birth: A new measure for son preference based on stated preferences and observed measures of parent
associational,oa_but_blocked,https://doi.org/10.14203/jki.v16i1.598,W3214504508,2021,diamond,associational_not_attempted,"Komposisi jenis kelamin anak, program Keluarga Berencana dan fertilitas"
associational,oa_but_blocked,https://doi.org/10.31235/osf.io/zps2m,W3135735373,2021,gold,associational_not_attempted,"Projecting sex imbalances at birth at global, regional, and national levels from 2021 to 2100: scenario-based Bayesian p"
associational,oa_but_blocked,https://doi.org/10.24818/18423264/55.3.21.11,W3199121511,2021,diamond,associational_not_attempted,Role of Gender Bias and Parental Education as Determinants of Couples’ Fertility Decisions in Pakistan: Bayesian Econome
associational,oa_but_blocked,https://doi.org/10.47203/ijch.2020.v32i04.025,W3132613800,2020,diamond,associational_not_attempted,Gender Discrimination and Sex-Ratio Imbalance: A Qualitative Analysis
associational,oa_but_blocked,https://doi.org/10.5539/ijsp.v8n6p88,W4229522112,2019,diamond,associational_not_attempted,"Sex Preference, Religion and Ethnicity Roles in Fertility Among Women of Childbearing Age in Nigeria: Examining the Link"
associational,oa_but_blocked,,W2980332776,2018,green,associational_not_attempted,"Drivers to have more children in the pastoralist communities of Afar, Ethiopia: an explorative qualitative study"
associational,oa_but_blocked,https://doi.org/10.21276/aimdr.2018.4.3.cm3,W2803840362,2018,diamond,associational_not_attempted,Sex Preference and Fertility Behaviour in Manipur: A North-Eastern State of India
associational,oa_but_blocked,https://doi.org/10.2139/ssrn.2940607,W2903972245,2017,green,associational_not_attempted,Did the Great Recession Affect Sex Ratios at Birth for Groups with a Son Preference?
associational,oa_but_blocked,https://doi.org/10.9790/0837-2205074853,W2618927350,2017,bronze,associational_not_attempted,Fertility Indicators with Hill-Valley Variations in Manipur
associational,oa_but_blocked,,W2611645883,2016,green,associational_not_attempted,the Effect of Sex Preference to the Desire to Have Another Children in Indonesia
associational,oa_but_blocked,,W2308143328,2015,green,associational_not_attempted,Mapping gender preferences and sex imbalances in Indonesia
associational,oa_but_blocked,,W2624508637,2015,green,associational_not_attempted,GENDER PREFERENCE AND FERTILITY INTENTIONS AMONGST REPRODUCTIVE AGEFEMALES IN AN URBAN AREA OF DISTRICT ROHTAK (HARYANA)
associational,oa_but_blocked,,W2245017698,2013,green,associational_not_attempted,Determinants of desire for children: a multinomial logistic regression approach
associational,oa_but_blocked,https://doi.org/10.9790/0837-0152329,W2325944837,2012,bronze,associational_not_attempted,Fertility Transition through Four Generations and Determinants of Third Birth in Manipur
associational,oa_but_blocked,,W2601122872,2012,green,associational_not_attempted,"Sex-Selective Abortions, Gender Discrimination in Child Health and Nutrition, and Marriage Patterns: Empirical Evidence "
associational,oa_but_blocked,,W2291848889,2011,green,associational_not_attempted,"Factors influencing contraceptives use among grandmultipara in Ile-Ife, Nigeria"
associational,oa_but_blocked,https://doi.org/10.65463/jstat.2011.115,W7201964237,2011,diamond,associational_not_attempted,Factors Affecting the Family Size in Pakistan: Cloglog Regression Model Analysis
associational,oa_but_blocked,,W112605617,2011,green,associational_not_attempted,Identification of Factors Influencing Third Birth Transition in Manipur
associational,oa_but_blocked,https://doi.org/10.1596/4507,W2176507579,2009,green,associational_not_attempted,"Development, Modernization, and Childbearing"
associational,oa_but_blocked,https://doi.org/10.3101/1098-7096-70.1.56,W4254918361,2009,green,associational_not_attempted,Human Sex Ratio and Family Size for a Selected Sample from the India Population in 2007–2008
associational,oa_but_blocked,,W2140059466,2006,green,associational_not_attempted,Intercultural Marriage and Its Impact on Fertility in Taiwan
associational,oa_but_blocked,https://doi.org/10.4000/books.ifp.4519,W3091809488,2005,green,associational_not_attempted,6. Gender Discriminations at Early Stages of Life in China: Evidence from 1990 and 2000 Population Censuses
associational,oa_but_blocked,https://doi.org/10.4000/books.ifp.4561,W3092408502,2005,green,associational_not_attempted,"11. Son Preference in Pakistan: Its Effects on Sex Ratio, Preferential Treatment of Boys and Sex Differentials in Infant"
associational,oa_but_blocked,https://doi.org/10.22004/ag.econ.105583,W3122118354,2003,green,associational_not_attempted,"Family Size, Economics and Child Gender Preference: A Case Study in the Nyeri District of Kenya"
associational,oa_but_blocked,https://doi.org/10.5281/zenodo.20488323,W7163051028,2026,green,associational_not_attempted,"Reproductive Health-Seeking Behaviour Among Oraon Women in Purulia and Paschim Medinipur Districts, West Bengal: A Quali"
associational,oa_but_blocked,https://doi.org/10.3126/ijar.v4i1.98347,W7172502257,2026,diamond,associational_not_attempted,"Sex Preference and Fertility in Myanglung Municipality, Tehrathum, Nepal"
associational,oa_but_blocked,https://doi.org/10.1186/s41182-026-00986-8,W7163890219,2026,gold,associational_not_attempted,Gender bias in fertility choices: how son preference increases the risk of short birth intervals in India
associational,oa_but_blocked,https://doi.org/10.5281/zenodo.20488322,W7163018068,2026,green,associational_not_attempted,"Reproductive Health-Seeking Behaviour Among Oraon Women in Purulia and Paschim Medinipur Districts, West Bengal: A Quali"
associational,oa_but_blocked,https://doi.org/10.1186/s41182-026-01007-4,W7167021790,2026,gold,associational_not_attempted,Patriarchal norms and reproductive vulnerability: association between son preference and high-risk fertility behaviour i
associational,oa_but_blocked,https://doi.org/10.1057/s41599-026-07692-0,W7161567350,2026,gold,associational_not_attempted,"Housing expenditure pressure, gender preference and subsequent fertility intentions of young female migrants: evidence f"
associational,oa_but_blocked,https://doi.org/10.14419/4b94kh21,W7126386202,2026,diamond,associational_not_attempted,A Statistical Analysis of Son Preference among Scheduled Tribe and Non-Scheduled Tribe Groups in Kokrajhar District of A
associational,oa_but_blocked,,W7169706310,2026,green,associational_not_attempted,"Essays on Development Economics, Environmental Economics, and Political Economy"
associational,oa_but_blocked,https://doi.org/10.53941/gssd.2026.100024,W7202080607,2026,hybrid,associational_not_attempted,Exploring the Effects of Sex Composition of Living Children on Contraceptive Use among Tribal Women in India: A Regional
associational,oa_but_blocked,https://doi.org/10.18203/2320-1770.ijrcog20262080,W7166166613,2026,diamond,associational_not_attempted,"Partner characteristics, fertility preferences and contraceptive use among married women in Nigeria"
associational,oa_but_blocked,,W7166418344,2026,green,associational_not_attempted,Uncovering Son Preference Cultures from Migrants under Endogenous Destination Selection
associational,oa_but_blocked,https://doi.org/10.1057/s41599-025-06448-6,W7118188260,2026,gold,associational_not_attempted,The impact of women’s non-farm employment on child quantity and quality
associational,oa_but_blocked,https://doi.org/10.64898/2026.09.20.26363531,W7214055002,2026,green,associational_not_attempted,Barriers and incentives in the uptake of family planning services: Evidence from the Universal Access to Quality Contrac
associational,oa_but_blocked,https://doi.org/10.3126/mmcrj.v5i1.97563,W7170614433,2026,bronze,associational_not_attempted,Changing Scenario of Sex Ratio at Birth and Its Future Implications in Nepal
associational,oa_but_blocked,https://doi.org/10.36713/epra28169,W7163328127,2026,diamond,associational_not_attempted,DETERMINANTS OF FERTILITY BEHAVIOUR AND SON PREFERENCE AMONG WOMEN IN ODISHA: EVIDENCE FROM NFHS-5 (2019-21)
associational,oa_but_blocked,https://doi.org/10.1136/bmjopen-2025-101296,W4415279753,2025,gold,associational_not_attempted,Retrospective study on the ‘sex ratio at birth’ in Western Sydney Local Health District between 2011 and 2020
associational,oa_but_blocked,https://doi.org/10.18203/2394-6040.ijcmph20254029,W4416821038,2025,diamond,associational_not_attempted,Missing daughters? A 6-year village-level study of sex ratio trends at birth and its correlation with MTP and abortion i
associational,oa_but_blocked,https://doi.org/10.3917/e.popu.2501.0041,W7140479832,2025,diamond,associational_not_attempted,The Impact of Sex Preference for Children on Birth Spacing and Differential Stopping Behaviour in Afghanistan
associational,oa_but_blocked,https://doi.org/10.2139/ssrn.5153975,W4409890011,2025,green,associational_not_attempted,"Abortion Legalization, Son Preference, and Intensified Sex Selection in Nepal"
associational,oa_but_blocked,https://doi.org/10.3126/ej.v4i2.88519,W7117702572,2025,bronze,associational_not_attempted,"Differentials in Ever Use of Contraceptive Methods among the Danuwar Community of Lalitpur, Nepal"
associational,oa_but_blocked,,W7126831674,2025,green,associational_not_attempted,Sex ratio imbalance and economic development in China:a feminist economics perspective
associational,oa_but_blocked,https://doi.org/10.3126/shaheedsmriti.v14i12.91421,W7134954660,2025,bronze,associational_not_attempted,The Son Preference Paradox: A Qualitative Study on its Influence on Family Planning Decisions in Khairahani Municipality
associational,oa_but_blocked,https://doi.org/10.21276/apjhs.2025.12.3.02,W4413066435,2025,diamond,associational_not_attempted,Study on Determinants of gender preference and use of family planning methods among married women of the reproductive ag
associational,oa_but_blocked,https://doi.org/10.7256/2585-7797.2025.4.76290,W7118862406,2025,diamond,associational_not_attempted,Variation in the sex ratio of children as an indicator of parental preference for sons in the Urals and the Volga region
associational,oa_but_blocked,https://doi.org/10.4103/ijnmr.ijnmr_267_23,W4408276115,2025,gold,associational_not_attempted,"Predictors of Fertility Intention in Parents with Educable Intellectually Disabled Children in Isfahan, Iran"
associational,oa_but_blocked,https://doi.org/10.12797/politeja.22.2025.95.10,W4411284104,2025,diamond,associational_not_attempted,(Un)wanted Female Offspring
associational,oa_but_blocked,https://doi.org/10.55248/gengpi.6.0625.2255,W4411730876,2025,bronze,associational_not_attempted,Gender Imbalance in Karnataka’s Sex Ratio at Birth: A Regional Perspective
associational,oa_but_blocked,https://doi.org/10.3886/e113674v1-192629,W7109753182,2025,green,associational_not_attempted,Replication data for: Fertility Decline and Missing Women
associational,oa_but_blocked,https://doi.org/10.1007/s11113-025-09974-y,W4415468863,2025,hybrid,associational_not_attempted,Evidence of Decreasing Prenatal Sex-Selection Practice in a Context of Liberal Abortion Rights
associational,oa_but_blocked,https://doi.org/10.3917/popu.2501.0041,W4415588741,2025,diamond,associational_not_attempted,Effet de la préférence pour les garçons sur l’espacement des naissances et sur le comportement d’arrêt différentiel de l
associational,oa_but_blocked,,W7111905362,2025,green,associational_not_attempted,Essays in gender economics
associational,oa_but_blocked,https://doi.org/10.21203/rs.3.rs-7441721/v1,W4415443644,2025,green,associational_not_attempted,The Effects of Housing Expenditure Pressure and Gender Preference on the Reproduction Willingness for Young Female Migra
associational,oa_but_blocked,https://doi.org/10.51732/njssh.v11i2.275,W7133227686,2025,diamond,associational_not_attempted,Son Preference and the Desire for an Additional Child in Pakistan
associational,oa_but_blocked,https://doi.org/10.1080/13691058.2025.2591398,W4416765691,2025,hybrid,associational_not_attempted,Between legacy and change: second-child fertility intentions among Chinese mothers in the post-one-child era
associational,oa_but_blocked,https://doi.org/10.55942/pssj.v4i6,W4399722035,2024,diamond,associational_not_attempted,
associational,oa_but_blocked,https://doi.org/10.6082/xhk8z-ntw78,W7163024329,2024,green,associational_not_attempted,Fertility Preferences and Fertility Outcomes in China: A Two-way Causal Analysis
associational,oa_but_blocked,https://doi.org/10.59670/ml.v21is6.8588,W4392634703,2024,diamond,associational_not_attempted,Assessing Fertility Behaviours In Manipur: Examining The 'Hills'-'Plains' Dichotomy
associational,oa_but_blocked,https://doi.org/10.1177/23780231241244598,W4395016519,2024,gold,associational_not_attempted,Religious Affiliation and Fertility in Vietnam: Exploring Desire for Additional Children and Actual Fertility
associational,oa_but_blocked,https://doi.org/10.55942/pssj.v4i6.313,W4399721973,2024,diamond,associational_not_attempted,"Determinants of KB duration and desired number of children among women of reproductive age in Banjarangkan District, Klu"
associational,oa_but_blocked,https://doi.org/10.3897/popecon.8.e118188,W4404768635,2024,diamond,associational_not_attempted,Socio-Economic and Demographic Determinants of Fertility in Azerbaijan: the Role of Son Preference
associational,oa_but_blocked,https://doi.org/10.4103/ijcm.ijcm_abstract383,W4396224037,2024,gold,associational_not_attempted,IJCM_383A: Sociodemographic and fertility profile of post-natal women attending tertiary care hospitals in Mangaluru: A 
associational,oa_but_blocked,https://doi.org/10.21093/mj.v23i2.6632,W4407381269,2024,diamond,associational_not_attempted,"Decision-Making in Family Planning: Women, Planned Children and Contraceptive Methods in Muslim Family"
associational,oa_but_blocked,https://doi.org/10.52403/gijhsr.20240210,W4396805637,2024,bronze,associational_not_attempted,Assessing Trends in Women's Reproductive Health and Family Planning in Haryana: Insights from NFHS-4 and NFHS-5
associational,oa_but_blocked,https://doi.org/10.2139/ssrn.4541204,W4386233712,2023,green,associational_not_attempted,"Violence, Son Preference and Fertility: Evidence From India"
associational,oa_but_blocked,https://doi.org/10.24036/ecosains.12290757.00,W4376562704,2023,hybrid,associational_not_attempted,Analisis Permintaan Anak pada Wanita Bekerja di Indonesia
associational,oa_but_blocked,https://doi.org/10.3917/edd.362.0023,W4376108793,2023,bronze,associational_not_attempted,"Avortements sélectifs, naissances instrumentales et la règle d’arrêt"
associational,oa_but_blocked,https://doi.org/10.31235/osf.io/7qxyp,W4205337729,2022,gold,associational_not_attempted,Patrilocality and Child Sex Ratios in India
associational,oa_but_blocked,https://doi.org/10.21522/tijar.2014.se.22.01.art003,W4285103748,2022,diamond,associational_not_attempted,"Predictors of Family Size Among Men in Urban Slums of Enugu, Southeast Nigeria: A Cross Sectional Study"
associational,oa_but_blocked,https://doi.org/10.1093/ije/dyab168.577,W3198571125,2021,bronze,associational_not_attempted,735Dynamics and Determinants of Birth Spacing in India
associational,oa_but_blocked,https://doi.org/10.5539/res.v13n2p1,W3148947956,2021,diamond,associational_not_attempted,Fertility Decrease and Son Preference Among the Educated Middle-Class in Kathmandu
associational,oa_but_blocked,https://doi.org/10.1080/01459740.2021.2002857,W3195467958,2021,hybrid,associational_not_attempted,"“But It’s Not That They Don’t Love Their Girls”: Gender Equality, Reproductive Rights and Sex-Selective Abortion in Brit"
associational,oa_but_blocked,,W3168230566,2021,green,associational_not_attempted,"Quality or Quantity: Family Size and Gender Preferences among Households in Rural and Urban Areas of Zamfara State, Nort"
associational,oa_but_blocked,https://doi.org/10.4324/9780429293467-10,W3129302276,2021,green,associational_not_attempted,"Confronting social inequality through fertility change in Punjab, Pakistan"
associational,oa_but_blocked,https://doi.org/10.12724/ajss.59.5,W4412997204,2021,diamond,associational_not_attempted,Family Planning Policies and Sex Selective Abortions in India: Does the former elevate the latter?
associational,oa_but_blocked,https://doi.org/10.12765/cpos-2021-11,W3192376565,2021,diamond,associational_not_attempted,Is There Evidence of Gender Preference for Offspring in France? Examining the Predilections of Native Women and Immigran
associational,oa_but_blocked,https://doi.org/10.29121/granthaalayah.v9.i11.2021.4382,W3216078548,2021,diamond,associational_not_attempted,"PREVALENCE, PATTERN, AND DETERMINANT OF SEX PREFERENCE IN INDIA: EVIDENCE FROM INDIA HUMAN DEVELOPMENT SURVEY-II (2011-1"
associational,oa_but_blocked,,W4226542571,2021,green,associational_not_attempted,Changing Patterns of Son Preference and Fertility in Pakistan
associational,oa_but_blocked,https://doi.org/10.6082/gh8rr-yqy69,W7163019688,2021,green,associational_not_attempted,Whether to have an extra child or not? An integrative approach to parents' reproductive decision-making in current China
associational,oa_but_blocked,https://doi.org/10.31235/osf.io/vhy86,W4236094313,2021,gold,associational_not_attempted,Skewed Child Sex Ratios in India: A Revisit to Geographical Patterns and Socio-economic correlates
associational,oa_but_blocked,https://doi.org/10.26181/15088485,W7134247097,2021,green,associational_not_attempted,Sex ratios at birth in Australia according to mother's country of birth: A national study of all 5 614 847 reported live
associational,oa_but_blocked,https://doi.org/10.2139/ssrn.3874558,W3184690497,2021,green,associational_not_attempted,"Financial Incentives, Fertility, and Son Preference in Armenia"
associational,oa_but_blocked,https://doi.org/10.26181/15088485.v1,W7134280208,2021,green,associational_not_attempted,Sex ratios at birth in Australia according to mother's country of birth: A national study of all 5 614 847 reported live
associational,oa_but_blocked,,W7146623757,2021,green,associational_not_attempted,中国都市部における既婚女性の出産意識とその影響要因:大連市での調査を中心に
associational,oa_but_blocked,https://doi.org/10.1017/s0021932021000171,W3162578699,2021,green,associational_not_attempted,Does the prenatal factor or the postnatal factor contribute more to changes in the child sex ratio in India? An investig
associational,oa_but_blocked,https://doi.org/10.36609/bjpa.v17i1.215,W3141076867,2021,diamond,associational_not_attempted,Sex-Preference For Children and Fertility Behaviour in Mid-Level Civil Servants of Bangladesh
associational,oa_but_blocked,https://doi.org/10.2139/ssrn.3540353,W3134281374,2020,green,associational_not_attempted,Birth Spacing and Fertility in the Presence of Son Preference and Sex-Selective Abortions: India's Experience Over Four 
associational,oa_but_blocked,https://doi.org/10.17615/6eep-4182,W4299576502,2020,green,associational_not_attempted,The Determinants of Low Fertility in India
associational,oa_but_blocked,https://doi.org/10.17615/cnr9-9124,W4376125705,2020,green,associational_not_attempted,In the Pursuit of Sons: Additional Births or Sex-Selective Abortion in Pakistan?: In the Pursuit of Sons
associational,oa_but_blocked,https://doi.org/10.25079/ukhjss.v4n1y2020.pp69-81,W3040494641,2020,diamond,associational_not_attempted,Socio-economic Development and Change in Sex-Ratio (at birth): Phase to re-examine it
associational,oa_but_blocked,https://doi.org/10.54530/jcmc.206,W3140832177,2020,diamond,associational_not_attempted,SEX PREFERENCE AND ITS ASSOCIATION WITH REPRODUCTIVE BEHAVIOR AMONG PREGNANT WOMEN ATTENDING ANTENATAL CLINIC IN A TEACH
associational,oa_but_blocked,https://doi.org/10.6084/m9.figshare.11402007,W3176806733,2019,green,associational_not_attempted,"Son preference Among Mothers in Mosul, Iraq"
associational,oa_but_blocked,https://doi.org/10.31014/aior.1994.02.04.84,W2994693250,2019,green,associational_not_attempted,"Son preference Among Mothers in Mosul, Iraq"
associational,oa_but_blocked,https://doi.org/10.17615/sw49-xg35,W4298216848,2019,green,associational_not_attempted,"The effect of family sex composition on fertility desires and family planning behaviors in urban Uttar Pradesh, India"
associational,oa_but_blocked,,W3100415899,2019,green,associational_not_attempted,Examining the mismatch between fertility desire and contraceptive behaviour in the extended postpartum period in Uganda
associational,oa_but_blocked,https://doi.org/10.17615/r40f-wk39,W4299382732,2019,green,associational_not_attempted,Sex composition and its impact on future childbearing: a longitudinal study from urban Uttar Pradesh
associational,oa_but_blocked,https://doi.org/10.30537/sijmb.v5i2.178,W2937302268,2019,diamond,associational_not_attempted,FACTORS ASSOCIATED WITH HIGH FERTILITY IN”BHAKKAR GABOOL GOTH”: CASE STUDY
associational,oa_but_blocked,,W3084558468,2019,green,associational_not_attempted,Essais sur la préférence du fils au pakistan
associational,oa_but_blocked,https://doi.org/10.22037/anm.v28i3.21955,W2991475336,2019,green,associational_not_attempted,Comparison of Religious Orientation and Reproductive Performance of Employed and Unemployed Women
associational,oa_but_blocked,,W3127933333,2019,green,associational_not_attempted,"Gender, marijuana, and applied microeconomics: Essays on culture and policy"
associational,oa_but_blocked,https://doi.org/10.7176/jcsd/50-06,W2968800717,2019,hybrid,associational_not_attempted,Sex Preference and Reproductive Behaviour Among Married Couples in Esan Land: A Breeding Ground for Over-Population
associational,oa_but_blocked,,W4407081232,2018,green,associational_not_attempted,Gender preference and family planning decisions : A cross- sectional study among eligible couples staying in slum area o
associational,oa_but_blocked,,W2886517627,2018,green,associational_not_attempted,Modelando os determinantes próximos da fecundidade para o Brasil: o advento das preferências competitivas
associational,oa_but_blocked,https://doi.org/10.33545/comed.2018.v1.i3a.29,W4383162299,2018,bronze,associational_not_attempted,Improvident maternity and its associated factors in urban slums of Chandigarh
associational,oa_but_blocked,,W7198771883,2018,green,associational_not_attempted,Fertility stalls in Bangladesh
associational,oa_but_blocked,https://doi.org/10.58837/chula.the.2018.165,W4386734036,2018,gold,associational_not_attempted,Sex-composition of children and fertility desire in Vietnam
associational,oa_but_blocked,https://doi.org/10.18535/jmscr/v6i7.50,W2817291719,2018,diamond,associational_not_attempted,A Study on Gender Preference and its Determinants among Antenatal Women of Western UP
associational,oa_but_blocked,https://doi.org/10.3886/e113674v1,W3005104791,2017,green,associational_not_attempted,Replication data for: Fertility Decline and Missing Women
associational,oa_but_blocked,https://doi.org/10.9790/0837-2206032127,W2621923495,2017,bronze,associational_not_attempted,Analysis of demand for children in Madhya Pradesh and its implication on population stabilization
associational,oa_but_blocked,,W2973268908,2017,green,associational_not_attempted,"Fecundidade, preferência por sexo e sistemas de uso do solo em fronteiras agrícolas: o caso de Santarém, Pará"
associational,oa_but_blocked,https://doi.org/10.21953/lse.c56cwhegdhyq,W2765299455,2017,green,associational_not_attempted,Essays on microeconomic incentives in public policies
associational,oa_but_blocked,https://doi.org/10.11648/j.jher.20170302.11,W2606341282,2017,diamond,associational_not_attempted,"Assessing Determinants of Population Fertility in Hosanna Town, South Ethiopia"
associational,oa_but_blocked,,W2768476139,2017,green,associational_not_attempted,Essays in Education and Labor Economics
associational,oa_but_blocked,,W3152140216,2016,green,associational_not_attempted,"Preference of son and reproductive profile of three endogamous tribes of Arunachal Pradesh, India"
associational,oa_but_blocked,https://doi.org/10.14260/jemds/2016/960,W2622667182,2016,diamond,associational_not_attempted,"FERTILITY AND MALE-CHILD PREFERENCE IN IMPHAL EAST DISTRICT, MANIPUR: A CROSSSECTIONAL STUDY"
associational,oa_but_blocked,https://doi.org/10.14738/assrj.212.1701,W2304075442,2015,diamond,associational_not_attempted,"Sensing The Birth Preferences Among Spouses Of Rural And Urban Kano, Kano State, Nigeria"
associational,oa_but_blocked,https://doi.org/10.1596/21911,W4409948878,2015,green,associational_not_attempted,Exploring the Phenomenon of Missing Girls in the South Caucasus
associational,oa_but_blocked,,W2233495424,2015,green,associational_not_attempted,Predictors of third and Higher order births in India
associational,oa_but_blocked,https://doi.org/10.3917/pox.111.0003,W4238802846,2015,bronze,associational_not_attempted,Éditorial
associational,oa_but_blocked,,W1573179233,2014,green,associational_not_attempted,Regression Analysis of Some Demographic Variables Influencing the Maximum Number of Children Born by Women of Reproducti
associational,oa_but_blocked,https://doi.org/10.9790/0837-19480510,W2319097982,2014,bronze,associational_not_attempted,Dynamics of Birth Interval Components in Manipur
associational,oa_but_blocked,https://doi.org/10.15590/abcjar/2014/v3i1/53477,W4254869952,2014,diamond,associational_not_attempted,"Son Preference, Childbearing Behavior and Respondent Socio-demographic Characteristics in Morogoro, Tanzania"
associational,oa_but_blocked,,W2469289784,2014,green,associational_not_attempted,The impact of educational level on the sex ratio at birth in China
associational,oa_but_blocked,https://doi.org/10.9790/0837-191076978,W2312524853,2014,bronze,associational_not_attempted,Evaluating the Magnitude of Female Foeticide Problem of Punjab and Haryana A - Regional Analysis
associational,oa_but_blocked,https://doi.org/10.7910/dvn/gemio9,W4398670173,2013,green,associational_not_attempted,"Korean Fertility and Family Health Survey, 2003 (M1212)"
associational,oa_but_blocked,,W1483217465,2013,green,associational_not_attempted,Women's empowerment and the welfare of children
associational,oa_but_blocked,,W3197314641,2012,green,associational_not_attempted,"As China Goes Geriatric, We Have the Advantage"
associational,oa_but_blocked,,W1523724287,2011,green,associational_not_attempted,Perinatal mortality and maternal health in rural China
associational,oa_but_blocked,,W631526812,2011,green,associational_not_attempted,ESSAYS ON DEMOGRAPHIC ISSUES IN CHINA
associational,oa_but_blocked,https://doi.org/10.3101/1098-7096-70.1.63,W2112938128,2009,green,associational_not_attempted,Human Sex Ratio and Family Size for a Selected Sample from the China Population in 2008
associational,oa_but_blocked,,W1911011437,2009,green,associational_not_attempted,우리나라 기혼여성의 인공임신중절 관련요인 분석
associational,oa_but_blocked,https://doi.org/10.1596/4420,W3123534274,2008,green,associational_not_attempted,Can Biological Factors Like Hepatitis B Explain the Bulk of Gender Imbalance in China? A Review of the Evidence
associational,oa_but_blocked,https://doi.org/10.3961/jpmph.2007.40.6.461,W2063902673,2007,gold,associational_not_attempted,Determinants of Sterilization among Married Couples in Korea
associational,oa_but_blocked,https://doi.org/10.1136/bmj.333.7564.373,W1977381939,2006,bronze,associational_not_attempted,Do you have a gun?
associational,oa_but_blocked,,W2256204996,2006,green,associational_not_attempted,Research Notes: Sex Preferences and Fertility Trends in South Korea
associational,oa_but_blocked,https://doi.org/10.4054/mpidr-wp-2006-005,W1502751015,2006,gold,associational_not_attempted,Fertility developments in Morocco: progression to third birth
associational,oa_but_blocked,,W2268512108,2004,green,associational_not_attempted,What Should China Do About Its Gender Imbalance Problem
associational,oa_but_blocked,,W2268951129,2004,green,associational_not_attempted,The economics of family and group decisions
associational,oa_but_blocked,,W2100799064,2002,green,associational_not_attempted,A NEW MEASURE OF GENDER BIAS
associational,oa_but_blocked,https://doi.org/10.21608/mskas.1999.302287,W4380201861,1999,green,associational_not_attempted,Married Women with Unintended Pregnancies in Egypt: Attributes and Circumstances
associational,oa_but_blocked,,W1505976436,1996,green,associational_not_attempted,An Econometric Analysis of the Number and Timing of Births: The Case of Vietnam
associational,oa_but_blocked,,W845815223,1990,green,associational_not_attempted,Wait-for-change Strategy: A Dynamic Analysis Of Chinese Maternity Histories
associational,closed,https://doi.org/10.1111/j.1728-4457.2001.00033.x,W2075633131,2001,closed,associational_not_attempted,"Fertility, Education, and Development: Evidence from India"
associational,closed,https://doi.org/10.2307/2137413,W2320720455,1995,closed,associational_not_attempted,Consequences of Son Preference in a Low-Fertility Society: Imbalance of the Sex Ratio at Birth in Korea
associational,closed,https://doi.org/10.2307/1972351,W2324598077,1991,closed,associational_not_attempted,The Missing Girls of China: A New Demographic Account
associational,closed,https://doi.org/10.1111/j.1728-4457.2002.00759.x,W1968462380,2002,closed,associational_not_attempted,Sex‐Selective Abortions in India
associational,closed,https://doi.org/10.2307/2137749,W2018539648,1995,closed,associational_not_attempted,Gender Inequality and Fertility in Two Nepali Villages
associational,closed,https://doi.org/10.1007/978-1-4899-1231-2_20,W1977888550,1992,closed,associational_not_attempted,"Sex Preference, Fertility, and Family Planning in China"
associational,closed,https://doi.org/10.1111/1467-7660.00130,W1970962112,1999,closed,associational_not_attempted,Female Demographic Disadvantage in India 1981–1991: Sex Selective Abortions and Female Infanticide
associational,closed,https://doi.org/10.1111/j.1728-4457.2013.00588.x,W2046295020,2013,closed,associational_not_attempted,The Implementation of Preferences for Male Offspring
associational,closed,https://doi.org/10.1353/dem.2003.0032,W2008569034,2003,closed,associational_not_attempted,Fertility Decline and Gender Bias in Northern India
associational,closed,https://doi.org/10.1111/j.1728-4457.2012.00471.x,W2068438804,2012,closed,associational_not_attempted,"Son Preference, Sex Selection, and Kinship in Vietnam"
associational,closed,https://doi.org/10.2307/1515201,W2603587577,2003,closed,associational_not_attempted,Fertility decline and gender bias in northern India
associational,closed,https://doi.org/10.2307/3181060,W2030835753,2003,closed,associational_not_attempted,Impact and Determinants of Sex Preference in Nepal
associational,closed,https://doi.org/10.1363/3502909,W4229735851,2009,closed,associational_not_attempted,"The Relationship of Family Size and Composition To Fertility Desires, Contraceptive Adoption and Method Choice in South "
associational,closed,https://doi.org/10.1080/00324720802535023,W1968262107,2009,closed,associational_not_attempted,The determinants of discrimination against daughters in China: Evidence from a provincial-level analysis
associational,closed,https://doi.org/10.2307/1965363,W2061812982,1972,closed,associational_not_attempted,Son Preference and Fertility Behavior in Developing Countries
associational,closed,https://doi.org/10.2307/2137750,W1986749693,1995,closed,associational_not_attempted,"China's One-Child Policy: How and How Well Has it Worked? A Case Study of Hebei Province, 1979-88"
associational,closed,https://doi.org/10.1080/19485565.1997.9988934,W2147178406,1997,closed,associational_not_attempted,Son preference and the sex ratio at birth in China: A provincial level analysis
associational,closed,https://doi.org/10.2307/1966966,W2100923443,1986,closed,associational_not_attempted,Women's status and fertility in developing countries: Son preference and economic security
associational,closed,https://doi.org/10.2307/2061189,W2049581677,1982,closed,associational_not_attempted,Women’s Sex Preferences in the United States: 1970 to 1975
associational,closed,https://doi.org/10.1002/ijpg.236,W2094939496,2002,closed,associational_not_attempted,"Gender preference, contraceptive use and fertility in India: regional and development influences"
associational,closed,https://doi.org/10.1007/s00038-011-0267-3,W2043387591,2011,closed,associational_not_attempted,Son preference and sex-selective abortion in China: informing policy options
associational,closed,https://doi.org/10.1093/wber/lhp009,W2169741893,2009,closed,associational_not_attempted,"Development, Modernization, and Childbearing: The Role of Family Sex Composition"
associational,closed,https://doi.org/10.1177/026858094009002008,W2035151195,1994,closed,associational_not_attempted,THE SOCIO-CULTURAL CONTEXT OF HIGH FERTILITY AMONG IGBO WOMEN
associational,closed,,W2619717871,2005,closed,associational_not_attempted,Factors influencing the use of prenatal diagnostic techniques and sex ratio at birth in India.
associational,closed,https://doi.org/10.1080/0032472031000148266,W2094479594,1995,closed,associational_not_attempted,"Ten Thousand Tonga: A Longitudinal Anthropological Study from Southern Zambia, 1956–1991"
associational,closed,https://doi.org/10.1515/9781503603004,W4243537633,2017,closed,associational_not_attempted,Choosing Daughters
associational,closed,https://doi.org/10.2307/2137940,W2244368845,1994,closed,associational_not_attempted,Sex Preference and Fertility in Peninsular Malaysia
associational,closed,https://doi.org/10.1080/00324728.2015.1091603,W2182913202,2015,closed,associational_not_attempted,Mapping the diversity of gender preferences and sex imbalances in Indonesia in 2010
associational,closed,https://doi.org/10.2307/2939244,W2088831330,1993,closed,associational_not_attempted,Gender Ideology and Fertility Strategies in an Ekiti Yoruba Village
associational,closed,https://doi.org/10.1002/pd.2747,W2111851662,2011,closed,associational_not_attempted,Distortions of sex ratios at birth in the United States; evidence for prenatal gender selection
associational,closed,https://doi.org/10.1080/13545701.2013.857423,W2081976977,2013,closed,associational_not_attempted,Diverging Stories of “Missing Women” in South Asia: Is Son Preference Weakening in Bangladesh?
associational,closed,,W1601241550,1984,closed,associational_not_attempted,A comparative analysis of determinants of birth intervals
associational,closed,https://doi.org/10.1080/09718923.2007.11892561,W2185387524,2007,closed,associational_not_attempted,"The Status of Women, Sex Preference, Decision-Making and Fertility Control in Ekpoma Community of Nigeria"
associational,closed,https://doi.org/10.1017/s0021932000003291,W2119223628,2000,closed,associational_not_attempted,DETERMINANTS OF CONTRACEPTIVE USE AND METHOD CHOICE IN TURKEY
associational,closed,https://doi.org/10.1111/j.1728-4465.2000.00290.x,W2077683862,2000,closed,associational_not_attempted,The Effect of Gender Preference on Contraceptive Use and Fertility in Rural Egypt
associational,closed,https://doi.org/10.2307/2133510,W1976671586,1994,closed,associational_not_attempted,The Effect of Sex Preference on Contraceptive Use and Fertility in Rural South India
associational,closed,https://doi.org/10.2307/2060591,W1985930289,1977,closed,associational_not_attempted,Son Preference and the Demand for Additional Children in Pakistan
associational,closed,,W2612640187,1974,closed,associational_not_attempted,Cross-Cultural Comparisons: Data on Two Factors in Fertility Behavior
associational,closed,https://doi.org/10.2307/2138138,W2083026436,1996,closed,associational_not_attempted,Ideal-family-size and Sex-composition Preferences among Wives and Husbands in Nepal
associational,closed,https://doi.org/10.18356/555d9cf2-en,W2884418941,2001,closed,associational_not_attempted,Sex-selective abortion: Evidence from a community-based study in Western India
associational,closed,https://doi.org/10.1177/1010539511421194,W2136991420,2011,closed,associational_not_attempted,Socioeconomic Factors Associated With Contraceptive Use and Method Choice in Urban Slums of Bangladesh
associational,closed,https://doi.org/10.1017/s0305741007002068,W2081222338,2007,closed,associational_not_attempted,From Resisting to “Embracing?” the One-Child Rule: Understanding New Fertility Trends in a Central China Village
associational,closed,https://doi.org/10.3138/jcfs.39.3.331,W2596324979,2008,closed,associational_not_attempted,The Significance of Cross-Border Marriage in a Low Fertility Society: Evidence from Taiwan
associational,closed,https://doi.org/10.1080/07399330390244220,W2077279730,2003,closed,associational_not_attempted,MISSING GIRLS AND SON PREFERENCE IN RURAL INDIA: LOOKING BEYOND POPULAR MYTH
associational,closed,https://doi.org/10.1017/s0021932097001910,W2114974760,1997,closed,associational_not_attempted,FAMILY SIZE AND SEX PREFERENCES AND EVENTUAL FERTILITY IN BOTSWANA
associational,closed,,W2166013885,2008,closed,associational_not_attempted,Prevalence and determinants of unmet need for family planning in a district of eastern region of Nepal.
associational,closed,https://doi.org/10.1017/s0021932000016813,W1980643103,1987,closed,associational_not_attempted,Son preference in Bangladesh: an emerging barrier to fertility regulation
associational,closed,https://doi.org/10.1363/43e4317,W2790641343,2017,closed,associational_not_attempted,Son Preference and Family Limitation in Pakistan: A Parity- and Contraceptive Method–Specific Analysis
associational,closed,https://doi.org/10.2307/2173891,W2078595709,1979,closed,associational_not_attempted,Prospective Fertility and Underlying Preferences: A Longitudinal Study in Taiwan
associational,closed,https://doi.org/10.1177/0192513x05283096,W2149725846,2006,closed,associational_not_attempted,Child Adoption in Contemporary Rural China
associational,closed,https://doi.org/10.1017/s002193200002188x,W2000433043,1993,closed,associational_not_attempted,Effect of son preference and population policy on sex ratios at birth in two provinces of China
associational,closed,,W2276813087,1987,closed,associational_not_attempted,The effect of sex preference on fertility and family planning: empirical evidence.
associational,closed,https://doi.org/10.1080/1369183x.2020.1778456,W3034805412,2020,closed,associational_not_attempted,Comparison of second-child fertility intentions between local and migrant women in urban China: a Blinder–Oaxaca decompo
associational,closed,https://doi.org/10.3917/pope.406.0865,W4250924260,2004,closed,associational_not_attempted,"Missing Girls in South Korea: Trends, Levels and Regional Variations"
associational,closed,https://doi.org/10.1111/j.1467-7660.2011.01733.x,W1690185809,2011,closed,associational_not_attempted,Socio-economic Differentials in Birth Masculinity in China
associational,closed,https://doi.org/10.1111/j.1728-4465.2008.164.x,W2010677845,2008,closed,associational_not_attempted,"The Path to Replacement Fertility in Egypt: Acceptance, Preference, and Achievement"
associational,closed,,W1488564606,2006,closed,associational_not_attempted,Fertility Decline in South Korea: Forty Years of Policy-Behavior Dialogue
associational,closed,,W1512082160,2005,closed,associational_not_attempted,Parity Progression in Australia: What Role Does Sex of Existing Children Play?
associational,closed,https://doi.org/10.1017/s0021932000021453,W2105610527,1994,closed,associational_not_attempted,Sex preference and third birth intervals in a traditional Indian society
associational,closed,https://doi.org/10.1080/19485565.2014.899428,W2009975077,2014,closed,associational_not_attempted,The Changing Timing of Births in Iran: An Explanation of the Rise and Fall in Fertility After the 1979 Islamic Revolutio
associational,closed,,W1645722262,1997,closed,associational_not_attempted,Is son preference slowing down India's transition to low fertility?
associational,closed,https://doi.org/10.1080/19485565.1995.9988906,W2012053867,1995,closed,associational_not_attempted,"Son and daughter preferences in Benighat, Nepal: Implications for fertility transition"
associational,closed,https://doi.org/10.1007/s12187-020-09753-5,W3046482668,2020,closed,associational_not_attempted,"Having Children in a Time of Lowest-Low Fertility: Value of Children, Sex Preference and Fertility Desire among Taiwanes"
associational,closed,https://doi.org/10.1108/ijdi-10-2018-0156,W2950270974,2019,closed,associational_not_attempted,Impact of exposure to mass media on female empowerment: evidence from India
associational,closed,https://doi.org/10.3138/jcfs.43.1.11,W2597316669,2012,closed,associational_not_attempted,Fertility Decline and Family Change in India: A Demographic Perspective
associational,closed,https://doi.org/10.1080/17441730.2019.1571740,W2945381048,2019,closed,associational_not_attempted,Women’s gender role attitudes and fertility intentions of having a second child: survey findings from Shaanxi Province o
associational,closed,,W1518352691,1994,closed,associational_not_attempted,Sex Ratio at Birth and Son Preference in China
associational,closed,https://doi.org/10.1017/s0021932013000588,W2139106919,2013,closed,associational_not_attempted,FERTILITY TRANSITION AND ADVERSE CHILD SEX RATIO IN DISTRICTS OF INDIA
associational,closed,https://doi.org/10.1108/03068290510596989,W2011606237,2005,closed,associational_not_attempted,"Family size, economics and child gender preference: a case study in the Nyeri district of Kenya"
associational,closed,https://doi.org/10.1177/0971521512465936,W2002577115,2013,closed,associational_not_attempted,Changing Gender Preference in China Today: Implications for the Sex Ratio
associational,closed,https://doi.org/10.1080/17441692.2011.651734,W2093166008,2012,closed,associational_not_attempted,"Factors associated with second trimester abortion in rural Maharashtra and Rajasthan, India"
associational,closed,https://doi.org/10.1080/17441730.2018.1523977,W2895576530,2018,closed,associational_not_attempted,Men’s participation in childcare and housework and parity progression: a Japanese population-based study
associational,closed,https://doi.org/10.2307/1966481,W2046531604,1991,closed,associational_not_attempted,"Birth Spacing Patterns and Correlates in Shaanxi, China"
associational,closed,https://doi.org/10.1177/0268580920905465,W3018104511,2020,closed,associational_not_attempted,Fertility choices in China under the two-child policy
associational,closed,https://doi.org/10.1017/s0021932000020502,W2166141648,1993,closed,associational_not_attempted,Gender of children and contraceptive use
associational,closed,https://doi.org/10.31899/pgy9.1084,W2979882864,2015,closed,associational_not_attempted,Understanding factors influencing adverse sex ratios at birth and exploring what works to achieve balance: The situation
associational,closed,https://doi.org/10.1080/09709274.2010.11906267,W2261889599,2010,closed,associational_not_attempted,"Fertility Behaviour of Women and Their Household Characteristics: A Case Study of Punjab, Pakistan"
associational,closed,https://doi.org/10.1080/0972639x.2006.11886534,W2290910669,2006,closed,associational_not_attempted,Son Preference and Contraceptive Practice Among Tribal Groups in Rural South India
associational,closed,,W2617301692,2005,closed,associational_not_attempted,Does religion matter? A study of regional variations in sex ratio at birth in Korea.
associational,closed,https://doi.org/10.1017/s0021932099004873,W1989413134,1999,closed,associational_not_attempted,CHINESE TRADITIONAL MEDICINE AND ABNORMAL SEX RATIO AT BIRTH IN CHINA
associational,closed,https://doi.org/10.1017/s0021932000022082,W2013590576,1996,closed,associational_not_attempted,Fertility norms and son preference in Morocco and Tunisia: does women's status matter?
associational,closed,https://doi.org/10.1080/17441730.2015.1093749,W2177614041,2015,closed,associational_not_attempted,Influence of Son Preference on Contraceptive Method Mix: Some Evidences from ‘Two Bengals’
associational,closed,https://doi.org/10.1017/s0021932000020666,W2107225786,1993,closed,associational_not_attempted,Influence of son preference on the contraceptive use and fertility of Sri Lankan women
associational,closed,https://doi.org/10.1017/s0021932017000232,W2702473844,2017,closed,associational_not_attempted,"PROLONGED BIRTH INTERVALS IN HAMEDAN, IRAN: VARIATIONS AND DETERMINANTS"
associational,closed,https://doi.org/10.1017/s0021932000022422,W1993540094,1996,closed,associational_not_attempted,Using a mixture model to detect son preference in Vietnam
associational,closed,,W2730461817,1983,closed,associational_not_attempted,Family planning practices in India--Second All India Survey.
associational,closed,https://doi.org/10.1017/s0021932013000369,W2019809601,2013,closed,associational_not_attempted,DETERMINANTS OF PREGNANCY AND INDUCED AND SPONTANEOUS ABORTION IN A JOINTLY DETERMINED FRAMEWORK: EVIDENCE FROM A COUNTR
associational,closed,,W2183402727,2008,closed,associational_not_attempted,Determinants of Induced Abortion and Its Consequences on Women's Reproductive Health: Findings from India's National Fam
associational,closed,https://doi.org/10.2307/1973092,W2021748440,1984,closed,associational_not_attempted,Influences on Childbearing Intentions Across the Fertility Career: Demographic and Socioeconomic Factors and the Value o
associational,closed,https://doi.org/10.1016/b978-0-12-088860-3.50007-6,W2489005299,1983,closed,associational_not_attempted,Measuring Sex Preferences and Their Effects on Fertility
associational,closed,https://doi.org/10.2307/1965850,W2046892070,1982,closed,associational_not_attempted,The Relative Impacts of Vertical and Integrated FP/MCH Programs in Rural Nepal
associational,closed,https://doi.org/10.2307/2061047,W2066068828,1981,closed,associational_not_attempted,Determining the Impact of Sex Preferences on Fertility: A Demonstration Study
associational,closed,https://doi.org/10.1017/s0021932000011871,W2002872613,1978,closed,associational_not_attempted,Evaluation of an unsuccessful sex Preselection clinic in Singapore
associational,closed,https://doi.org/10.1017/s0021932014000182,W2100853566,2014,closed,associational_not_attempted,SEX RATIO AT BIRTH IN TWENTY-FIRST CENTURY GREECE: THE ROLE OF ETHNIC AND SOCIAL GROUPS
associational,closed,,W826614826,2013,closed,associational_not_attempted,Sex-Selective Abortion in India: Exploring Institutional Dynamics and Responses
associational,closed,https://doi.org/10.1080/13625180903033460,W2143226606,2009,closed,associational_not_attempted,Sex preference as a determinant of contraceptive use in matrilineal societies: A study on the Garo of Bangladesh
associational,closed,https://doi.org/10.1017/s2194607800000132,W2103705069,2008,closed,associational_not_attempted,Changing Mindsets: How China's Abnormal Sex Ratio Is Turning Its Government into a Champion of Gender Equality
associational,closed,,W2393082171,2002,closed,associational_not_attempted,Study on the Transition of Fertility Desire among Rural and Urban Residents in the Past Twenty Years
associational,closed,,W2429983128,1992,closed,associational_not_attempted,Sex ratio of China's population deserves attention.
associational,closed,https://doi.org/10.1080/1683478x.2019.1588199,W2953584652,2019,closed,associational_not_attempted,"Fertility trends, sex ratios, and son preference among Han and minority households in rural China"
associational,closed,,W2187985431,2008,closed,associational_not_attempted,"The Effect of Family Size and Composition on Fertility Desires, Contraceptive Adoption, and Method Choice in South Asia"
associational,closed,https://doi.org/10.1080/19485565.1974.9988118,W2083383274,1974,closed,associational_not_attempted,"Gender preferences, sex predetermination, and family size in the United States"
associational,closed,https://doi.org/10.1080/13545701.2016.1195004,W2467062686,2016,closed,associational_not_attempted,Estimating the Private Economic Benefits of Sons Versus Daughters in India
associational,closed,https://doi.org/10.1080/13691058.2011.643825,W2103570267,2011,closed,associational_not_attempted,"The changing contexts of fertility outcomes: case studies from a remote village in Bali, Indonesia"
associational,closed,https://doi.org/10.1017/s0021932011000617,W2110181706,2011,closed,associational_not_attempted,DESIRE FOR SONS AND SUBSEQUENT FERTILITY IN RURAL INDIA. A 20-YEAR LONGITUDINAL STUDY
associational,closed,,W1535573009,1998,closed,associational_not_attempted,SON PREFERENCE AND FAMILY BUILDING DURING FERTILITY TRANSITION IMPLICATIONS ON CHILD SURVIVAL
associational,closed,https://doi.org/10.1017/s0021932008002952,W157259447,2008,closed,associational_not_attempted,DOES SEX OF CHILDREN MATTER? IMPLICATIONS FOR FERTILITY IN PAKISTAN
associational,closed,https://doi.org/10.1080/09709274.2007.11905974,W2308497678,2007,closed,associational_not_attempted,Socio-economic Correlates of High Fertility among Low Contraceptive Communities of Southern Ethiopia
associational,closed,,W2219010556,2003,closed,associational_not_attempted,PATTERNS AND VARIATION IN THE SEX RATIO AT BIRTH IN THE REPUBLIC OF KOREA
associational,closed,https://doi.org/10.1017/s0021932000019726,W2165231830,1992,closed,associational_not_attempted,Relationships of desire for no more children and socioeconomic and demographic factors in Sri Lankan women
associational,closed,,W1956968598,1991,closed,associational_not_attempted,Sex ratio at birth in Korea.
associational,closed,https://doi.org/10.1016/j.wsif.2023.102790,W4384156640,2023,closed,associational_not_attempted,Do educated mothers have lower desired son preference? The case of Pakistan
associational,closed,https://doi.org/10.1017/s0021932021000511,W3206135936,2021,closed,associational_not_attempted,Women’s education and desire for additional children in Vietnam: regional differences and the role of son preference
associational,closed,,W2471584450,2016,closed,associational_not_attempted,Women's empowerment and fertility preferences in Southeast Asia
associational,closed,,W1619253136,2015,closed,associational_not_attempted,Explaining the Rapid Increase in Nigeria's Sex Ratio at Birth: Factors and Implications.
associational,closed,https://doi.org/10.1080/09584930902870800,W2031497055,2009,closed,associational_not_attempted,Family-building strategies in urban India: converging demographic trends in two culturally distinct communities
associational,closed,,W2288949414,1999,closed,associational_not_attempted,Gender preference contraceptive prevalence: evidence of regional variations.
associational,closed,https://doi.org/10.29063/ajrh2023/v27i10.8,W4388237358,2023,closed,associational_not_attempted,Influence of sex composition of surviving children on childbearing intention among high fertility married women in stabl
associational,closed,,W2275272692,2012,closed,associational_not_attempted,Declining child sex ratio and sex-selection in India: A demographic epiphany?
associational,closed,https://doi.org/10.1515/jpm.2010.024,W2049368643,2010,closed,associational_not_attempted,Recent dramatic increase in the male-to-female sex ratio of babies born in Hong Kong
associational,closed,,W2727408989,2007,closed,associational_not_attempted,Discrimination from conception to childhood: a study of girl children in rural Haryana India.
associational,closed,,W2030844571,1993,closed,associational_not_attempted,China's family planning policy today.
associational,closed,https://doi.org/10.18356/acaea40f-en,W2307062670,1992,closed,associational_not_attempted,The effect of sex preference on subsequent fertility in two provinces of China
associational,closed,,W2267627338,1990,closed,associational_not_attempted,"Son preference, fertility desire and contraceptive use in two largest cities of Pakistan."
associational,closed,https://doi.org/10.1080/00324728.2020.1779333,W3041824983,2020,closed,associational_not_attempted,"Ethnicity, sex composition of living children, and unrealized fertility in Nigeria"
associational,closed,https://doi.org/10.1177/0272684x19875022,W2972619061,2019,closed,associational_not_attempted,Contextual and Social Factors Influencing Male Fertility in Nigeria
associational,closed,https://doi.org/10.1177/0971521512465938,W2138016315,2013,closed,associational_not_attempted,"Rising Women’s Status, Modernisation and Persisting Son Preference in China"
associational,closed,,W3143902278,2011,closed,associational_not_attempted,Gaps between Fertility Intensions and Fertility Outcomes in China:Patterns and Determinants
associational,closed,https://doi.org/10.1080/09718923.2007.11892563,W2185732341,2007,closed,associational_not_attempted,"Son Preference and Desired Family Size in a Rural Community of West Godavari District, Andhra Pradesh, India"
associational,closed,https://doi.org/10.1080/1461674032000122768,W1966385039,2003,closed,associational_not_attempted,"Beyond a Strong State and Docile Women Reproductive choices, state policy and skewed sex ratio in South Korea"
associational,closed,https://doi.org/10.2307/2137947,W2326266701,1994,closed,associational_not_attempted,"""Effects of Family Sex Composition on Fertility Preference and Behavior in Rural Bangladesh."""
associational,closed,,W2213029219,1994,closed,associational_not_attempted,Sex Preference and Sex Ratio at Birth: the Case of Taiwan
associational,closed,,W2253060094,1988,closed,associational_not_attempted,Son Preference Among Nigerian Mothers: Its Demographic and Psycho-Social Implications
associational,closed,https://doi.org/10.1080/00324728.1962.10406076,W2036564277,1962,closed,associational_not_attempted,Some aspects of family and fertility in India
associational,closed,https://doi.org/10.4324/9781315228617-6,W4241594440,2017,closed,associational_not_attempted,Diverging Stories of “Missing Women” in South Asia: Is Son Preference Weakening in Bangladesh?
associational,closed,https://doi.org/10.1177/0363199016635216,W2332641023,2016,closed,associational_not_attempted,Assessing Hindu–Muslim Fertility Differentials in West Bengal
associational,closed,,W2204438845,2013,closed,associational_not_attempted,Economic Incentives for Sex-Selective Abortion in India
associational,closed,,W2282273841,1997,closed,associational_not_attempted,The Effects of Sex-Selective Abortion on Fertility Level in Korea
associational,closed,https://doi.org/10.1017/s0021932000019398,W2137488752,1991,closed,associational_not_attempted,Sex preferences for offspring among men in the western area of Sierra Leone
associational,closed,,W2408605481,1991,closed,associational_not_attempted,Sex-detection tests and female foeticide: discrimination before birth.
associational,closed,https://doi.org/10.1093/humrep/dead101,W4377138248,2023,closed,associational_not_attempted,A balancing act: sex selection after pre-implantation genetic testing for aneuploidy for first versus second baby
associational,closed,https://doi.org/10.1177/0192513x231194299,W4385803266,2023,closed,associational_not_attempted,Study on Marriage Pairings and Women’s Fertility Intentions in China
associational,closed,https://doi.org/10.1080/10357823.2022.2111547,W4292249281,2022,closed,associational_not_attempted,Female Labour Force Participation and the Reduction in Son Preference in China
associational,closed,https://doi.org/10.1093/acrefore/9780190625979.013.645,W3167815710,2021,closed,associational_not_attempted,Limited Dependent Variables and Discrete Choice Modelling
associational,closed,https://doi.org/10.1017/s0021932021000213,W3165332368,2021,closed,associational_not_attempted,Fertility intentions among the working population of Dalian City born between 1980 and 1989
associational,closed,,W2616481200,2015,closed,associational_not_attempted,Toward an Explanation of Son Preference in Pakistan
associational,closed,,W3133679975,2015,closed,associational_not_attempted,Gender Roles in Family Decision Making: Results from Indian States
associational,closed,,W2356168311,2012,closed,associational_not_attempted,A Study on the Fertility and Son Preferences of China’s Migrants: Empirical Evidence from 12 Cities
associational,closed,,W2372342663,2012,closed,associational_not_attempted,Social Change and the Turning Point of Sex Ratio at Birth
associational,closed,https://doi.org/10.12968/ajmw.2009.3.4.44804,W2005635168,2009,closed,associational_not_attempted,Preference for the male child and desired family size in Nigeria
associational,closed,https://doi.org/10.2202/1932-0205.1039,W4243769204,2008,closed,associational_not_attempted,Changing Mindsets: How China's Abnormal Sex Ratio Is Turning Its Government into a Champion of Gender Equality
associational,closed,https://doi.org/10.1177/097152150601300302,W2050182451,2006,closed,associational_not_attempted,Missing Girls
associational,closed,https://doi.org/10.1080/09709274.2005.11905761,W346481967,2005,closed,associational_not_attempted,"Demographic Study of Gujjars of Delhi: VI. Factors Affecting Fertility, Infant Mortality and Use of BCM"
associational,closed,https://doi.org/10.3138/jcfs.31.4.503,W2189246647,2000,closed,associational_not_attempted,"The impact of postmarital residence of fertility, early childhood mortality, and child health in Southern Ethiopia"
associational,closed,,W2294254088,1996,closed,associational_not_attempted,Choosing a permanent contraceptive. Does son preference matter
associational,closed,,W2416982977,1984,closed,associational_not_attempted,[Recent changes in contraceptive use and fertility in Korea].
associational,closed,,W52414422,1982,closed,associational_not_attempted,Sex preference and its effect on family size and child welfare.
associational,closed,,W2346651899,1976,closed,associational_not_attempted,"Psychological correlates of family size, son preference, and birth control in Taiwan."
associational,closed,https://doi.org/10.1007/s43545-022-00408-6,W4283333276,2022,closed,associational_not_attempted,Influence of the preference for sons on fertility in Bangladesh
associational,closed,https://doi.org/10.1093/acrefore/9780190277727.013.345,W3108851584,2020,closed,associational_not_attempted,Gender and Demography in Asia (India and China)
associational,closed,https://doi.org/10.1111/jssr.12697,W3111798456,2020,closed,associational_not_attempted,Religious Geography and County‐Level Sex Ratios in China
associational,closed,https://doi.org/10.1177/1066480719844333,W2941731529,2019,closed,associational_not_attempted,Gender Preference and Child Labor in Indonesia
associational,closed,https://doi.org/10.24193/rjps.2018.1.05,W2890950156,2018,closed,associational_not_attempted,"Changes in Age at Marriage, Birth Order, and Fertility Preference: A Study on a Flood Prone Area in Bangladesh"
associational,closed,https://doi.org/10.4337/9781785363559.00021,W2904498449,2018,closed,associational_not_attempted,Fertility preferences in Pakistan
associational,closed,https://doi.org/10.4337/9781785368196.00014,W2801752626,2017,closed,associational_not_attempted,Son preference and the marriage squeeze in China
associational,closed,,W2496533256,2015,closed,associational_not_attempted,"Relationship between Gender Preference, Birth Interval and Sex Composition on Fertility Behavior"
associational,closed,,W2529467166,2015,closed,associational_not_attempted,Gender-biased sex selection and unbalanced sex ratios at birth in South Asia: case studies of the situation and promisin
associational,closed,https://doi.org/10.1007/978-94-007-7445-2_14,W150813148,2013,closed,associational_not_attempted,"Son Preference and Fertility in China, South Korea, and the United States"
associational,closed,,W2406907320,2012,closed,associational_not_attempted,How do Gender Preferences Affect Number of Children in a Family? ——An Empirical Study on China Urban Families
associational,closed,https://doi.org/10.1353/prv.2011.0014,W1973615612,2011,closed,associational_not_attempted,Modeling Prenatal Son Preference: Some New Perspectives from China
associational,closed,https://doi.org/10.1080/00220380903012755,W3121883449,2010,closed,associational_not_attempted,A Multinomial Model of Fertility Choice and Offspring Sex Ratios in India
associational,closed,https://doi.org/10.1177/097317410600200106,W2101357496,2007,closed,associational_not_attempted,Does Intra-household Discrimination Account for the Bulk of India's ‘Missing Women’?
associational,closed,https://doi.org/10.1017/s0021932000001255,W2002942507,2000,closed,associational_not_attempted,FERTILITY AND POPULATION POLICY IN TWO COUNTIES IN CHINA 1980–1991
associational,closed,,W105921200,1998,closed,associational_not_attempted,"The imbalance of sex ratio at birth, and its causes and countermeasures in China."
associational,closed,,W2200517105,1993,closed,associational_not_attempted,Sex preferences in Turkey.
associational,closed,,W2287012932,1989,closed,associational_not_attempted,Parental sex preference and its effects on fertility intention and contraceptive use in Calcutta.
associational,closed,https://doi.org/10.3138/jcfs.19.1.55,W55177088,1988,closed,associational_not_attempted,The Masculine Side of Planned Parenthood: An explanatory Analysis
associational,closed,,W575082309,1981,closed,associational_not_attempted,Preferences for the number and sex of children and contraceptive use in Korea
associational,closed,,W2113725032,1977,closed,associational_not_attempted,Transition to the small family: a comparison of 1964-1973 time trends in Korea and Taiwan.
associational,closed,https://doi.org/10.1080/13691058.2023.2203242,W4367668386,2023,closed,associational_not_attempted,Are daughters more preferred by young people in contemporary China? Qualitative evidence from one-child generation cohor
associational,closed,https://doi.org/10.1007/s11113-022-09723-5,W4281733158,2022,closed,associational_not_attempted,Speeding Up for a Son Among Immigrants in Canada
associational,closed,https://doi.org/10.5958/2249-7315.2017.00454.3,W2760675787,2017,closed,associational_not_attempted,"Role of socio- cultural and economic characteristics on fertility choices in Cooch Behar district, West Bengal"
associational,closed,,W2270333380,2015,closed,associational_not_attempted,Socio-Economic Determinants of Child and Juvenile Sex Ratios in India: A Longitudinal Analysis with District-Level Data
associational,closed,https://doi.org/10.1016/j.socec.2013.08.002,W2145793006,2013,closed,associational_not_attempted,Effects of sex preference and social pressure on fertility in changing Japanese families
associational,closed,https://doi.org/10.1080/09737189.2013.11885400,W2184131183,2013,closed,associational_not_attempted,"Sex Preference and Fertility: A Study among the Ansaris of Meerut District, Uttar Pradesh"
associational,closed,https://doi.org/10.5455/ijmsph.2013.200420131,W2134095288,2013,closed,associational_not_attempted,"Role of men in fertility and family planning in a peri-urban community in Punjab, India"
associational,closed,,W2232656393,2013,closed,associational_not_attempted,Masculinization of birth in Eastern Europe
associational,closed,https://doi.org/10.5958/j.2249-6270.2.2.028,W2008225628,2012,closed,associational_not_attempted,Fertility Behaviour of Women: Is Son Preference Still a Proximate Factor?
associational,closed,https://doi.org/10.2753/csa2162-0555440302,W2093693435,2012,closed,associational_not_attempted,Prenatal Sex-Selective Abortion and High Sex Ratio at Birth in the Rural Henan Province
associational,closed,,W279943668,2011,closed,associational_not_attempted,"Sex-Sincerely Yours, Elective Abortions during Past Three Decades May Explain Absence of Millions of Girls in India"
associational,closed,,W1493546009,2011,closed,associational_not_attempted,"Sons, daughters, and Arab-American family dynamics: Does a child's gender matter?"
associational,closed,,W2203023428,2009,closed,associational_not_attempted,Fertility preferences of the Arab population in the West Bank
associational,closed,,W2349135018,2006,closed,associational_not_attempted,Social Network and Son Preference among Rural-Urban Migrants in China: A Study in Shenzhen
associational,closed,,W2187739900,2005,closed,associational_not_attempted,Son Preference and Induced Abortion in Rural China: Findings from the 2001 National Family Planning and Reproductive Hea
associational,closed,,W2275363647,1999,closed,associational_not_attempted,Fertility preferences in Thailand.
associational,closed,,W57373025,1993,closed,associational_not_attempted,Assessing the Impact of the Grameen Bank on Women's Status and Fertility in Bangladesh
associational,closed,,W2290923499,1992,closed,associational_not_attempted,Gender selection and fertility regulation in the process of family building in China.
associational,closed,,W148908765,1988,closed,associational_not_attempted,[[Attitudes toward marriage and family among the unmarried Japanese youth: major findings of the Ninth Japanese National
associational,closed,,W2282181258,1986,closed,associational_not_attempted,[The effect of the sex of living children on fertility].
associational,closed,https://doi.org/10.57138/nznx2214,W2157101052,1976,closed,associational_not_attempted,Fertility Decisions and Desires in Bangladesh: An Econometric Investigation
associational,closed,https://doi.org/10.1080/19485565.1975.9988163,W2015212442,1975,closed,associational_not_attempted,Son preference among Filipino Muslims: A causal analysis
associational,closed,https://doi.org/10.1017/s0021932000000298,W1988959961,1975,closed,associational_not_attempted,Effect of Desired Sex Composition in Families on the Birth Rate
associational,closed,https://doi.org/10.1080/1369183x.2024.2359701,W4399139540,2024,closed,associational_not_attempted,Children’s sex composition and transition to higher-order birth among Turkish migrants in Europe and their non-migrant c
associational,closed,https://doi.org/10.1007/s42650-024-00082-4,W4396964816,2024,closed,associational_not_attempted,Son Preference and Child Mortality as Predictors of Parity Progression in India: Evidence from NFHS-5
associational,closed,https://doi.org/10.1080/02255189.2022.2145273,W4311623591,2022,closed,associational_not_attempted,Speeding up for a son in Turkey
associational,closed,https://doi.org/10.1017/s0021932021000031,W3127018748,2021,closed,associational_not_attempted,"Does sex composition of offspring relate to fertility in urban areas? The case of Ouagadougou, Burkina Faso"
associational,closed,https://doi.org/10.1007/978-981-15-3045-6_10,W3021514637,2020,closed,associational_not_attempted,"Son Preference and Hindu–Muslim Fertility Differentials in ‘Ultra-low’ Fertility Context in Kolkata, India"
associational,closed,https://doi.org/10.4337/9781785363559.00016,W2904807258,2018,closed,associational_not_attempted,Fertility preferences in Japan
associational,closed,,W3121441024,2016,closed,associational_not_attempted,"Son Preference, Fertility Decline and the Non-Missing Girls of Turkey"
associational,closed,,W2183570691,2014,closed,associational_not_attempted,Does Son Preference Affect Family Size? Evidences from Hanumangarh District Rajasthan (India)
associational,closed,,W2358538469,2012,closed,associational_not_attempted,Son Preference and Patriarchal Systems:Empirical and Gender Analysis of the Imbalance in Sex Ratio at Birth in China
associational,closed,,W2120678582,2009,closed,associational_not_attempted,The missing women phenomenon in india: causes and effects
associational,closed,,W2362085273,2008,closed,associational_not_attempted,Attitudes of Childbearing among Rural-urban Migrants Influenced by Social Network:A Study in Shenzhen
associational,closed,,W2264834664,2007,closed,associational_not_attempted,Couples reproductive intentions in two culturally contrasting states of north eastern India.
associational,closed,,W2582951497,2006,closed,associational_not_attempted,Fertility and Infant and early Childhood Mortality: Some Lessons on Stopping Behaviour from Taiwanese and Dutch cases
associational,closed,,W2131530999,2005,closed,associational_not_attempted,High Sex Ratio at Birth and Female Deficit in China
associational,closed,https://doi.org/10.1177/0038022920030202,W2485655351,2003,closed,associational_not_attempted,Culture and Fertility: Son Preference and Reproductive Behaviour
associational,closed,,W2884160480,2003,closed,associational_not_attempted,The Relationship Between Son Preference and Fertility
associational,closed,,W2470712081,2001,closed,associational_not_attempted,[Analysis on the sex ratios at birth for deliveries in hospitals in China from 1987 to 1992].
associational,closed,,W2282787317,1996,closed,associational_not_attempted,Male fertility and sexual behaviour.
associational,closed,,W613445345,1995,closed,associational_not_attempted,Social change and preferences for gender of children among women in Taiwan.
associational,closed,,W2261788565,1994,closed,associational_not_attempted,Sex preferences womens social control and parity progression in Hausa Ibo and Yoruba societies.
associational,closed,,W2209671616,1993,closed,associational_not_attempted,Changes in the determinants of induced abortion in Korea.
associational,closed,,W81467895,1975,closed,associational_not_attempted,Integer variation in family composition for the Philippines.
associational,closed,https://doi.org/10.1007/s12546-025-09405-x,W4415219747,2025,closed,associational_not_attempted,Son Preference and Single-Child Families in India's Fertility Transition
associational,closed,https://doi.org/10.3126/pg.v6i1.67643,W4400467323,2024,closed,associational_not_attempted,Situation of Gender-Biased Sex Selection in Nepal
associational,closed,,W3184962232,2021,closed,associational_not_attempted,Female demographic disadvantage in India 1981-1991: Sex-selective abortion and female infanticide
associational,closed,https://doi.org/10.1080/23802014.2019.1682947,W2992303737,2019,closed,associational_not_attempted,‘Bordering’ life: denying the right to live before being born
associational,closed,,W2335961125,2014,closed,associational_not_attempted,"Termination of Pregnancy in a Tertiary Hospital Setting, a Holistic Review of Various Factors"
associational,closed,,W2371791851,2013,closed,associational_not_attempted,The Impact of Prohibitive Policy on the Sex-selective Behavior during Pregnancy:The Interpretation Based on TPB
associational,closed,,W2394316892,2012,closed,associational_not_attempted,A Study on the Cyclical Fluctuation of Sex Ratio at Birth
associational,closed,,W2378528617,2012,closed,associational_not_attempted,Son Preference and Imbalanced Sex Ratio at Birth: Cultural Foundations of Demand
associational,closed,https://doi.org/10.1080/09718923.2008.11892595,W2308310178,2008,closed,associational_not_attempted,"Development, Status of Women and Demographic Outcomes in Madhya Pradesh: A Regional Analysis"
associational,closed,https://doi.org/10.1177/0038022920080202,W2523840798,2008,closed,associational_not_attempted,"Intergenerational Interests, Uncertainty and Discrimination — II: An Empirical Analysis of the Process of Declining Chil"
associational,closed,,W2388051334,2005,closed,associational_not_attempted,Rural-Urban Migration and Sex Ratio at Birth in Urban regions of China:Analysis based on 5~(th) Census
associational,closed,,W2183619220,2004,closed,associational_not_attempted,Intensified Masculinity of the Child Sex Ratio in India : A Phenomenon of Sex Selective Abortion
associational,closed,,W2198693636,2004,closed,associational_not_attempted,Sex composition of children as a determinant of parity progression
associational,closed,,W2355258344,2002,closed,associational_not_attempted,Change in Sex Composition of Children during Fertility Transition
associational,closed,,W2287723971,1999,closed,associational_not_attempted,Plural wives and multiple children: the fertility of polygynists in sub-Saharan Africa.
associational,closed,https://doi.org/10.2307/2950774,W2059432076,1997,closed,associational_not_attempted,"For Most Thai Women, the Ideal Family Consists Of Two Children--One Boy and One Girl"
associational,closed,https://doi.org/10.1080/00380237.1995.10571043,W1967213109,1995,closed,associational_not_attempted,Unsanctioned Births in China
associational,closed,,W2299995919,1993,closed,associational_not_attempted,Quantitative measure of sex preference and the study of its relation to fertility rate.
associational,closed,,W2271859856,1988,closed,associational_not_attempted,Achieved fertility family size desires and contraceptive use.
associational,closed,,W3046223282,1984,closed,associational_not_attempted,Fertility Impact of Sex Composition and Sequence Among Korean Women: An Exploratory Study
associational,closed,,W2285239326,1984,closed,associational_not_attempted,Fertility Impact of Sex Composition and Sequence Among Korean Women
associational,closed,,W1928350323,1982,closed,associational_not_attempted,Roots of sex preference.
associational,closed,,W2232922585,1980,closed,associational_not_attempted,The relationship between socio-economic conditions and fertility behaviour among selected Asian groups in Nairobi
associational,closed,,W2218219376,1976,closed,associational_not_attempted,"A study on wanted number and sex composition of children of women in a Korean rural area, based on Coombs Preference Sca"
associational,closed,https://doi.org/10.2307/2948189,W4246633916,1975,closed,associational_not_attempted,"Younger Women in Taiwan Want Smaller Families, Fewer Sons; Birth Control Use Is Found Widespread"
associational,closed,https://doi.org/10.1007/s11150-026-09844-2,W7144242467,2026,closed,associational_not_attempted,"Abortion legalization, son preference, and intensified sex selection in Nepal"
associational,closed,,W7165973786,2026,closed,associational_not_attempted,"Cultural Momentum, Demographic Divergence, and Population Prospects in India, 2100: Son Preference as a Structural Drive"
associational,closed,https://doi.org/10.1002/ajhb.70127,W4413593137,2025,closed,associational_not_attempted,Son Preference and Third‐Birth Interval Comparative Analysis of Polygynous Versus Monogamous Families in Pakistan
associational,closed,https://doi.org/10.1007/s42379-025-00205-7,W4417152424,2025,closed,associational_not_attempted,Son preference and its influence on contraceptive use in Nepal: insights from the Nepal Demographic and Health Surveys
associational,closed,https://doi.org/10.1214/25-aoas2085,W4417045508,2025,closed,associational_not_attempted,The dynamic interplay of clan culture and socioeconomic factors on fertility: Evidence from China
associational,closed,https://doi.org/10.1080/21620555.2025.2602545,W4417527544,2025,closed,associational_not_attempted,Acculturation and fertility transitions: evidence from China’s rural-urban migrants
associational,closed,https://doi.org/10.4324/9781032724300-11,W4390669866,2024,closed,associational_not_attempted,Whose Daughters or Daughter discrimination
associational,closed,https://doi.org/10.1093/oso/9780197683200.003.0015,W2218781281,2024,closed,associational_not_attempted,Policy Case Study: Population Policy
associational,closed,https://doi.org/10.4324/9781003316510-7,W4313463196,2023,closed,associational_not_attempted,Family Size and Couple's Will
associational,closed,https://doi.org/10.23736/s0393-3660.23.05033-7,W4388860346,2023,closed,associational_not_attempted,Sex ratio at birth in Canada: a male excess in Quebec
associational,closed,https://doi.org/10.1080/12259276.2021.2023283,W4210902967,2022,closed,associational_not_attempted,"Gender regimes, reproductive strategies and child sex preferences: A comparative study of villages in Jammu and Leh"
associational,closed,https://doi.org/10.31567/ssd.689,W4296252496,2022,closed,associational_not_attempted,KADINLARIN İSTEYEREK DÜŞÜK YAPMA NEDENİ VE DÜŞÜK SONRASI AİLE PLANLAMASI KULLANMA DURUMLARI
associational,closed,,W4287565648,2020,closed,associational_not_attempted,Is Son Preference Disappearing from Bangladesh?
associational,closed,https://doi.org/10.1007/978-981-15-3045-6_12,W3021649797,2020,closed,associational_not_attempted,Desire for Additional Children and the Accompanying Sex Preference: A Comparative Study Between West Bengal and Banglade
associational,closed,https://doi.org/10.4324/9781315180243-20,W3007450982,2020,closed,associational_not_attempted,One Child and More
associational,closed,,W3179683542,2019,closed,associational_not_attempted,Preferences for the Sex-composition of Children in Vietnam: An Examination of its Effect on Fertility Desire
associational,closed,,W3121380669,2019,closed,associational_not_attempted,ETHNIC DIFFERENCES VALUE AND SEX PREFERENCE OF CHILDREN IN THE CITY OF MAKU
associational,closed,https://doi.org/10.1093/oso/9780190917425.003.0002,W2949511234,2019,closed,associational_not_attempted,Historical Underreporting and the Identification of the “Missing Girls”
associational,closed,,W7113190182,2019,closed,associational_not_attempted,Chinese Women’s Birth Intention Under The “Two-child policy”
associational,closed,,W2888573392,2018,closed,associational_not_attempted,A Discourse on Child Sex Ratio and Sex Ratio at Birth: Positioning Maharashtra
associational,closed,,W2614369478,2017,closed,associational_not_attempted,Prenatal Sex Selection in migratory context: new evidences from Italy
associational,closed,,W3145574067,2016,closed,associational_not_attempted,"The Path to Replacement Fertility in Egypt: Acceptance, Preference, and Achievement"
associational,closed,https://doi.org/10.34071/jmp.2016.5.8,W3011663894,2016,closed,associational_not_attempted,"SEX RATIO AT BIRTH AND FACTORS AFFECTING SON PREFERENCE OF COUPLES IN HIEP DUC DISTRICT, QUANG NAM PROVINCE, 2014"
associational,closed,,W3125209494,2016,closed,associational_not_attempted,Sex selection and health at birth among Indian immigrants
associational,closed,,W2497456316,2016,closed,associational_not_attempted,"Fertility, Male-Child Preference, Sex Preference."
associational,closed,,W2462689740,2015,closed,associational_not_attempted,"Son preference and fertility: a study among the muslims of Cuttack district, Odisha"
associational,closed,,W1941978203,2015,closed,associational_not_attempted,Sex imbalances at birth in migratory context in Western Europe: evidence from Italy
associational,closed,,W2616678996,2015,closed,associational_not_attempted,"Examining the Relative Contributions of Son Preference, Fertility Decline and Sex-Selective Abortion in the Sex Ratio Tr"
associational,closed,,W2694728292,2015,closed,associational_not_attempted,Socio-economic determinants of child and juvenile sex ratios in India : A longitudinal analysis
associational,closed,,W2257689329,2014,closed,associational_not_attempted,Determinant of Desire for an Additional Child: A Measure of Sex Preference
associational,closed,,W2740804351,2014,closed,associational_not_attempted,Determinant of Desire for an Additional Child: A Measure of Sex Preference
associational,closed,,W1532503715,2014,closed,associational_not_attempted,"Discontinuation of Contraceptives in Indonesia, Secondary Analysis Data of Basic Health Resesarch 2010"
associational,closed,,W108787496,2014,closed,associational_not_attempted,Essays on Fertility and Fertility Preferences in India
associational,closed,,W2248738338,2014,closed,associational_not_attempted,기혼여성의 자녀 출산계획에 영향을 미치는 요인 분석
associational,closed,,W4391273604,2013,closed,associational_not_attempted,The impact of son preference on fertility behaviour in Vietnam
associational,closed,https://doi.org/10.1057/9781137373922_5,W2411119945,2013,closed,associational_not_attempted,The Influence of Son Preference on Fertility Intentions and Subsequent Behavior
associational,closed,,W3149395103,2013,closed,associational_not_attempted,The New Ideal for Declining High Sex Ratio at Birth
associational,closed,https://doi.org/10.5958/j.2229-4414.4.2.020,W2335381024,2013,closed,associational_not_attempted,Son Preference in Indian Culture: An Empirical Study in Odisha
associational,closed,https://doi.org/10.1057/9781137373922_4,W2400999705,2013,closed,associational_not_attempted,"Empowerment, Gender Attitudes, and Reproductive Decisions among Married Women, Then and Now"
associational,closed,,W2385113234,2013,closed,associational_not_attempted,Rural Migrants’ Sex Preference in Reproduction under the Marriage Squeeze:From the Perspective of Relative Deprivation
associational,closed,https://doi.org/10.1057/9781137373922.0009,W4237770175,2013,closed,associational_not_attempted,The Influence of Son Preference on Fertility Intentions and Subsequent Behavior
associational,closed,,W2227828297,2012,closed,associational_not_attempted,Gendered Version of Family Planning Choice in India: An Exploration Through the Changing Mechanisms of Son-Preference
associational,closed,,W2384478259,2012,closed,associational_not_attempted,Study on Differentiation Changes of Fertility Desire behind Imbalance of Sex Ratio at Birth
associational,closed,,W2282177989,2011,closed,associational_not_attempted,Analysis Of The Effect Of Socio Economic And Proximate Determinants Of Fertility On Birth Interval And Children Ever Bor
associational,closed,,W964310305,2011,closed,associational_not_attempted,HUBUNGAN PREFERENSI FERTILITAS PADA SUAMI TERHADAP PENGGUNAAN KONTRASEPSI(STUDI ANALISIS SDKI 2007)
associational,closed,,W2349994574,2011,closed,associational_not_attempted,Investigation of Sex Preference for Women's Fertility Based on the Study from the Gender Perspective
associational,closed,,W2392773600,2011,closed,associational_not_attempted,Opposite Choices of Gender Preference in Fertility Behavior:Findings from Investigation in Shenmu County
associational,closed,,W2361053397,2010,closed,associational_not_attempted,Study on Imbalanced Sex Ratio at Birth in Guizhou Minorities Region based on Population Ecology Vision
associational,closed,,W194671840,2010,closed,associational_not_attempted,"Sex ratio at birth in Viet Nam at the beginning of the twenty-first century: Situation, Determinants and Policy Implicat"
associational,closed,,W2364997309,2010,closed,associational_not_attempted,Analysis on Influence Factors of Rural Women' s Fertility Desire
associational,closed,,W1902764073,2010,closed,associational_not_attempted,도농복합지역 기혼여성들의 출산과 성 선호에 대한 인식 및 관련요인
associational,closed,,W2391186107,2010,closed,associational_not_attempted,A Study on the Causes and Countermeasures of Imbalanced Sex Ratio at Birth in the Western Rural Areas of China——Based on
associational,closed,,W2368670863,2009,closed,associational_not_attempted,Family Planning Policies and the Imbalance in Sex Eatio at Birth
associational,closed,,W2248188036,2009,closed,associational_not_attempted,A comparative study of logistic regression approach and stratified classical analysis on desire for children in Banglade
associational,closed,https://doi.org/10.1093/acprof:oso/9780199578092.003.0004,W4246663331,2009,closed,associational_not_attempted,Family Fertility
associational,closed,,W2300101816,2009,closed,associational_not_attempted,"Socio-culture determinants of fertility in Morogoro district, Tanzania"
associational,closed,,W2384355574,2009,closed,associational_not_attempted,The Slowdown in the Continuously Rising Process of Sex Ratio at Birth and Its Cause
associational,closed,,W1763043770,2008,closed,associational_not_attempted,속담을 통해 본 한국인의 자녀의 가치와 양육의 어려움에 관한 인식
associational,closed,,W2159422016,2008,closed,associational_not_attempted,Son preference and sex ratios: How many 'missing women' are missing?
associational,closed,,W882689119,2008,closed,associational_not_attempted,Korean's Value of Children and Perception of Parenting Difficulty Investigated through Agreement to the Proverbs
associational,closed,,W2215741775,2007,closed,associational_not_attempted,"Essays on intrahousehold allocation and the family: Fertility, child education, and nutrition"
associational,closed,,W1589460093,2007,closed,associational_not_attempted,Son Preference and Fertility in Japan
associational,closed,,W2119682871,2007,closed,associational_not_attempted,Generational Differences in Parity Progression in Australia: The Role of Sex Composition in Children
associational,closed,,W2386515735,2007,closed,associational_not_attempted,Economical Explanation to the Currently High SRB of China
associational,closed,,W2347895172,2006,closed,associational_not_attempted,Uxorilocai Marriage and Its Demographic and Social Consequences in Contemporary Rural China:Findings of Investigation in
associational,closed,,W1493673510,2006,closed,associational_not_attempted,Gender Bias in Sex Ratio at Birth: The Case of India
associational,closed,,W7209203628,2005,closed,associational_not_attempted,Tel./Fax: +86–29–8266–85032
associational,closed,,W2393525122,2005,closed,associational_not_attempted,The Rural Youth's Fertility Desire:An Empirical Study——On the Basis of a Coteau Village on the South of Fujian Province
associational,closed,,W2368541408,2005,closed,associational_not_attempted,Analysis of the sex ratio at birth in hospitals in Henan province
associational,closed,,W2184983828,2005,closed,associational_not_attempted,Prenatal Sex-Selective Abortion and High Sex Ratio at Birth in Rural China: A Case Study in
associational,closed,,W2390272350,2004,closed,associational_not_attempted,Sex ratios of birth and its effective causes in a rural area
associational,closed,,W7112446856,2003,closed,associational_not_attempted,Impacts of Son Preference on the Fertility Motivation and Behavior of Married Women in Taiwan
associational,closed,,W1449118280,2000,closed,associational_not_attempted,Geography and migration policies: the Indian experience.
associational,closed,,W2376508742,2000,closed,associational_not_attempted,On the Relations between Fertility and Sex Ratio at Birth in Rural China
associational,closed,https://doi.org/10.1080/09720073.2000.11890640,W2770126751,2000,closed,associational_not_attempted,"A Study of Fertility among the Mao Nagas of Senapati District, Manipur"
associational,closed,,W2229231040,1998,closed,associational_not_attempted,Sociological and demographic determinants of fertility behavior a study of Mang'u location of Thika district
associational,closed,,W1464813014,1998,closed,associational_not_attempted,Missing baby girls: my views.
associational,closed,,W2621228128,1998,closed,associational_not_attempted,"Family composition preference and reproductive behavior in Beijing, China."
associational,closed,,W2211046961,1997,closed,associational_not_attempted,Reproductive requirement of Chinese farmers and its changes in Zhejiang.
associational,closed,,W607067107,1997,closed,associational_not_attempted,Deviant fertility in China
associational,closed,,W2254782206,1997,closed,associational_not_attempted,The determinants of contraceptive use among the exposed and married women in the Abagusii community
associational,closed,https://doi.org/10.2307/2950744,W1979107189,1996,closed,associational_not_attempted,Fertility in Some Nepali Villages Varies with Level of Gender Equality
associational,closed,,W635052645,1996,closed,associational_not_attempted,"Effects of gender preference on contraceptive use, fertility and female child mortality in Nepal"
associational,closed,,W1567616162,1995,closed,associational_not_attempted,"Attitudes of Iranian mothers towards family planning, family size and fertility"
associational,closed,,W3201562041,1995,closed,associational_not_attempted,Consequences of son preference in a low-Fertility society : imbalance of the sex ratio at birth in Korea / Chai Bin Park
associational,closed,,W2408764214,1995,closed,associational_not_attempted,[Area differentials of sex imbalance in births].
associational,closed,,W3126100163,1994,closed,associational_not_attempted,Sex Preference and Fertility in Peninsular Malaysia
associational,closed,,W650413003,1994,closed,associational_not_attempted,The Effects of Sex Preference and Women's Socio-Economic Status on Fertility
associational,closed,,W170186124,1992,closed,associational_not_attempted,Reproduction worship and population growth in China.
associational,closed,,W4300605975,1992,closed,associational_not_attempted,Survey and analysis of childbearing intentions of the floating population.
associational,closed,,W624105789,1992,closed,associational_not_attempted,"Son preference, population policy, and government control: How do they affect women's fertility-related behavior in Chin"
associational,closed,,W2292826848,1992,closed,associational_not_attempted,An analysis of the causes for avoiding contraception among Chinese women.
associational,closed,,W2347080744,1990,closed,associational_not_attempted,"A survey of social, economic, and demographic causes for changes in rural fertility in Xianyang."
associational,closed,,W2172427850,1989,closed,associational_not_attempted,The demand for children as a factor in fertility trends.
associational,closed,,W57538339,1988,closed,associational_not_attempted,[Sex preference in Taiwan--an exploratory study].
associational,closed,,W2302580981,1988,closed,associational_not_attempted,"[Women by parity, January 1, 1987]."
associational,closed,,W2536494193,1988,closed,associational_not_attempted,A study of sex preferences and fertility
associational,closed,,W1958503136,1988,closed,associational_not_attempted,우리나라 農村地域의 出産調節行態 및 出産調節行爲의 決定要因分析
associational,closed,,W2627230222,1987,closed,associational_not_attempted,Differential fertility and contraceptive prevalence rate in Korea
associational,closed,,W2275589326,1986,closed,associational_not_attempted,Household consumption behaviour and fertility in Korea.
associational,closed,,W2252653507,1986,closed,associational_not_attempted,Child loss and fertility in rural Eastern Mahararhtra.
associational,closed,,W2296151567,1986,closed,associational_not_attempted,[Trends and differentials in fertility in Latin America: evidence from the WFS].
associational,closed,,W1043850800,1985,closed,associational_not_attempted,Regional differences in attitudes toward family norms and planning 1979/80.
associational,closed,,W211540758,1983,closed,associational_not_attempted,"[Ideal, intended, and achieved fertility for Japanese married couples: major findings from the Eighth National Fertility"
associational,closed,,W2320421145,1980,closed,associational_not_attempted,"[An analysis of attitude and behavior on the family size in INFS, 1974 (author's transl)]."
associational,closed,,W2296670685,1979,closed,associational_not_attempted,Sex preference for children in Indonesia.
associational,closed,,W1559582819,1979,closed,associational_not_attempted,우리나라의 人口調節對策과 그 問題點
associational,closed,,W2294531966,1978,closed,associational_not_attempted,[A study on the acceptance and pattern of contraceptive use in Korean women (author's transl)].
associational,closed,,W578517697,1977,closed,associational_not_attempted,Preferences for sex of children in Thailand: results from the second round of a national survey.
associational,closed,https://doi.org/10.1017/s0021932000005769,W4253663240,1975,closed,associational_not_attempted,Effect of Desired Sex Composition in Families on the Birth Rate
associational,closed,https://doi.org/10.1016/s0190-1281(04)23012-8/full/html?utm_source=repec&utm_medium=feed&utm_campaign=repec,W7136553524,,closed,associational_not_attempted,MATERNAL NUTRITION AND SEX RATIO AT BIRTH IN ETHIOPIA
