work_id,doi,band,estimand_cell,identification,sub_mechanism,year,cited_by_count,oa_status,pdf_url,download_status,detail,bytes,file,title
W2114628399,https://doi.org/10.1162/qjec.2009.124.3.1057,identified_core,PRIMARY_NORM_INTENSITY,NATURAL_EXPERIMENT,NORM_INTENSITY,2009,808,closed,,failed,not_pdf_html_paywall,0,,The Power of TV: Cable Television and Women's Status in India *
W1953626533,https://doi.org/10.1086/653830,identified_core,PRIMARY_DIFFERENTIAL_STOPPING,REVEALED_STOPPING,STOPPING,2010,542,closed,,no_oa_url,closed,0,,Multiple Experiments for the Causal Link between the Quantity and Quality of Children
W1969699349,https://doi.org/10.2307/2061752,identified_core,PRIMARY_SEXSEL_SUBSTITUTION,NATURAL_EXPERIMENT,SEXSEL_ABORTION,1994,453,bronze,,failed,not_pdf_html_paywall,0,,Five Decades of Missing Females in China
W2081239273,https://doi.org/10.1080/0032472031000150486,identified_core,PRIMARY_DIFFERENTIAL_STOPPING,REVEALED_STOPPING,STOPPING,1998,425,closed,,no_oa_url,closed,0,,"Son Preference, the Family-building Process and Child Mortality in India"
W2028267091,https://doi.org/10.1111/j.1467-937x.2008.00514.x,identified_core,PRIMARY_DIFFERENTIAL_STOPPING,REVEALED_STOPPING,STOPPING,2008,419,closed,,no_oa_url,closed,0,,The Demand for Sons
W2753884747,https://doi.org/10.1257/aer.20151282,identified_core,PRIMARY_DIFFERENTIAL_STOPPING,REVEALED_STOPPING,STOPPING,2017,411,closed,,no_oa_url,closed,0,,Why Are Indian Children So Short? The Role of Birth Order and Son Preference
W1967651727,https://doi.org/10.1080/0032472031000150076,identified_core,PRIMARY_SEXSEL_SUBSTITUTION,NATURAL_EXPERIMENT,SEXSEL_ABORTION,1997,386,closed,,no_oa_url,closed,0,,Fertility Decline and Increased Manifestation of Sex Bias in India
W2095306122,https://doi.org/10.3368/jhr.45.1.87,identified_core,PRIMARY_SEXSEL_SUBSTITUTION,NATURAL_EXPERIMENT,SEXSEL_ABORTION,2010,361,closed,,no_oa_url,closed,0,,The “Missing Girls” of China and the Unintended Consequences of the One Child Policy
W2078703033,https://doi.org/10.1111/j.1728-4457.2007.00196.x,identified_core,PRIMARY_SEXSEL_SUBSTITUTION,NATURAL_EXPERIMENT,SEXSEL_ABORTION,2007,305,green,,failed,empty_or_tiny,0,,The Decline of Son Preference in South Korea: The Roles of Development and Public Policy
W2099051375,https://doi.org/10.1111/j.1728-4457.2013.00574.x,identified_core,PRIMARY_SEXSEL_SUBSTITUTION,REVEALED_STOPPING,SEXSEL_ABORTION,2013,229,closed,,no_oa_url,closed,0,,Son Preference and the Persistence of Culture: Evidence from South and East Asian Immigrants to Canada
W2057390815,https://doi.org/10.1007/s13524-011-0055-y,identified_core,PRIMARY_SEXSEL_SUBSTITUTION,NATURAL_EXPERIMENT,SEXSEL_ABORTION,2011,224,bronze,,failed,not_pdf_html_paywall,0,,Estimating the Effect of the One-Child Policy on the Sex Ratio Imbalance in China: Identification Based on the Differenc
W1982754848,https://doi.org/10.1111/j.1728-4457.2005.00082.x,identified_core,PRIMARY_DIFFERENTIAL_STOPPING,REVEALED_STOPPING,STOPPING,2005,219,closed,,no_oa_url,closed,0,,Explaining Asia's “Missing Women”: A New Look at the Data
W2125803901,https://doi.org/10.1353/dem.2006.0010,identified_core,PRIMARY_DIFFERENTIAL_STOPPING,REVEALED_STOPPING,STOPPING,2006,177,closed,,no_oa_url,closed,0,,Gendering family composition: Sex preferences for children and childbearing behavior in the Nordic countries
W2939493992,https://doi.org/10.1086/701030,identified_core,PRIMARY_SEXSEL_SUBSTITUTION,NATURAL_EXPERIMENT,SEXSEL_ABORTION,2018,167,closed,,no_oa_url,closed,0,,Land Reform and Sex Selection in China
W2080037483,https://doi.org/10.1353/jhr.2013.0003,identified_core,PRIMARY_SEXSEL_SUBSTITUTION,NATURAL_EXPERIMENT,SEXSEL_ABORTION,2013,166,closed,,no_oa_url,closed,0,,Prenatal Sex Selection and Missing Girls in China: Evidence from the Diffusion of Diagnostic Ultrasound
W1982250044,https://doi.org/10.1007/s13524-011-0030-7,identified_core,PRIMARY_SEXSEL_SUBSTITUTION,NATURAL_EXPERIMENT,SEXSEL_ABORTION,2011,145,bronze,,failed,not_pdf_html_paywall,0,,Estimating a Dynamic Model of Sex Selection in China
W2058483567,https://doi.org/10.1111/j.1728-4457.2007.00173.x,identified_core,PRIMARY_SEXSEL_SUBSTITUTION,REVEALED_STOPPING,SEXSEL_ABORTION,2007,145,closed,,no_oa_url,closed,0,,An Increase in the Sex Ratio of Births to India‐born Mothers in England and Wales: Evidence for Sex‐Selective Abortion
W3122231766,https://doi.org/10.1257/app.1.2.1,identified_core,PRIMARY_SEXSEL_SUBSTITUTION,REVEALED_STOPPING,SEXSEL_ABORTION,2009,144,closed,,no_oa_url,closed,0,,Are There Missing Girls in the United States? Evidence from Birth Data
W2164410434,https://doi.org/10.1080/0032472031000150496,identified_core,PRIMARY_DIFFERENTIAL_STOPPING,REVEALED_STOPPING,STOPPING,1998,124,closed,,no_oa_url,closed,0,,Fertility and Son Preference in Korea
W1977574609,https://doi.org/10.2307/2138098,identified_core,PRIMARY_DIFFERENTIAL_STOPPING,REVEALED_STOPPING,STOPPING,1995,104,closed,,no_oa_url,closed,0,,Son Preference in Vietnam
W2116894238,https://doi.org/10.1371/journal.pone.0004624,identified_core,PRIMARY_SEXSEL_SUBSTITUTION,NATURAL_EXPERIMENT,SEXSEL_ABORTION,2009,103,gold,https://journals.plos.org/plosone/article/file?id=10.1371/journal.pone.0004624&type=printable,downloaded,ok,333646,W2116894238__recent-increase-in-sex-ratio-at-birth-in-viet-nam.pdf,Recent Increase in Sex Ratio at Birth in Viet Nam
W1987273534,https://doi.org/10.1363/ifpp.35.029.09,identified_core,PRIMARY_DIFFERENTIAL_STOPPING,REVEALED_STOPPING,STOPPING,2009,92,closed,,no_oa_url,closed,0,,"The relationship of family size and composition to fertility desires, contraceptive adoption and method choice in South "
W2114131482,https://doi.org/10.1016/j.jdeveco.2013.02.007,identified_core,PRIMARY_SEXSEL_SUBSTITUTION,NATURAL_EXPERIMENT,SEXSEL_ABORTION,2013,90,closed,,no_oa_url,closed,0,,Does a legal ban on sex-selective abortions improve child sex ratios? Evidence from a policy change in India
W2023373624,https://doi.org/10.1371/journal.pone.0002224,identified_core,PRIMARY_SEXSEL_SUBSTITUTION,NATURAL_EXPERIMENT,SEXSEL_ABORTION,2008,87,gold,https://journals.plos.org/plosone/article/file?id=10.1371/journal.pone.0002224&type=printable,downloaded,ok,129852,W2023373624__missing-girls-in-india-infanticide-feticide-and-made-to-orde.pdf,"Missing Girls in India: Infanticide, Feticide and Made-to-Order Pregnancies? Insights from Hospital-Based Sex-Ratio-at-B"
W2078613331,https://doi.org/10.2307/1972966,identified_core,PRIMARY_DIFFERENTIAL_STOPPING,REVEALED_STOPPING,STOPPING,1990,85,closed,,no_oa_url,closed,0,,Son Preference and Fertility in Bangladesh
W2133053924,https://doi.org/10.1111/j.1728-4465.2010.00229.x,identified_core,PRIMARY_DIFFERENTIAL_STOPPING,REVEALED_STOPPING,STOPPING,2010,84,green,,failed,"not_pdf_html_paywall,empty_or_tiny",0,,Son Preference in the Context of Fertility Decline: Limits to New Constructions of Gender and Kinship in Nepal
W1827607807,https://doi.org/10.3386/w11835,identified_core,PRIMARY_DIFFERENTIAL_STOPPING,REVEALED_STOPPING,STOPPING,2005,83,green,https://doi.org/10.3386/w11835,downloaded,ok,431978,W1827607807__new-evidence-on-the-causal-link-between-the-quantity-and-qua.pdf,New Evidence on the Causal Link Between the Quantity and Quality of Children
W2078282801,https://doi.org/10.2307/2673835,identified_core,PRIMARY_DIFFERENTIAL_STOPPING,REVEALED_STOPPING,STOPPING,2001,82,closed,,no_oa_url,closed,0,,"Effects of Sex Preference on Contraceptive Use, Abortion and Fertility in Matlab, Bangladesh"
W2042706689,,identified_core,PRIMARY_DIFFERENTIAL_STOPPING,REVEALED_STOPPING,STOPPING,1983,82,closed,,no_oa_url,closed,0,,"Preference for sons, family size, and sex ratio: an empirical study in Korea."
W1904691630,,identified_core,PRIMARY_DIFFERENTIAL_STOPPING,REVEALED_STOPPING,STOPPING,2000,81,green,,failed,not_pdf_html_paywall,0,,The role of son preference in reproductive behaviour in Pakistan.
W2552766914,https://doi.org/10.1017/s0021932016000547,identified_core,PRIMARY_DIFFERENTIAL_STOPPING,REVEALED_STOPPING,STOPPING,2016,78,hybrid,https://www.cambridge.org/core/services/aop-cambridge-core/content/view/51D48C611E5176A042FF28684041D997/S0021932016000547a.pdf/div-class-title-changes-in-sex-ratio-at-birth-in-china-a-decomposition-by-birth-order-div.pdf,downloaded,ok,446841,W2552766914__changes-in-sex-ratio-at-birth-in-china-a-decomposition-by-bi.pdf,CHANGES IN SEX RATIO AT BIRTH IN CHINA: A DECOMPOSITION BY BIRTH ORDER
W1973425405,https://doi.org/10.1111/j.1728-4457.2012.00513.x,identified_core,PRIMARY_SEXSEL_SUBSTITUTION,REVEALED_STOPPING,SEXSEL_ABORTION,2012,76,closed,,no_oa_url,closed,0,,High Sex Ratios at Birth in the Caucasus: Modern Technology to Satisfy Old Desires
W2794062870,https://doi.org/10.1257/app.20150234,identified_core,PRIMARY_SEXSEL_SUBSTITUTION,NATURAL_EXPERIMENT,SEXSEL_ABORTION,2018,74,green,https://www.aeaweb.org/articles/attachments?retrieve=S39AlBgHbfzfvEdh0B_-gXt7AzPs-F0X,downloaded,ok,358213,W2794062870__financial-incentives-and-the-fertility-sex-ratio-trade-off.pdf,Financial Incentives and the Fertility-Sex Ratio Trade-Off
W1995378695,,identified_core,PRIMARY_DIFFERENTIAL_STOPPING,REVEALED_STOPPING,STOPPING,1983,70,closed,,no_oa_url,closed,0,,Preferences for the sex of children and their influence on reproductive behaviour
W1827790016,https://doi.org/10.1596/1813-9450-6869,identified_core,PRIMARY_DIFFERENTIAL_STOPPING,REVEALED_STOPPING,STOPPING,2014,69,hybrid,,failed,not_pdf_html_paywall,0,,"Son Preference, Fertility and Family Structure: Evidence from Reproductive Behavior among Nigerian Women"
W2119448111,https://doi.org/10.1093/oxfordjournals.aje.a010104,identified_core,PRIMARY_DIFFERENTIAL_STOPPING,REVEALED_STOPPING,STOPPING,1999,69,closed,,no_oa_url,closed,0,,"Sex Ratios, Family Size, and Birth Order"
W2161799647,https://doi.org/10.1017/s0021932002003334,identified_core,PRIMARY_DIFFERENTIAL_STOPPING,REVEALED_STOPPING,STOPPING,2002,68,closed,,no_oa_url,closed,0,,SON PREFERENCE AND FERTILITY IN CHINA
W2166888609,https://doi.org/10.3386/w10281,identified_core,PRIMARY_DIFFERENTIAL_STOPPING,REVEALED_STOPPING,STOPPING,2004,67,green,https://doi.org/10.3386/w10281,downloaded,ok,672812,W2166888609__the-demand-for-sons-evidence-from-divorce-fertility-and-shot.pdf,"The Demand for Sons: Evidence from Divorce, Fertility, and Shotgun Marriage"
W2104073841,https://doi.org/10.1136/bmjopen-2013-002612,identified_core,PRIMARY_SEXSEL_SUBSTITUTION,NATURAL_EXPERIMENT,SEXSEL_ABORTION,2013,65,gold,https://bmjopen.bmj.com/content/bmjopen/3/5/e002612.full.pdf,downloaded,ok,437476,W2104073841__falling-sex-ratios-and-emerging-evidence-of-sex-selective-ab.pdf,Falling sex ratios and emerging evidence of sex-selective abortion in Nepal: evidence from nationally representative sur
W2022005959,https://doi.org/10.2307/2526607,identified_core,PRIMARY_DIFFERENTIAL_STOPPING,REVEALED_STOPPING,STOPPING,1986,64,closed,,no_oa_url,closed,0,,Birth Spacing and Sibling Inequality: Asymmetric Information within the Family
W2004826918,https://doi.org/10.1086/679059,identified_core,PRIMARY_NORM_INTENSITY,NATURAL_EXPERIMENT,NORM_INTENSITY,2014,63,closed,,no_oa_url,closed,0,,Unintended Consequences of Women’s Inheritance Rights on Female Mortality in India
W1994568240,https://doi.org/10.1257/aer.98.5.2259,identified_core,PRIMARY_DIFFERENTIAL_STOPPING,REVEALED_STOPPING,SEXSEL_ABORTION,2008,63,closed,,no_oa_url,closed,0,,Can Hepatitis B Mothers Account for the Number of Missing Women? Evidence from Three Million Newborns in Taiwan
W2158307898,https://doi.org/10.1093/humrep/14.4.1127,identified_core,PRIMARY_DIFFERENTIAL_STOPPING,REVEALED_STOPPING,STOPPING,1999,63,closed,,no_oa_url,closed,0,,Fertility rates in Denmark in relation to the sexes of preceding children in the family
W4302563819,https://doi.org/10.2307/2061246,identified_core,PRIMARY_DIFFERENTIAL_STOPPING,REVEALED_STOPPING,STOPPING,1983,63,closed,,no_oa_url,closed,0,,"Preference for Sons, Family Size, and Sex Ratio: An Empirical Study in Korea"
W3012943306,https://doi.org/10.1007/s13524-020-00863-x,identified_core,PRIMARY_NORM_INTENSITY,NATURAL_EXPERIMENT,NORM_INTENSITY,2020,61,bronze,,failed,not_pdf_html_paywall,0,,Transition of Son Preference: Evidence From South Korea
W2069698354,https://doi.org/10.2307/1966907,identified_core,PRIMARY_DIFFERENTIAL_STOPPING,REVEALED_STOPPING,STOPPING,1986,59,closed,,no_oa_url,closed,0,,Sex Preference for Children and Its Implications for Fertility in Rural Bangladesh
W2571367764,https://doi.org/10.1007/s13524-016-0536-0,identified_core,PRIMARY_DIFFERENTIAL_STOPPING,REVEALED_STOPPING,STOPPING,2017,55,hybrid,,failed,"not_pdf_html_paywall,empty_or_tiny",0,,Agency in Fertility Decisions in Western Europe During the Demographic Transition: A Comparative Perspective
W2558564057,https://doi.org/10.1111/padr.12002,identified_core,PRIMARY_DIFFERENTIAL_STOPPING,REVEALED_STOPPING,STOPPING,2016,51,green,,failed,"not_pdf_html_paywall,empty_or_tiny",0,,In the Pursuit of Sons: Additional Births or Sex‐Selective Abortion in Pakistan?
W1489251003,https://doi.org/10.1596/1813-9450-4860,identified_core,PRIMARY_NORM_INTENSITY,NATURAL_EXPERIMENT,NORM_INTENSITY,2009,51,gold,https://www.rand.org/content/dam/rand/pubs/working_papers/2009/RAND_WR667.pdf,downloaded,ok,224709,W1489251003__long-term-financial-incentives-and-investment-in-daughters-e.pdf,Long-Term Financial Incentives And Investment In Daughters: Evidence From Conditional Cash Transfers In North India
W2048073431,https://doi.org/10.1111/j.1748-3131.2009.01115.x,identified_core,PRIMARY_SEXSEL_SUBSTITUTION,NATURAL_EXPERIMENT,SEXSEL_ABORTION,2009,49,closed,,no_oa_url,closed,0,,Ultrasonography and Sex Ratios in China
W2158489550,https://doi.org/10.1353/dem.2006.0015,identified_core,PRIMARY_DIFFERENTIAL_STOPPING,NATURAL_EXPERIMENT,STOPPING,2006,49,closed,,no_oa_url,closed,0,,Sex preferences and fertility in South Korea during the year of theHorse
W3169860430,https://doi.org/10.1093/ej/ueab035,identified_core,PRIMARY_SEXSEL_SUBSTITUTION,NATURAL_EXPERIMENT,SEXSEL_ABORTION,2021,46,closed,https://wrap.warwick.ac.uk/151329/1/WRAP-quantity-quality-girls-fertility-parental-investments-mortality-Bhalotra-2021.pdf,downloaded,ok,1705607,W3169860430__on-the-quantity-and-quality-of-girls-fertility-parental-inve.pdf,"On the Quantity and Quality of Girls: Fertility, Parental Investments and Mortality"
W1578874363,https://doi.org/10.2307/2061643,identified_core,PRIMARY_DIFFERENTIAL_STOPPING,REVEALED_STOPPING,STOPPING,1993,42,closed,,no_oa_url,closed,0,,"Gender preference and birth spacing in matlab, Bangladesh"
W3144183865,https://doi.org/10.1016/s2214-109x(21)00094-2,identified_core,PRIMARY_SEXSEL_SUBSTITUTION,REVEALED_STOPPING,SEXSEL_ABORTION,2021,41,gold,,failed,not_pdf_html_paywall,0,,Trends in missing females at birth in India from 1981 to 2016: analyses of 2·1 million birth histories in nationally rep
W4385886514,https://doi.org/10.1177/000312240206700406,identified_core,PRIMARY_DIFFERENTIAL_STOPPING,REVEALED_STOPPING,STOPPING,2002,41,bronze,,failed,not_pdf_html_paywall,0,,Emerging Parental Gender Indifference? Sex Composition of Children and the Third Birth
W2169274775,,identified_core,PRIMARY_DIFFERENTIAL_STOPPING,REVEALED_STOPPING,STOPPING,2000,41,green,https://econwpa.ub.uni-muenchen.de/econ-wp/dev/papers/0303/0303003.pdf,downloaded,ok,199055,W2169274775__changing-status-of-daughters-in-indonesia.pdf,Changing Status of Daughters in Indonesia
W2038661048,https://doi.org/10.2307/1966885,identified_core,PRIMARY_DIFFERENTIAL_STOPPING,REVEALED_STOPPING,STOPPING,1992,41,closed,,no_oa_url,closed,0,,"Contraceptive Use in Matlab, Bangladesh: The Role of Gender Preference"
W1934462296,https://doi.org/10.3386/w19153,identified_core,PRIMARY_SEXSEL_SUBSTITUTION,NATURAL_EXPERIMENT,SEXSEL_ABORTION,2013,40,green,https://doi.org/10.3386/w19153,downloaded,ok,622975,W1934462296__land-reform-and-sex-selection-in-china.pdf,Land Reform and Sex Selection in China
W2274303331,https://doi.org/10.1017/s0021932000011482,identified_core,PRIMARY_DIFFERENTIAL_STOPPING,REVEALED_STOPPING,STOPPING,1978,37,closed,,no_oa_url,closed,0,,The Fourth Korean Child: The Effect of Son Preference on Subsequent Fertility
W2775049802,https://doi.org/10.1086/695137,identified_core,PRIMARY_DIFFERENTIAL_STOPPING,REVEALED_STOPPING,STOPPING,2017,36,green,,failed,empty_or_tiny,0,,Son Preference and Gender-Biased Breastfeeding in Pakistan
W2107625305,https://doi.org/10.1017/s0305741015000375,identified_core,PRIMARY_SEXSEL_SUBSTITUTION,NATURAL_EXPERIMENT,SEXSEL_ABORTION,2015,36,closed,,no_oa_url,closed,0,,China's Skewed Sex Ratio and the One-Child Policy
W2094802606,https://doi.org/10.1363/ifpp.34.138.08,identified_core,PRIMARY_DIFFERENTIAL_STOPPING,REVEALED_STOPPING,STOPPING,2008,36,closed,,no_oa_url,closed,0,,Consistency and predictive ability of fertility preference indicators: longitudinal evidence from rural India.
W1973472077,https://doi.org/10.1353/jhr.2009.0005,identified_core,PRIMARY_DIFFERENTIAL_STOPPING,REVEALED_STOPPING,STOPPING,2009,35,closed,,no_oa_url,closed,0,,When is the Local Average Treatment Close to the Average?: Evidence from Fertility and Labor Supply
W2127031643,https://doi.org/10.1017/s0021932006001477,identified_core,PRIMARY_DIFFERENTIAL_STOPPING,REVEALED_STOPPING,STOPPING,2006,35,closed,,no_oa_url,closed,0,,PARENTAL PREFERENCE FOR SONS AND DAUGHTERS IN A WESTERN INDUSTRIAL SETTING: EVIDENCE AND IMPLICATIONS
W2056687536,https://doi.org/10.1016/s0968-8080(04)24147-7,identified_core,PRIMARY_DIFFERENTIAL_STOPPING,REVEALED_STOPPING,SEXSEL_ABORTION,2004,35,bronze,,failed,not_pdf_html_paywall,0,,"Abortion Patterns and Reported Sex Ratios at Birth in Rural Yunnan, China"
W1968361478,https://doi.org/10.1080/00324728.2014.994667,identified_core,PRIMARY_DIFFERENTIAL_STOPPING,REVEALED_STOPPING,STOPPING,2015,34,closed,,no_oa_url,closed,0,,Sex preference for children in German villages during the fertility transition
W2078263695,https://doi.org/10.1017/s0021932012000119,identified_core,PRIMARY_DIFFERENTIAL_STOPPING,REVEALED_STOPPING,STOPPING,2012,34,closed,,no_oa_url,closed,0,,"TWO SONS AND A DAUGHTER: SEX COMPOSITION AND WOMEN'S REPRODUCTIVE BEHAVIOUR IN MADHYA PRADESH, INDIA"
W2280640738,,identified_core,PRIMARY_SEXSEL_SUBSTITUTION,REVEALED_STOPPING,SEXSEL_ABORTION,1998,34,closed,,no_oa_url,closed,0,,Female foeticide in rural Haryana.
W3194287433,https://doi.org/10.1002/ajhb.23669,identified_core,PRIMARY_DIFFERENTIAL_STOPPING,REVEALED_STOPPING,STOPPING,2021,33,green,https://www.utupub.fi/bitstream/10024/191310/1/Zhang-AJHB-2022.pdf,downloaded,ok,544034,W3194287433__intention-to-have-a-second-child-family-support-and-actual-f.pdf,"Intention to have a second child, family support and actual fertility behavior in current China: An evolutionary perspec"
W2590047598,https://doi.org/10.1353/hpu.2017.0019,identified_core,PRIMARY_DIFFERENTIAL_STOPPING,REVEALED_STOPPING,STOPPING,2017,33,closed,,no_oa_url,closed,0,,Factors Associated with Contraceptive Use among Women of Reproductive Age in Rural Districts of Burkina Faso
W2036950915,https://doi.org/10.1080/00324728.2013.826372,identified_core,PRIMARY_SEXSEL_SUBSTITUTION,NATURAL_EXPERIMENT,SEXSEL_ABORTION,2013,33,closed,,no_oa_url,closed,0,,‘Maternity migration’ and the increased sex ratio at birth in Hong Kong SAR
W2053753053,https://doi.org/10.1080/17441692.2010.533686,identified_core,PRIMARY_DIFFERENTIAL_STOPPING,REVEALED_STOPPING,STOPPING,2011,33,green,,failed,"not_pdf_html_paywall,empty_or_tiny",0,,"Son preference and sterilisation use among young married women in two slums in Bengaluru city, India"
W1527265758,https://doi.org/10.3386/w14541,identified_core,PRIMARY_SEXSEL_SUBSTITUTION,NATURAL_EXPERIMENT,SEXSEL_ABORTION,2008,33,green,https://doi.org/10.3386/w14541,downloaded,ok,1043188,W1527265758__more-women-missing-fewer-girls-dying-the-impact-of-abortion-.pdf,"More Women Missing, Fewer Girls Dying: The Impact of Abortion on Sex Ratios at Birth and Excess Female Mortality in Taiw"
W2736506551,https://doi.org/10.1287/mnsc.2017.2779,identified_core,PRIMARY_SEXSEL_SUBSTITUTION,REVEALED_STOPPING,SEXSEL_ABORTION,2017,32,closed,,no_oa_url,closed,0,,Risk Aversion and Son Preference: Experimental Evidence from Chinese Twin Parents
W2068587077,https://doi.org/10.1363/3909713,identified_core,PRIMARY_SEXSEL_SUBSTITUTION,REVEALED_STOPPING,SEXSEL_ABORTION,2013,32,bronze,https://doi.org/10.1363/3909713,downloaded,ok,161400,W2068587077__the-mystery-of-missing-female-children-in-the-caucasus-an-an.pdf,The Mystery of Missing Female Children in the Caucasus: An Analysis of Sex Ratios by Birth Order
W1573103718,,identified_core,PRIMARY_DIFFERENTIAL_STOPPING,REVEALED_STOPPING,STOPPING,2011,32,green,https://utoronto.scholaris.ca/bitstreams/26114126-3aaa-488e-bd51-374fbe50232a/download,downloaded,ok,279292,W1573103718__sex-of-preceding-child-and-birth-spacing-among-nigerian-ethn.pdf,Sex of preceding child and birth spacing among Nigerian ethnic groups.
W2001694912,https://doi.org/10.2307/3246647,identified_core,PRIMARY_DIFFERENTIAL_STOPPING,REVEALED_STOPPING,STOPPING,2003,32,closed,,no_oa_url,closed,0,,Sex Preferences for Children Revisited: New Evidence from Germany
W2888993465,https://doi.org/10.1186/s41118-018-0036-8,identified_core,PRIMARY_DIFFERENTIAL_STOPPING,REVEALED_STOPPING,STOPPING,2018,31,gold,,failed,"not_pdf_html_paywall,empty_or_tiny",0,,Changes in sex ratio at birth among immigrant groups in Sweden
W2803854330,https://doi.org/10.1080/00324728.2018.1442583,identified_core,PRIMARY_SEXSEL_SUBSTITUTION,NATURAL_EXPERIMENT,SEXSEL_ABORTION,2018,30,hybrid,,failed,not_pdf_html_paywall,0,,Is prenatal sex selection associated with lower female child mortality?
W2020683083,https://doi.org/10.1371/journal.pone.0020097,identified_core,PRIMARY_DIFFERENTIAL_STOPPING,REVEALED_STOPPING,STOPPING,2011,30,gold,https://journals.plos.org/plosone/article/file?id=10.1371/journal.pone.0020097&type=printable,downloaded,ok,68824,W2020683083__sex-ratio-at-birth-in-india-its-relation-to-birth-order-sex-.pdf,"Sex Ratio at Birth in India, Its Relation to Birth Order, Sex of Previous Children and Use of Indigenous Medicine"
W4252516097,https://doi.org/10.1093/oso/9780190917425.001.0001,identified_core,PRIMARY_SEXSEL_SUBSTITUTION,NATURAL_EXPERIMENT,SEXSEL_ABORTION,2019,29,closed,,no_oa_url,closed,0,,Lost and Found
W2519509910,https://doi.org/10.1098/rsos.160526,identified_core,PRIMARY_DIFFERENTIAL_STOPPING,REVEALED_STOPPING,STOPPING,2016,28,gold,,failed,"not_pdf_html_paywall,empty_or_tiny",0,,Offspring sex preferences among patrilineal and matrilineal Mosuo in Southwest China revealed by differences in parity p
W2144539874,https://doi.org/10.1017/s0021932012000557,identified_core,PRIMARY_DIFFERENTIAL_STOPPING,REVEALED_STOPPING,STOPPING,2012,28,green,https://kops.uni-konstanz.de/server/api/core/bitstreams/dc5be175-50dc-4a50-a25e-ed40621722d0/content,downloaded,ok,257186,W2144539874__parental-status-and-gender-preferences-for-children-is-diffe.pdf,PARENTAL STATUS AND GENDER PREFERENCES FOR CHILDREN: IS DIFFERENTIAL FERTILITY STOPPING CONSISTENT WITH THE TRIVERS–WILL
W2753676441,https://doi.org/10.1177/0038022920100106,identified_core,PRIMARY_SEXSEL_SUBSTITUTION,REVEALED_STOPPING,SEXSEL_ABORTION,2010,27,closed,,no_oa_url,closed,0,,Disappearing Daughters and Intensification of Gender Bias: Evidence from Two Village Studies in South India
W1551986941,https://doi.org/10.51964/hlcs9356,identified_core,PRIMARY_DIFFERENTIAL_STOPPING,REVEALED_STOPPING,STOPPING,2015,26,diamond,https://hlcs.nl/article/download/9356/9855,downloaded,ok,913871,W1551986941__dimensions-of-rational-decision-making-during-the-demographi.pdf,Dimensions of Rational Decision-Making during the Demographic Transition; Aranjuez (Spain) Revisited
W1983534412,https://doi.org/10.2307/353510,identified_core,PRIMARY_DIFFERENTIAL_STOPPING,REVEALED_STOPPING,STOPPING,1996,26,closed,,no_oa_url,closed,0,,"Sex Preferences, Family Planning, and Fertility: An Israeli Subpopulation in Transition"
W2887735213,https://doi.org/10.1093/heapol/czy065,identified_core,PRIMARY_SEXSEL_SUBSTITUTION,NATURAL_EXPERIMENT,SEXSEL_ABORTION,2018,25,closed,,no_oa_url,closed,0,,Effectiveness of India’s National Programme to save the girl child: experience of Beti Bachao Beti Padao (B3P) programme
W3125530572,https://doi.org/10.3386/w23816,identified_core,PRIMARY_DIFFERENTIAL_STOPPING,REVEALED_STOPPING,STOPPING,2017,25,green,https://doi.org/10.3386/w23816,downloaded,ok,679388,W3125530572__is-there-still-son-preference-in-the-united-states.pdf,Is There Still Son Preference in the United States?
W2128862712,https://doi.org/10.1111/rode.12237,identified_core,PRIMARY_DIFFERENTIAL_STOPPING,REVEALED_STOPPING,STOPPING,2016,25,closed,,no_oa_url,closed,0,,"Son Preference, Number of Children, Education and Occupational Choice in Rural Nepal"
W1584513777,https://doi.org/10.1596/1813-9450-5972,identified_core,PRIMARY_DIFFERENTIAL_STOPPING,NATURAL_EXPERIMENT,STOPPING,2012,25,gold,,failed,not_pdf_html_paywall,0,,"Islamic Inheritance Law, Son Preference and Fertility Behavior of Muslim Couples in Indonesia"
W2012391265,https://doi.org/10.1016/j.hisfam.2010.09.003,identified_core,PRIMARY_DIFFERENTIAL_STOPPING,REVEALED_STOPPING,STOPPING,2010,25,green,,failed,"not_pdf_html_paywall,empty_or_tiny",0,,Fertility control in historical China revisited: New methods for an old debate
W1494809969,https://doi.org/10.3386/w15391,identified_core,PRIMARY_DIFFERENTIAL_STOPPING,REVEALED_STOPPING,STOPPING,2009,25,green,https://doi.org/10.3386/w15391,downloaded,ok,207792,W1494809969__o-sister-where-art-thou-the-role-of-son-preference-and-sex-c.pdf,"O Sister, Where Art Thou? The Role of Son Preference and Sex Choice: Evidence from Immigrants to Canada"
W2036565407,https://doi.org/10.1017/s0021932007001988,identified_core,PRIMARY_SEXSEL_SUBSTITUTION,REVEALED_STOPPING,SEXSEL_ABORTION,2007,25,green,,failed,not_pdf_html_paywall,0,,THE RELATION OF SON PREFERENCE AND RELIGION TO INDUCED ABORTION: THE CASE OF SOUTH KOREA
W1535493734,https://doi.org/10.3368/le.82.1.36,identified_core,PRIMARY_DIFFERENTIAL_STOPPING,NATURAL_EXPERIMENT,STOPPING,2006,25,closed,,no_oa_url,closed,0,,Do Secure Land Use Rights Reduce Fertility? The Case of Meitan County in China
W92500668,,identified_core,PRIMARY_DIFFERENTIAL_STOPPING,REVEALED_STOPPING,STOPPING,1984,25,closed,,no_oa_url,closed,0,,Son preference in Pakistan: an analysis of intentions vs. behavior.
W2809102791,https://doi.org/10.1136/jech-2018-210622,identified_core,PRIMARY_SEXSEL_SUBSTITUTION,REVEALED_STOPPING,SEXSEL_ABORTION,2018,24,hybrid,,failed,"not_pdf_html_paywall,empty_or_tiny",0,,"Sex ratios at birth among second-generation mothers of South Asian ethnicity in Ontario, Canada: a retrospective populat"
W2562838710,https://doi.org/10.1016/j.jdeveco.2016.11.005,identified_core,PRIMARY_DIFFERENTIAL_STOPPING,REVEALED_STOPPING,STOPPING,2016,24,hybrid,,failed,"not_pdf_html_paywall,empty_or_tiny",0,,Childhood health and the wantedness of male and female children
W2134680525,https://doi.org/10.1186/1742-4755-10-48,identified_core,PRIMARY_DIFFERENTIAL_STOPPING,REVEALED_STOPPING,STOPPING,2013,23,gold,,failed,"not_pdf_html_paywall,empty_or_tiny",0,,"The effect of family sex composition on fertility desires and family planning behaviors in urban Uttar Pradesh, India"
W2890678517,https://doi.org/10.1086/716101,identified_core,PRIMARY_SEXSEL_SUBSTITUTION,NATURAL_EXPERIMENT,NORM_INTENSITY,2021,22,hybrid,,failed,not_pdf_html_paywall,0,,The Role of Conflict in Sex Discrimination: The Case of Missing Girls
W3134905741,https://doi.org/10.1017/dem.2020.5,identified_core,PRIMARY_DIFFERENTIAL_STOPPING,REVEALED_STOPPING,STOPPING,2021,22,closed,,no_oa_url,closed,0,,Son preference and the fertility squeeze in India
W2043906799,https://doi.org/10.1080/17441730.2012.714669,identified_core,PRIMARY_SEXSEL_SUBSTITUTION,REVEALED_STOPPING,SEXSEL_ABORTION,2012,22,closed,,no_oa_url,closed,0,,DAUGHTER DISCRIMINATION AND FUTURE SEX RATIO AT BIRTH IN INDIA
W2911681878,https://doi.org/10.1136/bmjopen-2018-023021,identified_core,PRIMARY_SEXSEL_SUBSTITUTION,REVEALED_STOPPING,SEXSEL_ABORTION,2019,21,gold,,failed,"not_pdf_html_paywall,empty_or_tiny",0,,Determinants of imbalanced sex ratio at birth in Nepal: evidence from secondary analysis of a large hospital-based study
W2138779638,https://doi.org/10.1162/jinh_a_00303,identified_core,PRIMARY_DIFFERENTIAL_STOPPING,REVEALED_STOPPING,STOPPING,2012,21,closed,,no_oa_url,closed,0,,Offspring Sex Preference in Frontier America
W1553509536,,identified_core,PRIMARY_SEXSEL_SUBSTITUTION,NATURAL_EXPERIMENT,SEXSEL_ABORTION,2009,21,closed,,no_oa_url,closed,0,,"Son Preference, Sex Selection and Economic Development: Theory and Evidence from South Korea"
W2791485564,https://doi.org/10.1080/00324728.2017.1421254,identified_core,PRIMARY_DIFFERENTIAL_STOPPING,REVEALED_STOPPING,STOPPING,2018,20,green,,failed,not_pdf_html_paywall,0,,Immigrant mothers’ preferences for children’s sexes: A register-based study of fertility behaviour in Norway
W2402648525,,identified_core,PRIMARY_SEXSEL_SUBSTITUTION,NATURAL_EXPERIMENT,SEXSEL_ABORTION,2014,20,closed,,no_oa_url,closed,0,,Son Preference and Early Childhood Investments in China
W2085381099,https://doi.org/10.1080/13600818.2014.973390,identified_core,PRIMARY_SEXSEL_SUBSTITUTION,NATURAL_EXPERIMENT,SEXSEL_ABORTION,2014,20,closed,,no_oa_url,closed,0,,The Unintended Effects of a Ban on Sex-Selective Abortion on Infant Mortality: Evidence from India
W3123937132,,identified_core,PRIMARY_DIFFERENTIAL_STOPPING,REVEALED_STOPPING,STOPPING,2009,20,closed,http://www.nber.org/papers/w15391.pdf,downloaded,ok,207792,W3123937132__o-sister-where-art-thou-the-role-of-son-preference-and-sex-c.pdf,"O Sister, Where Art Thou? The Role of Son Preference and Sex Choice: Evidence from Immigrants to Canada"
W1967827304,https://doi.org/10.1017/s0021932000021830,identified_core,PRIMARY_DIFFERENTIAL_STOPPING,REVEALED_STOPPING,STOPPING,1993,20,closed,,no_oa_url,closed,0,,Effects of family sex composition on fertility preference and behaviour in rural Bangladesh
W2907081326,https://doi.org/10.1596/1813-9450-9390,identified_core,PRIMARY_SEXSEL_SUBSTITUTION,NATURAL_EXPERIMENT,STOPPING,2020,19,hybrid,http://documents.worldbank.org/curated/en/251111599659492315/pdf/On-the-Quantity-and-Quality-of-Girls-Fertility-Parental-Investments-and-Mortality.pdf,downloaded,ok,1615238,W2907081326__on-the-quantity-and-quality-of-girls-fertility-parental-inve.pdf,"On the Quantity and Quality of Girls : Fertility, Parental Investments, and Mortality"
W1986061976,https://doi.org/10.1017/s0021932008003106,identified_core,PRIMARY_DIFFERENTIAL_STOPPING,REVEALED_STOPPING,STOPPING,2008,19,closed,,no_oa_url,closed,0,,SEX RATIO AT BIRTH AND FAMILY COMPOSITION IN SUB-SAHARAN AFRICA: INTER-COUPLE VARIATIONS
W1965948118,https://doi.org/10.1080/00220380500356779,identified_core,PRIMARY_DIFFERENTIAL_STOPPING,REVEALED_STOPPING,STOPPING,2006,19,closed,,no_oa_url,closed,0,,Fertility and the household's economic status: A natural experiment using Indian micro data
W2067765668,https://doi.org/10.1177/0363199005284870,identified_core,PRIMARY_DIFFERENTIAL_STOPPING,REVEALED_STOPPING,STOPPING,2006,19,closed,,no_oa_url,closed,0,,Does the Sex of Firstborn Children Influence Subsequent Fertility Behavior?: Evidence from Family Reconstitution
W2794960936,https://doi.org/10.1186/s12978-018-0482-y,identified_core,PRIMARY_DIFFERENTIAL_STOPPING,REVEALED_STOPPING,STOPPING,2018,18,gold,,failed,"not_pdf_html_paywall,empty_or_tiny",0,,Sex composition and its impact on future childbearing: a longitudinal study from urban Uttar Pradesh
W4254394143,https://doi.org/10.31899/pgy2.1036,identified_core,PRIMARY_DIFFERENTIAL_STOPPING,NATURAL_EXPERIMENT,MORTALITY_INTERACTION,2005,18,gold,,failed,not_pdf_html_paywall,0,,The impact of childhood mortality on fertility in six rural thanas of Bangladesh
W3135432320,https://doi.org/10.1162/jinh_a_01626,identified_core,PRIMARY_DIFFERENTIAL_STOPPING,REVEALED_STOPPING,STOPPING,2021,17,green,,failed,not_pdf_html_paywall,0,,"Adapting Family Size and Composition: Childhood Mortality and Fertility in Rural Spain, 1750–1949"
W3137416820,https://doi.org/10.1136/bmjopen-2020-042542,identified_core,PRIMARY_DIFFERENTIAL_STOPPING,REVEALED_STOPPING,STOPPING,2021,17,gold,https://bmjopen.bmj.com/content/bmjopen/11/3/e042542.full.pdf,downloaded,ok,692130,W3137416820__prevalence-and-correlates-of-sex-selective-abortions-and-mis.pdf,Prevalence and correlates of sex-selective abortions and missing girls in Nepal: evidence from the 2011 Population Censu
W3027086863,https://doi.org/10.1007/s13524-020-00875-7,identified_core,PRIMARY_DIFFERENTIAL_STOPPING,NATURAL_EXPERIMENT,STOPPING,2020,17,bronze,,failed,not_pdf_html_paywall,0,,Son Preference and Fertility Decisions: Evidence From Spatiotemporal Variation in Korea
W2405491363,https://doi.org/10.1257/app.20160262,identified_core,PRIMARY_DIFFERENTIAL_STOPPING,NATURAL_EXPERIMENT,STOPPING,2019,17,bronze,http://repository.essex.ac.uk/23800/1/Property%20Rights%20and%20Gender%20Bias%20final%20manuscript%20v2%20%281%29.pdf,downloaded,ok,379060,W2405491363__property-rights-and-gender-bias-evidence-from-land-reform-in.pdf,Property Rights and Gender Bias: Evidence from Land Reform in West Bengal
W2534464578,https://doi.org/10.1136/jech-2016-207489,identified_core,PRIMARY_DIFFERENTIAL_STOPPING,REVEALED_STOPPING,STOPPING,2016,17,bronze,,failed,"not_pdf_html_paywall,empty_or_tiny",0,,Prenatal sex selection and female infant mortality are more common in India after firstborn and second-born daughters
W2057270498,https://doi.org/10.1136/bmj.1.4709.733,identified_core,PRIMARY_DIFFERENTIAL_STOPPING,REVEALED_STOPPING,STOPPING,1951,17,bronze,https://www.bmj.com/content/bmj/1/4709/733.full.pdf,downloaded,ok,463061,W2057270498__sex-pattern-and-size-of-family.pdf,Sex Pattern and Size of Family
W1570568212,https://doi.org/10.3386/w21036,identified_core,PRIMARY_DIFFERENTIAL_STOPPING,REVEALED_STOPPING,STOPPING,2015,16,green,https://doi.org/10.3386/w21036,downloaded,ok,233745,W1570568212__why-are-indian-children-so-short.pdf,Why Are Indian Children So Short?
W2131506957,https://doi.org/10.1016/j.jdeveco.2008.11.005,identified_core,PRIMARY_DIFFERENTIAL_STOPPING,NATURAL_EXPERIMENT,STOPPING,2008,16,green,,failed,curl_error:6,0,,Causal effects of sex preference on sex-blind and sex-selective child avoidance and substitution across birth years: Evi
W2293589930,https://doi.org/10.1086/682685,identified_core,PRIMARY_SEXSEL_SUBSTITUTION,NATURAL_EXPERIMENT,SEXSEL_ABORTION,2015,15,closed,,no_oa_url,closed,0,,"Abortion Legalization, Sex Selection, and Female University Enrollment in Taiwan"
W2048043701,https://doi.org/10.1017/s0021932011000605,identified_core,PRIMARY_DIFFERENTIAL_STOPPING,REVEALED_STOPPING,STOPPING,2011,15,closed,,no_oa_url,closed,0,,THE IMPACT OF THE STOPPING RULE ON SEX RATIO OF LAST BIRTHS IN VIETNAM
W3121374277,,identified_core,PRIMARY_SEXSEL_SUBSTITUTION,NATURAL_EXPERIMENT,SEXSEL_ABORTION,2008,15,gold,http://www.nber.org/papers/w14541.pdf,downloaded,ok,1043188,W3121374277__more-women-missing-fewer-girls-dying-the-impact-of-abortion-.pdf,"More Women Missing, Fewer Girls Dying: The Impact of Abortion on Sex Ratios at Birth and Excess Female Mortality in Taiw"
W4226069296,https://doi.org/10.1007/s00148-022-00896-z,identified_core,PRIMARY_SEXSEL_SUBSTITUTION,NATURAL_EXPERIMENT,SEXSEL_ABORTION,2022,14,hybrid,,failed,not_pdf_html_paywall,0,,Unwanted daughters: the unintended consequences of a ban on sex-selective abortions on the educational attainment of wom
W3209243667,https://doi.org/10.1080/17441730.2021.1992858,identified_core,PRIMARY_DIFFERENTIAL_STOPPING,REVEALED_STOPPING,STOPPING,2021,14,hybrid,,failed,not_pdf_html_paywall,0,,"Son preference, gender asymmetries and parity progressions: the case of Kyrgyzstan"
W3007934406,https://doi.org/10.1080/00324728.2020.1721736,identified_core,PRIMARY_DIFFERENTIAL_STOPPING,REVEALED_STOPPING,STOPPING,2020,14,closed,,no_oa_url,closed,0,,Survival and sex composition of offspring: Individual-level responses in the quantum and tempo of childbearing during th
W2896003410,,identified_core,PRIMARY_DIFFERENTIAL_STOPPING,NATURAL_EXPERIMENT,STOPPING,2018,14,closed,,no_oa_url,closed,0,,The Limits (and Human Costs) of Population Policy: Fertility Decline and Sex Selection in China under Mao
W3140276181,,identified_core,PRIMARY_DIFFERENTIAL_STOPPING,REVEALED_STOPPING,STOPPING,2005,14,green,https://docs.iza.org/dp2075.pdf,downloaded,ok,460523,W3140276181__new-evidence-on-the-causal-link-between-the-quantity-and-qua.pdf,New Evidence on the Causal Link Between the Quantity and Quality of Children
W205570474,,identified_core,PRIMARY_SEXSEL_SUBSTITUTION,NATURAL_EXPERIMENT,SEXSEL_ABORTION,1996,14,closed,,no_oa_url,closed,0,,Prenatal sex determination: a new family-building strategy.
W3127577270,https://doi.org/10.1111/rode.12748,identified_core,PRIMARY_DIFFERENTIAL_STOPPING,NATURAL_EXPERIMENT,STOPPING,2021,13,closed,,no_oa_url,closed,0,,"Son‐biased fertility stopping, birth spacing, and child nutritional status in Pakistan"
W2115690823,https://doi.org/10.1080/21665095.2014.948898,identified_core,PRIMARY_DIFFERENTIAL_STOPPING,NATURAL_EXPERIMENT,STOPPING,2014,13,gold,,failed,not_pdf_html_paywall,0,,Impact of fertility on objective and subjective poverty in Malawi
W2036598350,https://doi.org/10.1007/s13524-012-0194-9,identified_core,PRIMARY_DIFFERENTIAL_STOPPING,REVEALED_STOPPING,SEXSEL_ABORTION,2013,13,bronze,,failed,not_pdf_html_paywall,0,,"Skewed Sex Ratios in India: “Physician, Heal Thyself”"
W2146448209,https://doi.org/10.3126/kumj.v9i4.6334,identified_core,PRIMARY_DIFFERENTIAL_STOPPING,REVEALED_STOPPING,STOPPING,2012,13,bronze,https://www.nepjol.info/index.php/KUMJ/article/download/6334/5167,downloaded,ok,230878,W2146448209__sex-preferences-among-mothers-delivering-at-patan-hospital.pdf,Sex Preferences Among Mothers Delivering at Patan Hospital
W2340911476,,identified_core,PRIMARY_DIFFERENTIAL_STOPPING,REVEALED_STOPPING,STOPPING,2005,13,closed,,no_oa_url,closed,0,,Are there missing girls in the United States? Evidence on gender preference and gender selection ∗
W4388228903,https://doi.org/10.1111/rode.13066,identified_core,PRIMARY_DIFFERENTIAL_STOPPING,NATURAL_EXPERIMENT,STOPPING,2023,12,hybrid,,failed,not_pdf_html_paywall,0,,Reassessing the relationship between women's empowerment and fertility: Evidence from India
W3134978614,https://doi.org/10.1017/dem.2020.8,identified_core,PRIMARY_DIFFERENTIAL_STOPPING,NATURAL_EXPERIMENT,STOPPING,2021,12,hybrid,https://www.cambridge.org/core/services/aop-cambridge-core/content/view/F227E8A3EBAF656DA3527AE10762D451/S2054089220000085a.pdf/div-class-title-segregation-fertility-and-son-preference-the-case-of-the-roma-in-serbia-div.pdf,downloaded,ok,541553,W3134978614__segregation-fertility-and-son-preference-the-case-of-the-rom.pdf,"Segregation, fertility, and son preference: the case of the Roma in Serbia"
W4362581102,https://doi.org/10.1007/s11698-023-00267-y,identified_core,PRIMARY_SEXSEL_SUBSTITUTION,NATURAL_EXPERIMENT,SEXSEL_ABORTION,2023,11,hybrid,,failed,not_pdf_html_paywall,0,,"Economic development, female wages and missing female births in Spain, 1900–1930"
W1514431799,https://doi.org/10.3386/w21138,identified_core,PRIMARY_DIFFERENTIAL_STOPPING,NATURAL_EXPERIMENT,STOPPING,2015,11,green,https://doi.org/10.3386/w21138,downloaded,ok,341472,W1514431799__preference-for-boys-family-size-and-educational-attainment-i.pdf,"Preference for Boys, Family Size and Educational Attainment in India"
W2114947228,https://doi.org/10.1093/wbro/lkn005,identified_core,PRIMARY_DIFFERENTIAL_STOPPING,REVEALED_STOPPING,STOPPING,2008,11,green,,failed,not_pdf_html_paywall,0,,Can Biological Factors Like Hepatitis B Explain the Bulk of Gender Imbalance in China? A Review of the Evidence
W1556321727,,identified_core,PRIMARY_DIFFERENTIAL_STOPPING,REVEALED_STOPPING,STOPPING,2003,11,closed,,failed,curl_error:6,0,,Poverty and Fertility - An Instrumental Variables Analysis on Indian Micro Data
W122517677,,identified_core,PRIMARY_DIFFERENTIAL_STOPPING,REVEALED_STOPPING,MORTALITY_INTERACTION,1999,11,closed,,no_oa_url,closed,0,,Infant mortality and the pace of childbearing in Ghana: some evidence of son preference
W1526396551,,identified_core,PRIMARY_DIFFERENTIAL_STOPPING,REVEALED_STOPPING,STOPPING,1994,11,closed,,no_oa_url,closed,0,,Gender Preference and Sex Imbalance in the Population and Their Implications in Korea
W4385581688,https://doi.org/10.1007/s00148-023-00968-8,identified_core,PRIMARY_DIFFERENTIAL_STOPPING,REVEALED_STOPPING,STOPPING,2023,10,closed,,no_oa_url,closed,0,,Explaining third birth patterns in India: causal effects of sibling sex composition
W4311242241,https://doi.org/10.1108/caer-03-2022-0042,identified_core,PRIMARY_NORM_INTENSITY,NATURAL_EXPERIMENT,NORM_INTENSITY,2022,10,closed,,no_oa_url,closed,0,,Does female off-farm employment affect fertility desire? Evidence from rural China
W3162044177,https://doi.org/10.1002/soej.12509,identified_core,PRIMARY_DIFFERENTIAL_STOPPING,REVEALED_STOPPING,STOPPING,2021,10,closed,,no_oa_url,closed,0,,Culture and son preference: Evidence from immigrants to the United States
W2943970741,https://doi.org/10.1007/s12546-019-09224-x,identified_core,PRIMARY_DIFFERENTIAL_STOPPING,REVEALED_STOPPING,STOPPING,2019,10,hybrid,,failed,not_pdf_html_paywall,0,,Transition to third birth among immigrant mothers in Sweden: Does having two daughters accelerate the process?
W2013251659,https://doi.org/10.4054/demres.2014.30.2,identified_core,PRIMARY_DIFFERENTIAL_STOPPING,REVEALED_STOPPING,STOPPING,2014,10,diamond,https://www.demographic-research.org/volumes/vol30/2/30-2.pdf,downloaded,ok,356068,W2013251659__sex-composition-of-children-parental-separation-and-parity-p.pdf,"Sex composition of children, parental separation, and parity progression: Is Finland a Nordic outlier?"
W3124082852,https://doi.org/10.1037/e602422012-001,identified_core,PRIMARY_DIFFERENTIAL_STOPPING,REVEALED_STOPPING,STOPPING,2008,10,gold,,failed,not_pdf_html_paywall,0,,"Development, Modernization, and Son Preference in Fertility Decisions"
W1564920563,https://doi.org/10.1093/jae/12.3.371,identified_core,PRIMARY_DIFFERENTIAL_STOPPING,REVEALED_STOPPING,STOPPING,2003,10,green,http://fmwww.bc.edu/RePEc/es2000/0072c.pdf,downloaded,ok,51377,W1564920563__testing-for-son-preference-in-south-africa.pdf,Testing for Son Preference in South Africa
W187439641,https://doi.org/10.18356/961d26ef-en,identified_core,PRIMARY_DIFFERENTIAL_STOPPING,REVEALED_STOPPING,STOPPING,1998,10,closed,,no_oa_url,closed,0,,The determinants of first and subsequent births in urban and rural areas of Bangladesh
W2025918103,https://doi.org/10.1017/s0021932000017892,identified_core,PRIMARY_DIFFERENTIAL_STOPPING,REVEALED_STOPPING,STOPPING,1989,10,closed,,no_oa_url,closed,0,,Son preference and child replacement in Bangladesh: a new look at the child survival hypothesis
W3202261446,https://doi.org/10.1111/ecot.12306,identified_core,PRIMARY_NORM_INTENSITY,NATURAL_EXPERIMENT,NORM_INTENSITY,2021,9,closed,,no_oa_url,closed,0,,Housing prices and son preference: Evidence from China’s housing reform
W2766601420,https://doi.org/10.1093/oso/9780198829591.003.0014,identified_core,PRIMARY_SEXSEL_SUBSTITUTION,NATURAL_EXPERIMENT,SEXSEL_ABORTION,2018,9,gold,,failed,"empty_or_tiny,not_pdf_html_paywall",0,,"The Effect of China’s One Child Policy on Sex Selection, Family Size, and the School Enrolment of Daughters"
W2625718170,https://doi.org/10.1080/00324728.2017.1330489,identified_core,PRIMARY_DIFFERENTIAL_STOPPING,REVEALED_STOPPING,STOPPING,2017,9,closed,,no_oa_url,closed,0,,"Gender bias in reproductive behaviour in Georgia, Indonesia, and Vietnam: An application of the own-children method"
W2183437807,,identified_core,PRIMARY_SEXSEL_SUBSTITUTION,NATURAL_EXPERIMENT,SEXSEL_ABORTION,2009,9,closed,,no_oa_url,closed,0,,The Effect of Ultrasound Testing during Pregnancy on Pregnancy Termination and the Sex Ratio at Birth in India
W2160091333,https://doi.org/10.1596/1813-9450-4502,identified_core,PRIMARY_DIFFERENTIAL_STOPPING,REVEALED_STOPPING,STOPPING,2008,9,green,,failed,not_pdf_html_paywall,0,,Does Hepatitis B Infection Or Son Preference Explain The Bulk Of Gender Imbalance In China? : A Review Of The Evidence
W4379648140,https://doi.org/10.1080/00220388.2023.2217997,identified_core,PRIMARY_NORM_INTENSITY,NATURAL_EXPERIMENT,STOPPING,2023,8,closed,,no_oa_url,closed,0,,Female Early Marriage and Son Preference in Pakistan
W3211253038,https://doi.org/10.1136/bmjopen-2021-052343,identified_core,PRIMARY_DIFFERENTIAL_STOPPING,REVEALED_STOPPING,STOPPING,2021,8,gold,,failed,"not_pdf_html_paywall,empty_or_tiny",0,,Sex ratios and ‘missing women’ among Asian minority and migrant populations in Aotearoa/New Zealand: a retrospective coh
W2963214458,https://doi.org/10.14267/cjssp.2019.1.2,identified_core,PRIMARY_DIFFERENTIAL_STOPPING,REVEALED_STOPPING,STOPPING,2019,8,diamond,http://cjssp.uni-corvinus.hu/index.php/cjssp/article/download/320/pdf,downloaded,ok,443537,W2963214458__effects-of-son-preference-on-fertility-a-parity-progression-.pdf,Effects of son preference on fertility: A parity progression analysis
W4391535803,https://doi.org/10.1080/17538963.2024.2312495,identified_core,PRIMARY_SEXSEL_SUBSTITUTION,NATURAL_EXPERIMENT,SEXSEL_ABORTION,2024,7,closed,,no_oa_url,closed,0,,"Fertility, female labor supply, and household saving evidence from relaxing the one-child policy in China"
W3109125153,https://doi.org/10.3386/w25130,identified_core,PRIMARY_DIFFERENTIAL_STOPPING,NATURAL_EXPERIMENT,STOPPING,2018,7,green,http://www.nber.org/papers/w25130.pdf,downloaded,ok,1058651,W3109125153__the-limits-and-consequences-of-population-policy-evidence-fr.pdf,The Limits and Consequences of Population Policy: Evidence from China’s Wan Xi Shao Campaign
W2175768736,,identified_core,PRIMARY_DIFFERENTIAL_STOPPING,REVEALED_STOPPING,STOPPING,2015,7,green,,failed,not_pdf_html_paywall,0,,Religion and son preference in India and Bangladesh: Three essays on comparing Hindus and Muslims on son preference and 
W2949764367,https://doi.org/10.3386/w21459,identified_core,PRIMARY_DIFFERENTIAL_STOPPING,REVEALED_STOPPING,STOPPING,2015,7,green,https://doi.org/10.3386/w21459,downloaded,ok,2036749,W2949764367__from-local-to-global-external-validity-in-a-fertility-natura.pdf,From Local to Global: External Validity in a Fertility Natural Experiment
W2151127174,https://doi.org/10.1017/s0021932014000078,identified_core,PRIMARY_DIFFERENTIAL_STOPPING,REVEALED_STOPPING,STOPPING,2014,7,closed,,no_oa_url,closed,0,,GENDER SATURATION IN THE SOUTHERN CAUCASUS: FAMILY COMPOSITION AND SEX-SELECTIVE ABORTION
W1490311660,https://doi.org/10.3386/w18679,identified_core,PRIMARY_SEXSEL_SUBSTITUTION,NATURAL_EXPERIMENT,SEXSEL_ABORTION,2013,7,green,https://doi.org/10.3386/w18679,downloaded,ok,299422,W1490311660__son-preference-sex-selection-and-economic-development-the-ca.pdf,"Son Preference, Sex Selection and Economic Development: The Case of South Korea"
W2300501271,,identified_core,PRIMARY_DIFFERENTIAL_STOPPING,REVEALED_STOPPING,STOPPING,2012,7,closed,,no_oa_url,closed,0,,Role of Gender in Contraceptive Use among Currently Married Women in Uttar Pradesh and Bihar
W2250077221,https://doi.org/10.1016/s0190-1281(04)23012-8,identified_core,PRIMARY_DIFFERENTIAL_STOPPING,REVEALED_STOPPING,STOPPING,2004,7,closed,,no_oa_url,closed,0,,MATERNAL NUTRITION AND SEX RATIO AT BIRTH IN ETHIOPIA
W2403719185,,identified_core,PRIMARY_DIFFERENTIAL_STOPPING,REVEALED_STOPPING,STOPPING,1996,7,closed,,no_oa_url,closed,0,,Sex preference versus number preference: the case of Korea.
W2014423481,https://doi.org/10.1002/ijpg.6060010102,identified_core,PRIMARY_SEXSEL_SUBSTITUTION,NATURAL_EXPERIMENT,SEXSEL_ABORTION,1995,7,closed,,no_oa_url,closed,0,,"The ethics of population control in rural China, 1979–92"
W4401768183,https://doi.org/10.1007/s11113-024-09910-6,identified_core,PRIMARY_DIFFERENTIAL_STOPPING,NATURAL_EXPERIMENT,STOPPING,2024,6,closed,,no_oa_url,closed,0,,"The Interplay of Sibling Sex Composition, Son Preference, and Child Education in China: Evidence from the One-Child Poli"
W4396767233,https://doi.org/10.1186/s41118-024-00217-0,identified_core,PRIMARY_DIFFERENTIAL_STOPPING,REVEALED_STOPPING,STOPPING,2024,6,gold,,failed,not_pdf_html_paywall,0,,Gender composition of children and desires for the next child in “son preference” countries
W4321102312,https://doi.org/10.4054/demres.2023.48.8,identified_core,PRIMARY_DIFFERENTIAL_STOPPING,REVEALED_STOPPING,STOPPING,2023,6,diamond,https://www.demographic-research.org/volumes/vol48/8/48-8.pdf,downloaded,ok,860063,W4321102312__the-sex-preference-for-children-in-europe-children-s-sex-and.pdf,The sex preference for children in Europe: Children’s sex and the probability and timing of births
W4317434379,https://doi.org/10.3982/qe2088,identified_core,PRIMARY_SEXSEL_SUBSTITUTION,NATURAL_EXPERIMENT,SEXSEL_ABORTION,2023,6,diamond,,failed,"empty_or_tiny,not_pdf_html_paywall",0,,The demographic consequences of sex‐selection technology
W4282936599,https://doi.org/10.1371/journal.pone.0269170,identified_core,PRIMARY_DIFFERENTIAL_STOPPING,REVEALED_STOPPING,STOPPING,2022,6,gold,https://journals.plos.org/plosone/article/file?id=10.1371/journal.pone.0269170&type=printable,downloaded,ok,419978,W4282936599__role-of-maternal-and-child-health-services-on-the-uptake-of-.pdf,Role of maternal and child health services on the uptake of contraceptive use in India: A reproductive calendar approach
W4289174295,https://doi.org/10.1080/00036846.2022.2083069,identified_core,PRIMARY_NORM_INTENSITY,NATURAL_EXPERIMENT,NORM_INTENSITY,2022,6,closed,,no_oa_url,closed,0,,Fertility targets: linkages between desire for sons and sterilization in India
W2769962898,https://doi.org/10.1017/s0021932017000578,identified_core,PRIMARY_DIFFERENTIAL_STOPPING,REVEALED_STOPPING,STOPPING,2017,6,closed,,no_oa_url,closed,0,,IMPACT OF SEX COMPOSITION OF LIVING CHILDREN AND COUPLES’ AGREEMENT ON SUBSEQUENT FERTILITY IN INDIA
W2596504761,https://doi.org/10.3917/pope.1604.0641,identified_core,PRIMARY_DIFFERENTIAL_STOPPING,REVEALED_STOPPING,STOPPING,2016,6,closed,,no_oa_url,closed,0,,Son Preference in a Sharecropping Society: Gender Composition of Children and Reproduction in a Pre-Transitional Italian
W2133513604,https://doi.org/10.1186/2193-9039-2-10,identified_core,PRIMARY_SEXSEL_SUBSTITUTION,REVEALED_STOPPING,SEXSEL_ABORTION,2013,6,hybrid,,failed,not_pdf_html_paywall,0,,Missing women in the United Kingdom
W845168844,,identified_core,PRIMARY_DIFFERENTIAL_STOPPING,REVEALED_STOPPING,STOPPING,2009,6,closed,,no_oa_url,closed,0,,Labour markets in developing countries
W4243062295,https://doi.org/10.3368/jhr.44.4.955,identified_core,PRIMARY_DIFFERENTIAL_STOPPING,NATURAL_EXPERIMENT,STOPPING,2009,6,closed,,no_oa_url,closed,0,,When is the Local Average Treatment Close to the Average?
W1894977388,,identified_core,PRIMARY_DIFFERENTIAL_STOPPING,REVEALED_STOPPING,STOPPING,1971,6,closed,,no_oa_url,closed,0,,Son-preference and fertility behavior
W4210854838,https://doi.org/10.1080/00324728.2022.2027003,identified_core,PRIMARY_DIFFERENTIAL_STOPPING,REVEALED_STOPPING,STOPPING,2022,5,green,,failed,"not_pdf_html_paywall,empty_or_tiny",0,,Preferences for a mixed-sex composition of offspring: A multigenerational approach
W3095408049,https://doi.org/10.1177/0363199020959785,identified_core,PRIMARY_DIFFERENTIAL_STOPPING,REVEALED_STOPPING,STOPPING,2020,5,closed,,no_oa_url,closed,0,,"Rural–Urban Fertility Convergence, Differential Stopping Behavior, and Contraceptive Method Mix in West Bengal, India: A"
W2885485320,https://doi.org/10.1002/jae.2646,identified_core,PRIMARY_DIFFERENTIAL_STOPPING,NATURAL_EXPERIMENT,STOPPING,2018,5,bronze,https://researchonline.lse.ac.uk/id/eprint/90192/1/Orsini_Girls%20and%20boys_2018.pdf,downloaded,ok,1900191,W2885485320__girls-and-boys-economic-crisis-fertility-and-birth-outcomes.pdf,"Girls and boys: Economic crisis, fertility, and birth outcomes"
W2765959725,https://doi.org/10.1016/j.ssmph.2017.10.003,identified_core,PRIMARY_SEXSEL_SUBSTITUTION,NATURAL_EXPERIMENT,SEXSEL_ABORTION,2017,5,gold,,failed,"not_pdf_html_paywall,empty_or_tiny",0,,Fertility behaviors in South Korea and their association with ultrasound prenatal sex screening
W4231452854,https://doi.org/10.35188/unu-wider/2017/385-1,identified_core,PRIMARY_SEXSEL_SUBSTITUTION,NATURAL_EXPERIMENT,SEXSEL_ABORTION,2017,5,bronze,,failed,empty_or_tiny,0,,"The effect of China’s One Child Policy on sex selection, family size, and the school enrolment of daughters"
W2336368475,,identified_core,PRIMARY_DIFFERENTIAL_STOPPING,REVEALED_STOPPING,STOPPING,2016,5,green,,failed,not_pdf_html_paywall,0,,A demographic history of settler South Africa
W2411520137,,identified_core,PRIMARY_DIFFERENTIAL_STOPPING,REVEALED_STOPPING,STOPPING,1985,5,closed,,no_oa_url,closed,0,,Sons and daughters in China.
W4398782499,https://doi.org/10.1080/00220388.2024.2354230,identified_core,PRIMARY_DIFFERENTIAL_STOPPING,REVEALED_STOPPING,STOPPING,2024,4,green,,failed,empty_or_tiny,0,,Son Targeting Fertility Behaviour in Albania
W4366351506,https://doi.org/10.1007/s10680-023-09655-6,identified_core,PRIMARY_DIFFERENTIAL_STOPPING,REVEALED_STOPPING,STOPPING,2023,4,hybrid,,failed,"not_pdf_html_paywall,empty_or_tiny",0,,Explaining Residential Clustering of Large Families
W4313528383,https://doi.org/10.1080/00220388.2022.2154152,identified_core,PRIMARY_SEXSEL_SUBSTITUTION,NATURAL_EXPERIMENT,SEXSEL_ABORTION,2023,4,green,https://docs.iza.org/dp15838.pdf,downloaded,ok,464447,W4313528383__estimating-the-effects-of-expanding-ultrasound-use-on-sex-se.pdf,Estimating the Effects of Expanding Ultrasound Use on Sex Selection in India
W3109725092,https://doi.org/10.4324/9780367817626-5,identified_core,PRIMARY_SEXSEL_SUBSTITUTION,REVEALED_STOPPING,SEXSEL_ABORTION,2020,4,closed,,no_oa_url,closed,0,,Sex-Selective Abortion in Gujarat and Haryana: Some Empirical Evidence
W3121579767,https://doi.org/10.1596/1813-9450-6802,identified_core,PRIMARY_DIFFERENTIAL_STOPPING,REVEALED_STOPPING,STOPPING,2014,4,green,,failed,"curl_error:28,not_pdf_html_paywall",0,,Why are Adult Women Missing? Son Preference and Maternal Survival in India
W3124749842,https://doi.org/10.1515/fhep-2014-0018,identified_core,PRIMARY_SEXSEL_SUBSTITUTION,NATURAL_EXPERIMENT,SEXSEL_ABORTION,2014,4,closed,,no_oa_url,closed,0,,Sex-selective Abortion Bans are Not Associated with Changes in Sex Ratios at Birth among Asian Populations in Illinois a
W3124980806,https://doi.org/10.4054/mpidr-wp-2004-019,identified_core,PRIMARY_DIFFERENTIAL_STOPPING,REVEALED_STOPPING,STOPPING,2004,4,gold,https://www.demogr.mpg.de/papers/working/wp-2004-019.pdf,downloaded,ok,155433,W3124980806__gendering-the-family-composition-sex-preferences-for-childre.pdf,Gendering the family composition: sex preferences for children and childbearing behavior in the Nordic countries
W2094838302,https://doi.org/10.2307/2950741,identified_core,PRIMARY_DIFFERENTIAL_STOPPING,REVEALED_STOPPING,STOPPING,1996,4,closed,,no_oa_url,closed,0,,"Son Preference Remains Strong Among Vietnamese Women, but Has Only a Modest Effect on Fertility"
W2291861150,,identified_core,PRIMARY_DIFFERENTIAL_STOPPING,REVEALED_STOPPING,STOPPING,1994,4,closed,,no_oa_url,closed,0,,Effects of the family formation norms on demographic behaviors: case of Okinawa in Japan.
W4407172282,https://doi.org/10.1215/00703370-11798263,identified_core,PRIMARY_SEXSEL_SUBSTITUTION,NATURAL_EXPERIMENT,SEXSEL_ABORTION,2025,3,gold,,failed,not_pdf_html_paywall,0,,"Prenatal Care, Son Preference, and the Sex Ratio at Birth"
W4410810574,https://doi.org/10.1371/journal.pgph.0004672,identified_core,PRIMARY_SEXSEL_SUBSTITUTION,REVEALED_STOPPING,SEXSEL_ABORTION,2025,3,gold,https://journals.plos.org/globalpublichealth/article/file?id=10.1371/journal.pgph.0004672&type=printable,downloaded,ok,1074624,W4410810574__indirect-evidence-of-sex-selective-abortion-practices-to-the.pdf,Indirect evidence of sex-selective abortion practices to the imbalanced sex ratio at birth in Australian migrant populat
W4388033567,https://doi.org/10.1002/hec.4772,identified_core,PRIMARY_SEXSEL_SUBSTITUTION,NATURAL_EXPERIMENT,SEXSEL_ABORTION,2023,3,bronze,,failed,not_pdf_html_paywall,0,,How does a ban on sex‐selective abortions affect child health?
W4379051530,https://doi.org/10.1080/00324728.2023.2211045,identified_core,PRIMARY_DIFFERENTIAL_STOPPING,REVEALED_STOPPING,STOPPING,2023,3,hybrid,,failed,not_pdf_html_paywall,0,,Fertility patterns and sex composition preferences in immigrant–native unions in Sweden
W3170701869,https://doi.org/10.2478/eoik-2021-0010,identified_core,PRIMARY_DIFFERENTIAL_STOPPING,REVEALED_STOPPING,STOPPING,2021,3,gold,https://www.sciendo.com/pdf/10.2478/eoik-2021-0010,downloaded,ok,2577363,W3170701869__the-transition-of-son-preference-evidence-from-southeast-asi.pdf,The Transition of Son Preference: Evidence from Southeast Asian Countries
W2890075677,https://doi.org/10.1080/00220388.2018.1506581,identified_core,PRIMARY_NORM_INTENSITY,NATURAL_EXPERIMENT,NORM_INTENSITY,2018,3,hybrid,https://ueaeprints.uea.ac.uk/id/eprint/68416/1/Published_manuscript.pdf,downloaded,ok,688637,W2890075677__all-you-need-is-cable-tv.pdf,All You Need is Cable TV?
W2791248423,https://doi.org/10.18203/2320-1770.ijrcog20180959,identified_core,PRIMARY_DIFFERENTIAL_STOPPING,REVEALED_STOPPING,STOPPING,2018,3,diamond,https://www.ijrcog.org/index.php/ijrcog/article/download/4512/3337,downloaded,ok,179568,W2791248423__effect-of-male-child-preference-on-the-decision-making-of-wo.pdf,Effect of male child preference on the decision making of women in choosing contraception
W2239434338,https://doi.org/10.1080/13504851.2015.1016203,identified_core,PRIMARY_DIFFERENTIAL_STOPPING,REVEALED_STOPPING,STOPPING,2015,3,closed,,no_oa_url,closed,0,,Children and maternal migration: evidence from exogenous variations in family size
W2259041493,https://doi.org/10.2139/ssrn.2408391,identified_core,PRIMARY_NORM_INTENSITY,REVEALED_STOPPING,NORM_INTENSITY,2014,3,green,,failed,not_pdf_html_paywall,0,,Immigrant Parents' Preferences for Children's Sex: A Register-Based Study of Fertility Behavior in Ten National-Origin G
W3122661873,,identified_core,PRIMARY_SEXSEL_SUBSTITUTION,NATURAL_EXPERIMENT,SEXSEL_ABORTION,2014,3,green,http://fmwww.bc.edu/EC-P/wp827.pdf,downloaded,ok,1149175,W3122661873__the-fertility-sex-ratio-trade-off-unintended-consequences-of.pdf,The Fertility-Sex Ratio Trade-Off: Unintended Consequences of Financial Incentives
W3125727262,,identified_core,PRIMARY_DIFFERENTIAL_STOPPING,REVEALED_STOPPING,STOPPING,2012,3,green,https://www.cmi.no/publications/file/4580-son-preference-number-of-children.pdf,downloaded,ok,784636,W3125727262__son-preference-number-of-children-education-and-occupational.pdf,"Son-preference, number of children, education and occupational choice in rural Nepal"
W3124440992,https://doi.org/10.1037/e596642012-001,identified_core,PRIMARY_DIFFERENTIAL_STOPPING,NATURAL_EXPERIMENT,STOPPING,2012,3,closed,,no_oa_url,closed,0,,"Islamic Inheritance Law, Son Preference and Fertility Behavior of Muslim Couples in Indonesia"
W204036025,,identified_core,PRIMARY_DIFFERENTIAL_STOPPING,REVEALED_STOPPING,STOPPING,2010,3,green,,failed,empty_or_tiny,0,,"Essays on Fertility, Gender Preference and Family Planning in Iran"
W1512351097,,identified_core,PRIMARY_DIFFERENTIAL_STOPPING,REVEALED_STOPPING,STOPPING,2008,3,green,https://researchonline.lse.ac.uk/id/eprint/133527/1/U615486.pdf,downloaded,ok,5670192,W1512351097__culture-fertility-and-son-preference.pdf,"Culture, fertility, and son preference."
W1505351548,https://doi.org/10.59779/jiomnepal.345,identified_core,PRIMARY_SEXSEL_SUBSTITUTION,REVEALED_STOPPING,SEXSEL_ABORTION,2008,3,hybrid,http://jiomnepal.edu.np/index.php/jiomnepal/article/download/345/327,downloaded,ok,66643,W1505351548__sex-preference-in-urban-nepal.pdf,Sex preference in urban Nepal
W2272245709,,identified_core,PRIMARY_DIFFERENTIAL_STOPPING,REVEALED_STOPPING,STOPPING,1996,3,closed,,no_oa_url,closed,0,,The impact of boy preference on fertility in China.
W2217473542,https://doi.org/10.3861/jshhe.62.298,identified_core,PRIMARY_SEXSEL_SUBSTITUTION,REVEALED_STOPPING,SEXSEL_ABORTION,1996,3,diamond,https://www.jstage.jst.go.jp/article/jshhe1931/62/5/62_5_298/_pdf,downloaded,ok,2028464,W2217473542__effects-of-induced-abortion-and-son-preference-on-the-imbala.pdf,Effects of Induced Abortion and Son Preference on the Imbalance of Sex Ratio in Korea.
W165251794,,identified_core,PRIMARY_DIFFERENTIAL_STOPPING,REVEALED_STOPPING,STOPPING,1989,3,closed,,no_oa_url,closed,0,,[[Child-sex effects on further births]].
W2302136062,,identified_core,PRIMARY_DIFFERENTIAL_STOPPING,REVEALED_STOPPING,STOPPING,1988,3,closed,,no_oa_url,closed,0,,A hazard rate analysis of fertility using duration data from Malaysia.
W4416946927,https://doi.org/10.1371/journal.pone.0335527,identified_core,PRIMARY_NORM_INTENSITY,NATURAL_EXPERIMENT,STOPPING,2025,2,gold,https://journals.plos.org/plosone/article/file?id=10.1371/journal.pone.0335527&type=printable,downloaded,ok,1084859,W4416946927__the-evolution-of-birth-order-specific-son-preference-and-com.pdf,The evolution of birth-order-specific son preference and compulsory primary education: Evidence from Vietnam
W4401535076,https://doi.org/10.1186/s12889-024-19706-0,identified_core,PRIMARY_SEXSEL_SUBSTITUTION,NATURAL_EXPERIMENT,SEXSEL_ABORTION,2024,2,gold,,failed,"not_pdf_html_paywall,empty_or_tiny",0,,Induced abortion after advent of fetal sex detection technology and child sex at birth
W4402670780,https://doi.org/10.31219/osf.io/wj7ke,identified_core,PRIMARY_SEXSEL_SUBSTITUTION,NATURAL_EXPERIMENT,SEXSEL_ABORTION,2024,2,closed,,no_oa_url,closed,0,,Temperature and Sex Ratios at Birth
W4392554147,https://doi.org/10.1017/ehs.2024.9,identified_core,PRIMARY_DIFFERENTIAL_STOPPING,NATURAL_EXPERIMENT,STOPPING,2024,2,gold,https://iris.unil.ch/bitstreams/f600ae26-f334-4081-9b98-c3f146236f3b/download,downloaded,ok,245200,W4392554147__isolating-a-culture-of-son-preference-among-armenian-georgia.pdf,"Isolating a culture of son preference among Armenian, Georgian and Azeri Parents in Soviet-era Russia"
W4388306314,https://doi.org/10.58414/scientifictemper.2023.14.3.13,identified_core,PRIMARY_DIFFERENTIAL_STOPPING,REVEALED_STOPPING,STOPPING,2023,2,diamond,https://scientifictemper.com/index.php/tst/article/download/525/452,downloaded,ok,556971,W4388306314__son-preference-and-children-sex-composition-in-uttar-pradesh.pdf,Son preference and children sex composition in Uttar Pradesh: An empirical analysis
W3141588519,https://doi.org/10.1080/00324728.2021.1900589,identified_core,PRIMARY_SEXSEL_SUBSTITUTION,REVEALED_STOPPING,SEXSEL_ABORTION,2021,2,green,,failed,"not_pdf_html_paywall,empty_or_tiny",0,,The list experiment: An approach to measuring stigmatized behaviours related to sex-selective abortion
W2155621679,https://doi.org/10.7275/1066789,identified_core,PRIMARY_DIFFERENTIAL_STOPPING,REVEALED_STOPPING,STOPPING,2021,2,green,,failed,not_pdf_html_paywall,0,,"Son Preference, Sex Selection and the Problem of Missing Women in India"
W3169435666,,identified_core,PRIMARY_DIFFERENTIAL_STOPPING,REVEALED_STOPPING,STOPPING,2019,2,green,,failed,"not_pdf_html_paywall,empty_or_tiny",0,,"Husband, sons and fertility gap: Evidence from India"
W2904410751,https://doi.org/10.4337/9781785363559.00020,identified_core,PRIMARY_DIFFERENTIAL_STOPPING,REVEALED_STOPPING,STOPPING,2018,2,closed,,no_oa_url,closed,0,,Fertility preferences in Nepal
W2900536492,https://doi.org/10.5287/ora-bmdy1698x,identified_core,PRIMARY_SEXSEL_SUBSTITUTION,NATURAL_EXPERIMENT,SEXSEL_ABORTION,2017,2,green,,failed,not_pdf_html_paywall,0,,The dynamics of prenatal sex selection and excess female child mortality in contexts with son preference
W2171420466,https://doi.org/10.3329/bjsr.v26i1-2.20229,identified_core,PRIMARY_DIFFERENTIAL_STOPPING,REVEALED_STOPPING,STOPPING,2014,2,diamond,https://www.banglajol.info/index.php/BJSR/article/download/20229/14005,downloaded,ok,140274,W2171420466__factors-divide-fertility-between-east-and-west-areas-of-bang.pdf,Factors divide fertility between east and west areas of Bangladesh: implications for further strengthening the family pl
W1602057509,,identified_core,PRIMARY_DIFFERENTIAL_STOPPING,REVEALED_STOPPING,STOPPING,2014,2,green,http://cedlas.econo.unlp.edu.ar/archivos_upload/doc_cedlas166.pdf,downloaded,ok,563802,W1602057509__female-labor-supply-and-fertility-causal-evidence-for-latin-.pdf,Female Labor Supply and Fertility. Causal Evidence for Latin America
W1520802320,,identified_core,PRIMARY_DIFFERENTIAL_STOPPING,REVEALED_STOPPING,STOPPING,2010,2,green,https://www.cmi.no/publications/file/3740-the-impact-of-wealth-and-female-autonomy-on.pdf,downloaded,ok,12610339,W1520802320__the-impact-of-wealth-and-female-autonomy-on-fertility-decisi.pdf,The impact of Wealth and Female autonomy on Fertility Decisions in Nepal: An Econometric Analysis
W3124324335,,identified_core,PRIMARY_DIFFERENTIAL_STOPPING,REVEALED_STOPPING,STOPPING,2009,2,green,,failed,not_pdf_html_paywall,0,,"Development, Modernization, and Childbearing: The Role of Family Sex Composition"
W1577171421,,identified_core,PRIMARY_DIFFERENTIAL_STOPPING,REVEALED_STOPPING,STOPPING,1984,2,closed,,no_oa_url,closed,0,,Fertility impact of sex composition and sequence among Korean women: an exploratory study.
W2411803923,,identified_core,PRIMARY_DIFFERENTIAL_STOPPING,REVEALED_STOPPING,STOPPING,1981,2,closed,,no_oa_url,closed,0,,[A study of the effect of sex composition on fertility control behavior (author's transl)].
W7167248179,https://doi.org/10.1177/2057150x261463053,identified_core,PRIMARY_SEXSEL_SUBSTITUTION,NATURAL_EXPERIMENT,SEXSEL_ABORTION,2026,1,closed,,no_oa_url,closed,0,,Privatization and patriarchy: How market transitions have shaped inheritance beliefs and son preference in China
W4412355989,https://doi.org/10.1111/cwe.12602,identified_core,PRIMARY_SEXSEL_SUBSTITUTION,NATURAL_EXPERIMENT,SEXSEL_ABORTION,2025,1,closed,,no_oa_url,closed,0,,The Impact of Social Health Insurance on Sex Selection
W4407802313,https://doi.org/10.1186/s12963-025-00368-y,identified_core,PRIMARY_SEXSEL_SUBSTITUTION,NATURAL_EXPERIMENT,SEXSEL_ABORTION,2025,1,gold,,failed,"not_pdf_html_paywall,empty_or_tiny",0,,Sex-selective abortions over the past four decades in China
W4407874217,https://doi.org/10.3386/w33505,identified_core,PRIMARY_DIFFERENTIAL_STOPPING,NATURAL_EXPERIMENT,STOPPING,2025,1,green,https://doi.org/10.3386/w33505,downloaded,ok,2701423,W4407874217__firstborn-daughters-and-family-structure-in-sub-saharan-afri.pdf,Firstborn Daughters and Family Structure in Sub-Saharan Africa
W4323663076,https://doi.org/10.1177/00194662221139337,identified_core,PRIMARY_DIFFERENTIAL_STOPPING,NATURAL_EXPERIMENT,STOPPING,2023,1,closed,,no_oa_url,closed,0,,Financial Incentives and Fertility Choices: Evidence from India
W4388464689,https://doi.org/10.3368/jhr.0320-10808r3,identified_core,PRIMARY_SEXSEL_SUBSTITUTION,NATURAL_EXPERIMENT,SEXSEL_ABORTION,2023,1,closed,,no_oa_url,closed,0,,Can Abortion Mitigate Transitory Shocks?
W3128296315,https://doi.org/10.32895/ump.mpr.5.1.1,identified_core,PRIMARY_SEXSEL_SUBSTITUTION,NATURAL_EXPERIMENT,SEXSEL_ABORTION,2021,1,diamond,http://www.medpharmres.com/download/download_pdf?pid=mpr-5-1-1,downloaded,ok,247984,W3128296315__sex-selective-abortion-in-vietnam-during-1999-2009-the-first.pdf,Sex-selective abortion in Vietnam during 1999-2009: the first quantitative study at national level
W3168382713,https://doi.org/10.2991/assehr.k.210531.075,identified_core,PRIMARY_DIFFERENTIAL_STOPPING,REVEALED_STOPPING,STOPPING,2021,1,diamond,https://www.atlantis-press.com/article/125957190.pdf,downloaded,ok,459838,W3168382713__gender-preference-for-a-third-or-more-children-evidence-from.pdf,Gender Preference for a Third or More Children: Evidence from Indonesia
W3136599691,https://doi.org/10.1101/2021.03.11.21253424,identified_core,PRIMARY_DIFFERENTIAL_STOPPING,REVEALED_STOPPING,STOPPING,2021,1,green,https://www.medrxiv.org/content/medrxiv/early/2021/03/12/2021.03.11.21253424.full.pdf,downloaded,ok,210452,W3136599691__sex-ratios-and-missing-women-among-asian-minority-and-migran.pdf,Sex ratios and ‘missing women’ among Asian minority and migrant populations in Aotearoa/New Zealand: A retrospective coh
W3191640869,,identified_core,PRIMARY_SEXSEL_SUBSTITUTION,NATURAL_EXPERIMENT,SEXSEL_ABORTION,2021,1,closed,,failed,empty_or_tiny,0,,Can Legal Bans on Sex Detection Technology Reduce Gender Discrimination
W2948343576,https://doi.org/10.17615/cast-w357,identified_core,PRIMARY_SEXSEL_SUBSTITUTION,REVEALED_STOPPING,SEXSEL_ABORTION,2019,1,green,,failed,not_pdf_html_paywall,0,,In the pursuit of sons: sex-selective abortion and differential stopping in Pakistan
W3012763638,,identified_core,PRIMARY_SEXSEL_SUBSTITUTION,NATURAL_EXPERIMENT,SEXSEL_ABORTION,2019,1,closed,,no_oa_url,closed,0,,China’s One-Child Policy: Population Control and Its Unintended Consequences
W3014010991,,identified_core,PRIMARY_SEXSEL_SUBSTITUTION,NATURAL_EXPERIMENT,SEXSEL_ABORTION,2018,1,closed,,no_oa_url,closed,0,,"GIRLS WANTED: L'influence de la politique publique sur la sélection sexuelle en Corée du Sud, en Inde et au Vietnam"
W3179645580,,identified_core,PRIMARY_NORM_INTENSITY,NATURAL_EXPERIMENT,NORM_INTENSITY,2018,1,green,,failed,not_pdf_html_paywall,0,,The role of conflict in sex discrimination: The case of missing girls
W3124234989,,identified_core,PRIMARY_DIFFERENTIAL_STOPPING,NATURAL_EXPERIMENT,STOPPING,2017,1,closed,http://repository.essex.ac.uk/22951/1/SexSelectionPaper_finalsubmitted.pdf,downloaded,ok,1403219,W3124234989__women-s-inheritance-rights-reform-and-the-preference-for-son.pdf,Women's Inheritance Rights Reform and the Preference for Sons in India
W2560271646,https://doi.org/10.22140/cpar.v2i3/4.48,identified_core,PRIMARY_SEXSEL_SUBSTITUTION,NATURAL_EXPERIMENT,SEXSEL_ABORTION,2016,1,closed,,no_oa_url,closed,0,,"Morality Policy and Unintended Consequences: China's ""One-Child"" Policy"
W925023430,https://doi.org/10.5455/ijmsph.2015.25042015312,identified_core,PRIMARY_DIFFERENTIAL_STOPPING,REVEALED_STOPPING,STOPPING,2015,1,bronze,,failed,empty_or_tiny,0,,A study on attitude belief and practice of mother-in-law and her son regarding son preference in Berasia block of Bhopal
W3123778272,,identified_core,PRIMARY_DIFFERENTIAL_STOPPING,REVEALED_STOPPING,STOPPING,2015,1,green,https://docs.iza.org/dp9128.pdf,downloaded,ok,208037,W3123778272__the-effect-of-sibling-s-gender-on-earnings-education-and-fam.pdf,"The Effect of Sibling's Gender on Earnings, Education and Family Formation"
W2199839167,,identified_core,PRIMARY_DIFFERENTIAL_STOPPING,REVEALED_STOPPING,STOPPING,2015,1,green,,failed,not_pdf_html_paywall,0,,Childbearing Trends in Iceland 1982-2013 : Critical junctures and subsequent fertility developments in a Nordic context
W2288727495,,identified_core,PRIMARY_SEXSEL_SUBSTITUTION,NATURAL_EXPERIMENT,SEXSEL_ABORTION,2015,1,green,https://researchonline.lse.ac.uk/id/eprint/134249/1/Marden_Agriculture_development_and_structural.pdf,downloaded,ok,2755137,W2288727495__agriculture-development-and-structural-change-in-reform-era-.pdf,"Agriculture, development and structural change in reform-era China"
W2295571254,,identified_core,PRIMARY_DIFFERENTIAL_STOPPING,NATURAL_EXPERIMENT,NORM_INTENSITY,2014,1,green,https://scholar.colorado.edu/downloads/gq67jr46f,downloaded,ok,1022248,W2295571254__health-and-education-effects-of-policy-changes.pdf,Health and Education Effects of Policy Changes
W1533524313,,identified_core,PRIMARY_DIFFERENTIAL_STOPPING,REVEALED_STOPPING,STOPPING,2014,1,closed,,no_oa_url,closed,0,,Son Preference and Fertility Transition in South Korea
W2355705760,,identified_core,PRIMARY_DIFFERENTIAL_STOPPING,REVEALED_STOPPING,STOPPING,2014,1,closed,,no_oa_url,closed,0,,Mechanism on Sex Selection and Childbearing Behavior in Chinese Families:A Study Based on 2010 Census
W1579584967,https://doi.org/10.7916/d88k7h8t,identified_core,PRIMARY_SEXSEL_SUBSTITUTION,NATURAL_EXPERIMENT,SEXSEL_ABORTION,2013,1,green,,failed,not_pdf_html_paywall,0,,Essays on Fertility and Sex Ratios in India
W2378489640,,identified_core,PRIMARY_SEXSEL_SUBSTITUTION,NATURAL_EXPERIMENT,STOPPING,2013,1,closed,,no_oa_url,closed,0,,A Further Study of the Late Second Childbearing by A Comparison Among 3 Towns in H Province
W3125611217,,identified_core,PRIMARY_DIFFERENTIAL_STOPPING,REVEALED_STOPPING,STOPPING,2012,1,green,,failed,not_pdf_html_paywall,0,,"Birth Spacing, Child Survival and Fertility Decisions : Analysis of Causal Mechanismsa"
W1531714824,,identified_core,PRIMARY_DIFFERENTIAL_STOPPING,REVEALED_STOPPING,STOPPING,2012,1,green,http://www.osipp.osaka-u.ac.jp/archives/DP/2012/DP2012E001.pdf,downloaded,ok,477843,W1531714824__the-lexicographic-preference-for-a-son-evidence-from-househo.pdf,The lexicographic preference for a son: evidence from household data in Vietnam
W2186700361,,identified_core,PRIMARY_SEXSEL_SUBSTITUTION,NATURAL_EXPERIMENT,SEXSEL_ABORTION,2011,1,closed,,no_oa_url,closed,0,,"Divorce, Abortion and Sex Ratio at Birth: The Eect of the Amended Divorce Law in China"
W3125684845,,identified_core,PRIMARY_SEXSEL_SUBSTITUTION,NATURAL_EXPERIMENT,SEXSEL_ABORTION,2010,1,closed,https://www.york.ac.uk/media/economics/documents/herc/wp/10_15.pdf,downloaded,ok,3073883,W3125684845__access-to-abortion-investments-in-neonatal-health-and-sex-se.pdf,"Access to Abortion, Investments in Neonatal Health, and Sex-Selection: Evidence from Nepal"
W2376024774,,identified_core,PRIMARY_SEXSEL_SUBSTITUTION,REVEALED_STOPPING,SEXSEL_ABORTION,2009,1,closed,,no_oa_url,closed,0,,Research on the Parity and Its Sex Progression of Chinese Women
W3123876545,,identified_core,PRIMARY_SEXSEL_SUBSTITUTION,NATURAL_EXPERIMENT,SEXSEL_ABORTION,2008,1,green,,failed,not_pdf_html_paywall,0,,Analysis of Socio-Political and Health Practices Influencing Sex Ratio at Birth in Viet Nam
W4300004437,https://doi.org/10.22140/cpar.v2i3.4.48,identified_core,PRIMARY_SEXSEL_SUBSTITUTION,NATURAL_EXPERIMENT,SEXSEL_ABORTION,2004,1,closed,,no_oa_url,closed,0,,Morality Policy and Unintended Consequences: China's “One-Child” Policy
W2417780727,,identified_core,PRIMARY_DIFFERENTIAL_STOPPING,REVEALED_STOPPING,STOPPING,1993,1,closed,,no_oa_url,closed,0,,Changes in the determinants of fertility in Korea: analyses of pregnancy intervals and outcomes.
W148974328,,identified_core,PRIMARY_DIFFERENTIAL_STOPPING,REVEALED_STOPPING,STOPPING,1989,1,closed,,no_oa_url,closed,0,,Fertility decline and gender preference--an experience of Kerala.
W2008539484,https://doi.org/10.1177/036319908400900306,identified_core,PRIMARY_DIFFERENTIAL_STOPPING,REVEALED_STOPPING,STOPPING,1984,1,closed,,no_oa_url,closed,0,,"Sex of Offspring and Fertility in South Asia: Demographic Variance and Decision Procedures in ""Joint Family"" Households"
W20739540,,identified_core,PRIMARY_DIFFERENTIAL_STOPPING,REVEALED_STOPPING,STOPPING,1975,1,closed,,no_oa_url,closed,0,,Child Traits and the Choice of Family Size.
W7161051047,https://doi.org/10.1007/s00148-026-01174-y,identified_core,PRIMARY_SEXSEL_SUBSTITUTION,NATURAL_EXPERIMENT,SEXSEL_ABORTION,2026,0,hybrid,,failed,not_pdf_html_paywall,0,,Early-term abortion bans and sex selection after Dobbs v Jackson
W7127598728,https://doi.org/10.1162/rest.a.1695,identified_core,PRIMARY_DIFFERENTIAL_STOPPING,NATURAL_EXPERIMENT,STOPPING,2026,0,closed,,no_oa_url,closed,0,,The Limits and Consequences of Population Policy: Evidence from China's Wan Xi Shao Campaign
W7167468429,https://doi.org/10.18356/26178419-33-1-9,identified_core,PRIMARY_DIFFERENTIAL_STOPPING,REVEALED_STOPPING,STOPPING,2026,0,closed,,no_oa_url,closed,0,,Fertility behaviour and son preference in the punjab province of Pakistan: evidence from a multiple indicators cluster s
W7125923175,https://doi.org/10.1002/pd.70076,identified_core,PRIMARY_SEXSEL_SUBSTITUTION,NATURAL_EXPERIMENT,SEXSEL_ABORTION,2026,0,hybrid,,failed,"not_pdf_html_paywall,empty_or_tiny",0,,"Sex Ratios at Birth Following Non‐Invasive Prenatal Testing in Victoria, Australia"
W7142580442,,identified_core,PRIMARY_DIFFERENTIAL_STOPPING,REVEALED_STOPPING,STOPPING,2026,0,closed,,no_oa_url,closed,0,,A Tale of Two Choices: Son Preference and Reproductive Outcomes in Uzbekistan
W7154227002,https://doi.org/10.1111/rode.70152,identified_core,PRIMARY_DIFFERENTIAL_STOPPING,REVEALED_STOPPING,STOPPING,2026,0,hybrid,,failed,not_pdf_html_paywall,0,,A Tale of Two Choices: Son Preference and Reproductive Outcomes in Uzbekistan
W7203786786,https://doi.org/10.1080/08898480.2026.2719608,identified_core,PRIMARY_DIFFERENTIAL_STOPPING,REVEALED_STOPPING,STOPPING,2026,0,closed,,no_oa_url,closed,0,,Sex ratio at last birth: an indicator of son preference
W7165624418,https://doi.org/10.12765/cpos-2026-10,identified_core,PRIMARY_DIFFERENTIAL_STOPPING,REVEALED_STOPPING,STOPPING,2026,0,diamond,https://comparativepopulationstudies.de/index.php/CPoS/article/download/802/461,downloaded,ok,1099022,W7165624418__son-preference-at-the-crossroads-a-comparison-of-parity-prog.pdf,Son Preference at the Crossroads: A Comparison of Parity Progressions Across Birth Cohorts of Women in the Middle East a
W7143585816,,identified_core,PRIMARY_DIFFERENTIAL_STOPPING,REVEALED_STOPPING,STOPPING,2026,0,green,,failed,not_pdf_html_paywall,0,,A Tale of Two Choices: Son Preference and Reproductive Outcomes in Uzbekistan: Son Preference and Reproductive Outcomes 
W7134164436,https://doi.org/10.1111/rode.70147,identified_core,PRIMARY_NORM_INTENSITY,NATURAL_EXPERIMENT,NORM_INTENSITY,2026,0,closed,,no_oa_url,closed,0,,Extreme Heat and Family Fertility Decisions: Evidence From Rural China
W4411504832,https://doi.org/10.25133/jpssv342026.017,identified_core,PRIMARY_DIFFERENTIAL_STOPPING,REVEALED_STOPPING,STOPPING,2025,0,diamond,https://so03.tci-thaijo.org/index.php/jpss/article/download/285921/189088/1275043,downloaded,ok,439702,W4411504832__sex-of-first-child-and-actual-fertility-among-vietnamese-wom.pdf,"Sex of First Child and Actual Fertility Among Vietnamese Women from Generations X, Y, and Z: Examining Intergenerational"
W4415631821,https://doi.org/10.1016/j.jce.2025.09.003,identified_core,PRIMARY_NORM_INTENSITY,NATURAL_EXPERIMENT,NORM_INTENSITY,2025,0,closed,,no_oa_url,closed,0,,The effects of female political participation on missing women: Evidence from the Egyptian protests of 2011–2014
W7135442450,,identified_core,PRIMARY_DIFFERENTIAL_STOPPING,REVEALED_STOPPING,STOPPING,2025,0,closed,,no_oa_url,closed,0,,"Child sex preferences in Estonia, Czechia and Finland"
W7121956085,https://doi.org/10.5281/zenodo.18205114,identified_core,PRIMARY_SEXSEL_SUBSTITUTION,NATURAL_EXPERIMENT,NORM_INTENSITY,2025,0,green,,failed,not_pdf_html_paywall,0,,Trend Analysis of Sex Ratio at Birth in India (2015–2024): A Secondary Data Study on the Impact of the Beti Bachao Beti 
W4415421044,https://doi.org/10.53330/rpdc3893,identified_core,PRIMARY_NORM_INTENSITY,NATURAL_EXPERIMENT,NORM_INTENSITY,2025,0,gold,https://doi.org/10.53330/rpdc3893,downloaded,ok,6506531,W4415421044__social-media-and-son-preference-evidence-from-india.pdf,Social Media and Son Preference: Evidence from India
W4412591923,https://doi.org/10.1080/00324728.2025.2523750,identified_core,PRIMARY_SEXSEL_SUBSTITUTION,NATURAL_EXPERIMENT,SEXSEL_ABORTION,2025,0,closed,,no_oa_url,closed,0,,Evaluating the impact on the sex ratio at birth of a Chinese pilot programme prohibiting prenatal sex selection
W7112535374,,identified_core,PRIMARY_DIFFERENTIAL_STOPPING,REVEALED_STOPPING,STOPPING,2025,0,green,https://su.diva-portal.org/smash/get/diva2:1998843/FULLTEXT01,downloaded,ok,1608221,W7112535374__son-preference-across-time-and-space.pdf,Son preference across time and space
W4414743804,https://doi.org/10.1080/00220388.2025.2563841,identified_core,PRIMARY_NORM_INTENSITY,NATURAL_EXPERIMENT,NORM_INTENSITY,2025,0,closed,,no_oa_url,closed,0,,Confucianism and Imbalance in the Sex Ratio at Birth in Modern China
W4409543403,https://doi.org/10.1002/ajhb.70046,identified_core,PRIMARY_SEXSEL_SUBSTITUTION,REVEALED_STOPPING,SEXSEL_ABORTION,2025,0,hybrid,,failed,"not_pdf_html_paywall,empty_or_tiny",0,,The Estimation of the Number of Aborted Girls in South Korea
W7122231165,https://doi.org/10.5281/zenodo.18205115,identified_core,PRIMARY_SEXSEL_SUBSTITUTION,NATURAL_EXPERIMENT,SEXSEL_ABORTION,2025,0,green,,failed,not_pdf_html_paywall,0,,Trend Analysis of Sex Ratio at Birth in India (2015–2024): A Secondary Data Study on the Impact of the Beti Bachao Beti 
W4414075451,https://doi.org/10.1007/s13209-025-00318-9,identified_core,PRIMARY_NORM_INTENSITY,REVEALED_STOPPING,STOPPING,2025,0,hybrid,https://zaguan.unizar.es/record/162738/files/texto_completo.pdf,downloaded,ok,783215,W4414075451__changes-in-parental-gender-preferences-in-offspring-in-rural.pdf,Changes in parental gender preferences in offspring in rural Spain during the twentieth century
W4409598524,https://doi.org/10.1016/j.dialog.2025.100218,identified_core,PRIMARY_SEXSEL_SUBSTITUTION,NATURAL_EXPERIMENT,SEXSEL_ABORTION,2025,0,gold,https://escholarship.org/content/qt7jm9b7k8/qt7jm9b7k8.pdf,downloaded,ok,333802,W4409598524__four-year-follow-up-of-charm2-an-effective-family-planning-i.pdf,"Four-year follow-up of CHARM2, an effective family planning intervention, on number and sex of births: Findings from an "
W4414974497,https://doi.org/10.1080/00036846.2025.2568236,identified_core,PRIMARY_DIFFERENTIAL_STOPPING,NATURAL_EXPERIMENT,STOPPING,2025,0,closed,,no_oa_url,closed,0,,Mothers’ education and son preference: evidence from China’s compulsory schooling laws
W4405649944,https://doi.org/10.71014/sieds.v78i3.294,identified_core,PRIMARY_DIFFERENTIAL_STOPPING,REVEALED_STOPPING,STOPPING,2024,0,diamond,https://www.rieds-journal.org/rieds/article/download/294/279,downloaded,ok,527224,W4405649944__offspring-s-sex-composition-and-childbirth-timing-in-third-c.pdf,Offspring’s sex composition and childbirth timing in third child transition among Indian mothers born between 1966 and 1
W3189503013,https://doi.org/10.58088/ybw7-a274,identified_core,PRIMARY_DIFFERENTIAL_STOPPING,REVEALED_STOPPING,STOPPING,2024,0,green,,failed,not_pdf_html_paywall,0,,Son preference: the case of Hong Kong
W4399766560,https://doi.org/10.1007/s11150-024-09718-5,identified_core,PRIMARY_DIFFERENTIAL_STOPPING,REVEALED_STOPPING,STOPPING,2024,0,hybrid,,failed,not_pdf_html_paywall,0,,"Preference for sons: still a trend? Evidence from individual-level data from Finland, 1960–2015"
W7163074251,https://doi.org/10.6082/rys6z-5kg58,identified_core,PRIMARY_SEXSEL_SUBSTITUTION,NATURAL_EXPERIMENT,SEXSEL_ABORTION,2024,0,green,,failed,not_pdf_html_paywall,0,,Unexpected Consequences: Three Papers on How Law Can Shape Behaviour
W4388767071,https://doi.org/10.13188/2471-4879.1000036,identified_core,PRIMARY_SEXSEL_SUBSTITUTION,NATURAL_EXPERIMENT,SEXSEL_ABORTION,2023,0,diamond,https://www.avensonline.org/wp-content/uploads/JES-2471-4879-09-0036.pdf,downloaded,ok,1607502,W4388767071__the-sex-ratio-at-birth-the-role-of-ionizing-radiation-vs-soc.pdf,The Sex Ratio at Birth: The Role of Ionizing Radiation Vs. Social Factors
W4324349230,https://doi.org/10.21203/rs.3.rs-2671675/v1,identified_core,PRIMARY_NORM_INTENSITY,NATURAL_EXPERIMENT,NORM_INTENSITY,2023,0,green,https://www.researchsquare.com/article/rs-2671675/latest.pdf,downloaded,ok,490303,W4324349230__rice-culture-and-family-size.pdf,Rice Culture and Family Size
W4386688034,https://doi.org/10.54254/2753-7048/9/20230073,identified_core,PRIMARY_SEXSEL_SUBSTITUTION,NATURAL_EXPERIMENT,SEXSEL_ABORTION,2023,0,hybrid,https://www.ewadirect.com/proceedings/lnep/article/view/3934/pdf,downloaded,ok,769475,W4386688034__estimating-the-effect-on-the-sex-ratio-of-the-two-child-poli.pdf,Estimating the Effect on the Sex Ratio of the Two-Child Policy: Evidence from China
W4383374343,https://doi.org/10.1111/ecot.12381,identified_core,PRIMARY_DIFFERENTIAL_STOPPING,REVEALED_STOPPING,STOPPING,2023,0,hybrid,,failed,not_pdf_html_paywall,0,,Parental gender preferences in Central and Eastern Europe and differential early life disadvantages
W4312798515,https://doi.org/10.1177/15365042221114993,identified_core,PRIMARY_SEXSEL_SUBSTITUTION,NATURAL_EXPERIMENT,SEXSEL_ABORTION,2022,0,closed,,no_oa_url,closed,0,,Social Change and Selective Reproduction
W4410175977,https://doi.org/10.26599/cje.2022.9300210,identified_core,PRIMARY_DIFFERENTIAL_STOPPING,NATURAL_EXPERIMENT,STOPPING,2022,0,bronze,,failed,curl_error:92,0,,The Impact of Family Planning Relaxation on Household Saving Rate: An Investigation on the “Conditional Two-child” Polic
W4308443713,https://doi.org/10.14267/cjssp.2022.1.3,identified_core,PRIMARY_DIFFERENTIAL_STOPPING,REVEALED_STOPPING,STOPPING,2022,0,diamond,https://cjssp.uni-corvinus.hu/index.php/cjssp/article/download/613/pdf_1,downloaded,ok,532387,W4308443713__effects-of-son-preference-and-sociodemographic-determinants-.pdf,Effects of Son Preference and Sociodemographic Determinants on Parity Progression in Bangladesh
W4220786146,https://doi.org/10.1101/2022.03.09.22272156,identified_core,PRIMARY_SEXSEL_SUBSTITUTION,NATURAL_EXPERIMENT,SEXSEL_ABORTION,2022,0,green,https://www.medrxiv.org/content/medrxiv/early/2022/03/12/2022.03.09.22272156.full.pdf,downloaded,ok,616513,W4220786146__the-impact-of-the-one-child-policy-on-china-s-infant-mortali.pdf,The impact of the one child policy on China’s infant mortality from 1970-1989: a quasi-experimental study
W3176662426,,identified_core,PRIMARY_DIFFERENTIAL_STOPPING,REVEALED_STOPPING,STOPPING,2021,0,green,https://docs.iza.org/dp14244.pdf,downloaded,ok,540066,W3176662426__gender-preferences-in-central-and-eastern-europe-as-reflecte.pdf,Gender Preferences in Central and Eastern Europe as Reflected in Partnership and Fertility Outcomes
W3190875723,https://doi.org/10.37075/ea.2021.2.05,identified_core,PRIMARY_DIFFERENTIAL_STOPPING,REVEALED_STOPPING,STOPPING,2021,0,diamond,https://doi.org/10.37075/ea.2021.2.05,downloaded,ok,2877478,W3190875723__the-gender-biased-fertility-behavior-evidence-from-southeast.pdf,The Gender-Biased Fertility Behavior: Evidence from Southeast Asian Countries
W4293100978,https://doi.org/10.35537/10915/133053,identified_core,PRIMARY_DIFFERENTIAL_STOPPING,REVEALED_STOPPING,STOPPING,2021,0,gold,http://sedici.unlp.edu.ar/bitstream/handle/10915/133053/Documento_completo.pdf?sequence=1,downloaded,ok,1462402,W4293100978__sexo-del-primer-hijo-y-resultados-laborales-de-la-madre-evid.pdf,Sexo del primer hijo y resultados laborales de la madre: Evidencia para América Latina
W3126268532,https://doi.org/10.18203/2320-1770.ijrcog20210309,identified_core,PRIMARY_DIFFERENTIAL_STOPPING,REVEALED_STOPPING,STOPPING,2021,0,diamond,https://www.ijrcog.org/index.php/ijrcog/article/download/9530/6252,downloaded,ok,188348,W3126268532__analytical-survey-of-scenario-for-permanent-method-of-contra.pdf,Analytical survey of scenario for permanent method of contraception
W3184630694,https://doi.org/10.13016/2djg-ly78,identified_core,PRIMARY_DIFFERENTIAL_STOPPING,REVEALED_STOPPING,STOPPING,2021,0,green,,failed,not_pdf_html_paywall,0,,"ESSAYS ON PREFERENCE ESTIMATION, SCHOOLING OUTCOMES AND SEGREGATION"
W579607963,https://doi.org/10.17045/sthlmuni.14556012.v1,identified_core,PRIMARY_DIFFERENTIAL_STOPPING,REVEALED_STOPPING,STOPPING,2021,0,green,,failed,not_pdf_html_paywall,0,,Son Preference and Second Birth in China
W3113013740,,identified_core,PRIMARY_DIFFERENTIAL_STOPPING,REVEALED_STOPPING,STOPPING,2020,0,closed,,no_oa_url,closed,0,,Preference for Boys and Length of Birth Intervals in Pakistan [Préférence pour les garçons et durée des intervalles de n
W3130604689,,identified_core,PRIMARY_NORM_INTENSITY,NATURAL_EXPERIMENT,NORM_INTENSITY,2020,0,closed,,no_oa_url,closed,0,,Yixuan Li's Thesis of Three Chapters
W3029735766,https://doi.org/10.1515/bejeap-2019-0269,identified_core,PRIMARY_DIFFERENTIAL_STOPPING,REVEALED_STOPPING,STOPPING,2020,0,closed,,no_oa_url,closed,0,,Hi-tech Sexism? Evidence from Bangladesh
W3047751849,https://doi.org/10.3961/jpmph.20.282,identified_core,PRIMARY_DIFFERENTIAL_STOPPING,REVEALED_STOPPING,STOPPING,2020,0,gold,https://www.jpmph.org/upload/pdf/jpmph-20-282.pdf,downloaded,ok,685600,W3047751849__effects-of-socio-demographic-factors-on-the-decreasing-trend.pdf,"Effects of Socio-demographic Factors on the Decreasing Trend in the Sex Ratio at Birth in Korea, 1997-2017"
W3097378805,,identified_core,PRIMARY_DIFFERENTIAL_STOPPING,REVEALED_STOPPING,STOPPING,2020,0,green,,failed,not_pdf_html_paywall,0,,Explaining residential clustering of fertility
W3009429537,https://doi.org/10.36106/ijar/1418829,identified_core,PRIMARY_DIFFERENTIAL_STOPPING,REVEALED_STOPPING,STOPPING,2020,0,hybrid,,failed,not_pdf_html_paywall,0,,IS THERE SON PREFERENCE IN INDIA? - AN ANALYSIS BASED ON SEX RATIO AT BIRTH AND ORDER OF BIRTH
W3084068410,,identified_core,PRIMARY_DIFFERENTIAL_STOPPING,REVEALED_STOPPING,STOPPING,2020,0,green,,failed,not_pdf_html_paywall,0,,The Effect of Sex of Firstborn Children on Fertility Preferences
W4287814043,,identified_core,PRIMARY_DIFFERENTIAL_STOPPING,REVEALED_STOPPING,STOPPING,2019,0,green,,failed,not_pdf_html_paywall,0,,Preference for Boys and Length of Birth Intervals in Pakistan
W4286470238,https://doi.org/10.48550/arxiv.1906.08096,identified_core,PRIMARY_DIFFERENTIAL_STOPPING,NATURAL_EXPERIMENT,STOPPING,2019,0,green,https://arxiv.org/pdf/1906.08096,downloaded,ok,3161822,W4286470238__from-local-to-global-external-validity-in-a-fertility-natura.pdf,From Local to Global: External Validity in a Fertility Natural Experiment
W7148891372,https://doi.org/10.70675/6a988a27z2fabz45f9z9121zc5346bc2661c,identified_core,PRIMARY_DIFFERENTIAL_STOPPING,REVEALED_STOPPING,STOPPING,2019,0,closed,,no_oa_url,closed,0,,Essays on Son Preference in Pakistan
W3005183192,https://doi.org/10.3886/e113697v1,identified_core,PRIMARY_SEXSEL_SUBSTITUTION,NATURAL_EXPERIMENT,SEXSEL_ABORTION,2019,0,green,,failed,not_pdf_html_paywall,0,,Replication data for: Property Rights and Gender Bias: Evidence from Land Reform in West Bengal
W3158231083,https://doi.org/10.2139/ssrn.3455681,identified_core,PRIMARY_SEXSEL_SUBSTITUTION,NATURAL_EXPERIMENT,SEXSEL_ABORTION,2019,0,green,,failed,not_pdf_html_paywall,0,,Fertility and the Daughter-to-Son-Ratio During China’s (More-than) One-Child Policy
W3000266365,https://doi.org/10.3886/e113647v1,identified_core,PRIMARY_SEXSEL_SUBSTITUTION,NATURAL_EXPERIMENT,SEXSEL_ABORTION,2018,0,green,,failed,not_pdf_html_paywall,0,,Replication data for: Financial Incentives and the Fertility-Sex Ratio Trade-Off
W2799417732,https://doi.org/10.1093/eurpub/cky047.063,identified_core,PRIMARY_DIFFERENTIAL_STOPPING,REVEALED_STOPPING,STOPPING,2018,0,bronze,,failed,not_pdf_html_paywall,0,,"2.4-O2Do son-biased sex ratios at birth persist among second generation South Asian women in Ontario, Canada?"
W2891598491,https://doi.org/10.7916/d84x6qxn,identified_core,PRIMARY_SEXSEL_SUBSTITUTION,NATURAL_EXPERIMENT,SEXSEL_ABORTION,2018,0,green,,failed,not_pdf_html_paywall,0,,Three Essays on Development and Health Economics
W7163044827,https://doi.org/10.6082/gry2s-bsc85,identified_core,PRIMARY_SEXSEL_SUBSTITUTION,NATURAL_EXPERIMENT,SEXSEL_ABORTION,2018,0,green,,failed,not_pdf_html_paywall,0,,An Essay on the Household- and Aggregate-Level Fertility Consequences of China's One-Child Policy
W2946570563,,identified_core,PRIMARY_SEXSEL_SUBSTITUTION,NATURAL_EXPERIMENT,SEXSEL_ABORTION,2018,0,closed,,no_oa_url,closed,0,,"Essays on Women's Fertility, Education, and Female Labor Supply in Vietnam"
W2908163111,https://doi.org/10.25911/5c2c855602ef5,identified_core,PRIMARY_DIFFERENTIAL_STOPPING,REVEALED_STOPPING,STOPPING,2018,0,green,,failed,empty_or_tiny,0,,Essays on Economic Development in Southeast Asia
W4238163302,https://doi.org/10.14711/thesis-991012644468903412,identified_core,PRIMARY_DIFFERENTIAL_STOPPING,NATURAL_EXPERIMENT,STOPPING,2018,0,closed,,no_oa_url,closed,0,,"Early-life adverse shocks, son preference and gender inequalities in later life : evidence from China's great famine"
W3204503963,,identified_core,PRIMARY_SEXSEL_SUBSTITUTION,NATURAL_EXPERIMENT,SEXSEL_ABORTION,2018,0,green,https://kar.kent.ac.uk/90286/1/Clots_BCI_Religion%26Abortion_July2021%20%281%29%20-%20Copy.pdf,downloaded,ok,3938153,W3204503963__religion-and-abortion-the-role-of-politician-identity.pdf,Religion and Abortion: The Role of Politician Identity
W2897723048,https://doi.org/10.13016/m2t43j63c,identified_core,PRIMARY_SEXSEL_SUBSTITUTION,NATURAL_EXPERIMENT,SEXSEL_ABORTION,2018,0,green,,failed,not_pdf_html_paywall,0,,THE LITTLE PUSH: ROLE OF INCENTIVES IN DETERMINING HOUSEHOLD BEHAVIOUR IN INDIA
W7148365785,https://doi.org/10.70675/f9128c05z422ez4941za2c9zd5ea61e91fae,identified_core,PRIMARY_SEXSEL_SUBSTITUTION,NATURAL_EXPERIMENT,SEXSEL_ABORTION,2018,0,closed,,no_oa_url,closed,0,,"Girls wanted : the influence of public policy on sex selection in South Korea, India and Vietnam"
W4292910301,,identified_core,PRIMARY_DIFFERENTIAL_STOPPING,REVEALED_STOPPING,STOPPING,2017,0,green,https://www.diw.de/documents/publikationen/73/diw_01.c.697021.de/dp1830.pdf,downloaded,ok,773038,W4292910301__is-there-still-son-preference-in-the-united-states.pdf,Is There Still Son Preference in the United States?
W3125190673,,identified_core,PRIMARY_SEXSEL_SUBSTITUTION,NATURAL_EXPERIMENT,SEXSEL_ABORTION,2017,0,green,http://eprints.lse.ac.uk/69532/2/Orsini_Did%20the%20Great%20Recession%20affect%20sex%20ratios_author_2017%20LSERO.pdf,downloaded,ok,331372,W3125190673__did-the-great-recession-affect-sex-ratios-at-birth-for-group.pdf,Did the Great Recession Affect Sex Ratios at Birth for Groups with a Son Preference
W4231337800,https://doi.org/10.31228/osf.io/akg3p,identified_core,PRIMARY_SEXSEL_SUBSTITUTION,NATURAL_EXPERIMENT,SEXSEL_ABORTION,2017,0,closed,,no_oa_url,closed,0,,Sex-selective Abortion Bans are Not Associated with Changes in Sex Ratios at Birth in Illinois and Pennsylvania
W2345475009,,identified_core,PRIMARY_SEXSEL_SUBSTITUTION,NATURAL_EXPERIMENT,SEXSEL_ABORTION,2016,0,closed,http://www.sussex.ac.uk/economics/documents/wps-90-2016.pdf,downloaded,ok,1252744,W2345475009__family-size-and-the-demand-for-sex-selection-evidence-from-c.pdf,Family Size and the Demand for Sex Selection: Evidence From China
W2906354026,https://doi.org/10.17632/fzkhh8nstr.1,identified_core,PRIMARY_SEXSEL_SUBSTITUTION,NATURAL_EXPERIMENT,SEXSEL_ABORTION,2016,0,green,,failed,empty_or_tiny,0,,"Data for: Divorce, abortion, and the child sex ratio: The impact of divorce reform in China"
W2489562885,,identified_core,PRIMARY_DIFFERENTIAL_STOPPING,REVEALED_STOPPING,STOPPING,2016,0,green,,failed,not_pdf_html_paywall,0,,Does Central Europe Import the Missing Women Phenomenon
W2736242114,,identified_core,PRIMARY_SEXSEL_SUBSTITUTION,NATURAL_EXPERIMENT,SEXSEL_ABORTION,2016,0,closed,,no_oa_url,closed,0,,The One-Child Policy on Timing of First Births and Prenatal Sex Selection in China
W2587271297,,identified_core,PRIMARY_DIFFERENTIAL_STOPPING,REVEALED_STOPPING,STOPPING,2016,0,green,,failed,not_pdf_html_paywall,0,,Three Essays on the Effects of Childbearing on Economic Well-being and Health
W2418280547,,identified_core,PRIMARY_DIFFERENTIAL_STOPPING,NATURAL_EXPERIMENT,SEXSEL_ABORTION,2016,0,closed,,no_oa_url,closed,0,,Traditional Agricultural Practices and Sex Ratios at Birth in Modern Times
W2920275933,,identified_core,PRIMARY_DIFFERENTIAL_STOPPING,REVEALED_STOPPING,STOPPING,2016,0,closed,https://uwaterloo.ca/economics/sites/ca.economics/files/uploads/files/adsera-ferrer-working_paper.pdf,downloaded,ok,921071,W2920275933__speeding-up-for-a-son-fertility-transitions-among-migrants-t.pdf,Speeding up for a son? Fertility transitions among Migrants to Canada
W2240840156,https://doi.org/10.7916/d85b019g,identified_core,PRIMARY_SEXSEL_SUBSTITUTION,NATURAL_EXPERIMENT,SEXSEL_ABORTION,2015,0,green,,failed,not_pdf_html_paywall,0,,Essays on Development Economics
W7209505723,,identified_core,PRIMARY_DIFFERENTIAL_STOPPING,REVEALED_STOPPING,STOPPING,2015,0,closed,,no_oa_url,closed,0,,"Asian Business Consortium, USA | ABC-JAR Page 8"
W2468511709,,identified_core,PRIMARY_SEXSEL_SUBSTITUTION,NATURAL_EXPERIMENT,SEXSEL_ABORTION,2015,0,green,,failed,empty_or_tiny,0,,"Essays on the Impact of Female Education, Female Empowerment and Public Policy"
W3123573910,,identified_core,PRIMARY_SEXSEL_SUBSTITUTION,NATURAL_EXPERIMENT,SEXSEL_ABORTION,2015,0,closed,,no_oa_url,closed,0,,"?Missing girls? in the south Caucasus countries : trends, possible causes, and policy options"
W2009954655,https://doi.org/10.2139/ssrn.2549704,identified_core,PRIMARY_SEXSEL_SUBSTITUTION,NATURAL_EXPERIMENT,SEXSEL_ABORTION,2015,0,green,,failed,not_pdf_html_paywall,0,,Sex-Selective Abortion Bans are Not Associated with Changes in Sex Ratios at Birth Among Asian Populations in Illinois a
W624890531,,identified_core,PRIMARY_DIFFERENTIAL_STOPPING,REVEALED_STOPPING,STOPPING,2015,0,green,,failed,not_pdf_html_paywall,0,,Agency in Fertility Decisions in Western Europe during the Demographic Transition : The Role of Childhood Mortality and 
W3022477743,https://doi.org/10.32469/10355/45904,identified_core,PRIMARY_DIFFERENTIAL_STOPPING,REVEALED_STOPPING,STOPPING,2014,0,closed,,no_oa_url,closed,0,,Essays on economics of microcredit and economics of fertility
W2025248286,https://doi.org/10.18034/abcjar.v3i1.26,identified_core,PRIMARY_DIFFERENTIAL_STOPPING,REVEALED_STOPPING,STOPPING,2014,0,diamond,,failed,empty_or_tiny,0,,"Son Preference, Childbearing Behavior and Respondent Socio-Demographic Characteristics in Morogoro, Tanzania"
W3121218377,,identified_core,PRIMARY_DIFFERENTIAL_STOPPING,REVEALED_STOPPING,STOPPING,2014,0,closed,,failed,not_pdf_html_paywall,0,,"Son preference, fertility and family structure : evidence from reproductive behavior among Nigerian women"
W3124927704,,identified_core,PRIMARY_NORM_INTENSITY,NATURAL_EXPERIMENT,NA,2014,0,green,https://www.cream-migration.org/publ_uploads/CDP_13_14.pdf,downloaded,ok,739365,W3124927704__daughters-dowries-deliveries-the-effect-of-marital-payments-.pdf,"Daughters, Dowries, Deliveries: The Effect of Marital Payments on Fertility Choices in India"
W1569646446,,identified_core,PRIMARY_DIFFERENTIAL_STOPPING,REVEALED_STOPPING,STOPPING,2014,0,closed,,no_oa_url,closed,0,,Gender discrimination and sequences of Birth History among Indian Mothers
W4408821744,https://doi.org/10.58837/chula.the.2014.1924,identified_core,PRIMARY_SEXSEL_SUBSTITUTION,NATURAL_EXPERIMENT,SEXSEL_ABORTION,2014,0,closed,,no_oa_url,closed,0,,SON PREFERENCE: SEX-SELECTIVE ABORTION AND DETERMINANTS OF SEX OF THE LAST BIRTH IN VIETNAM
W321271594,,identified_core,PRIMARY_SEXSEL_SUBSTITUTION,NATURAL_EXPERIMENT,SEXSEL_ABORTION,2013,0,green,,failed,not_pdf_html_paywall,0,,"The Chinese economic experience, 1978 to today"
W2292927272,,identified_core,PRIMARY_DIFFERENTIAL_STOPPING,REVEALED_STOPPING,STOPPING,2011,0,green,,failed,not_pdf_html_paywall,0,,Sex of preceding child and birth spacing among Nigerian ethnic groups : original research article
W564458462,,identified_core,PRIMARY_SEXSEL_SUBSTITUTION,NATURAL_EXPERIMENT,SEXSEL_ABORTION,2010,0,closed,,no_oa_url,closed,0,,Empirical Essays on Development Economics in China
W2349961415,,identified_core,PRIMARY_SEXSEL_SUBSTITUTION,NATURAL_EXPERIMENT,SEXSEL_ABORTION,2009,0,closed,,no_oa_url,closed,0,,"The ""One-and-A-Half Child Policy"":An Analysis from the Perspective of Gender and Social Policy"
W4213234254,https://doi.org/10.3410/f.1159244.619577,identified_core,PRIMARY_SEXSEL_SUBSTITUTION,NATURAL_EXPERIMENT,SEXSEL_ABORTION,2009,0,closed,,no_oa_url,closed,0,,"Faculty Opinions recommendation of China's excess males, sex selective abortion, and one child policy: analysis of data "
W4379531318,https://doi.org/10.1353/hub.2009.a270419,identified_core,PRIMARY_DIFFERENTIAL_STOPPING,REVEALED_STOPPING,STOPPING,2009,0,closed,,no_oa_url,closed,0,,The Sex Composition of Two-Children Families: Heterogeneity and Selection for the Third Child: Comment on Stansfield and
W2605355777,,identified_core,PRIMARY_DIFFERENTIAL_STOPPING,REVEALED_STOPPING,STOPPING,2009,0,closed,,no_oa_url,closed,0,,Child Gender Preferences and the Possible Effect onReproductive Behaviour
W2020317097,https://doi.org/10.1177/097152150701500106,identified_core,PRIMARY_SEXSEL_SUBSTITUTION,REVEALED_STOPPING,SEXSEL_ABORTION,2008,0,closed,,no_oa_url,closed,0,,Beyond the Numbers
W2095844317,,identified_core,PRIMARY_SEXSEL_SUBSTITUTION,NATURAL_EXPERIMENT,SEXSEL_ABORTION,2007,0,closed,,no_oa_url,closed,0,,Missing Women More and More: Sex-Selective Abortion Increases Boys Born but Decreases Girls Dying in Taiwan
W2388271493,,identified_core,PRIMARY_SEXSEL_SUBSTITUTION,NATURAL_EXPERIMENT,SEXSEL_ABORTION,2006,0,closed,,no_oa_url,closed,0,,Research on the Mechanism of High Sex Ratio at Birth in Rural of China
W3123095244,https://doi.org/10.4054/mpidr-wp-2006-019,identified_core,PRIMARY_DIFFERENTIAL_STOPPING,REVEALED_STOPPING,STOPPING,2006,0,gold,https://www.demogr.mpg.de/papers/working/wp-2006-019.pdf,downloaded,ok,424299,W3123095244__understanding-parental-gender-preferences-in-advanced-societ.pdf,Understanding parental gender preferences in advanced societies: lessons from Sweden and Finland
W1484751281,,identified_core,PRIMARY_DIFFERENTIAL_STOPPING,REVEALED_STOPPING,STOPPING,2005,0,green,https://researchonline.lse.ac.uk/id/eprint/132800/1/U194921.pdf,downloaded,ok,10889698,W1484751281__poverty-income-fluctuations-and-work-argentina-1991-2002.pdf,"Poverty, income fluctuations and work: Argentina, 1991-2002."
W283808830,,identified_core,PRIMARY_SEXSEL_SUBSTITUTION,NATURAL_EXPERIMENT,SEXSEL_ABORTION,2005,0,closed,,no_oa_url,closed,0,,Changing reproductive patterns in rural China : The influence of policy and gender
W2340242996,,identified_core,PRIMARY_DIFFERENTIAL_STOPPING,REVEALED_STOPPING,STOPPING,1997,0,closed,,no_oa_url,closed,0,,"The dynamics of fertility decision-making among wives and their husbands in Chitwan, Nepal."
W18623197,,identified_core,PRIMARY_DIFFERENTIAL_STOPPING,REVEALED_STOPPING,STOPPING,1987,0,closed,,no_oa_url,closed,0,,[On preferences for sex of children among the Japanese].
W1862236076,,identified_core,PRIMARY_DIFFERENTIAL_STOPPING,REVEALED_STOPPING,STOPPING,1983,0,closed,,no_oa_url,closed,0,,Curbing population growth in Republic of Korea.
W3155798307,,identified_core,PRIMARY_DIFFERENTIAL_STOPPING,REVEALED_STOPPING,STOPPING,1983,0,closed,,no_oa_url,closed,0,,난관복원수술을 원하는 여성의 동기분석
W2888901829,,identified_core,PRIMARY_DIFFERENTIAL_STOPPING,REVEALED_STOPPING,STOPPING,1979,0,green,https://mro.massey.ac.nz/bitstreams/6b92d0b4-80d6-4b5f-baa1-22a21c315074/download,downloaded,ok,1205460,W2888901829__sex-composition-of-children-sex-preference-for-the-next-chil.pdf,"Sex composition of children, sex preference for the next child and subsequent fertility desire and expectation : a thesi"
W7111683422,,identified_core,PRIMARY_DIFFERENTIAL_STOPPING,REVEALED_STOPPING,STOPPING,,0,closed,http://www.cdedse.org/pdf/work321.pdf,downloaded,ok,492627,W7111683422__why-healthcare-ccts-may-not-improve-children-s-health-insigh.pdf,Why Healthcare CCTs may not Improve Children's Health:Insights from India's Janani Suraksha Yojana
W7112536161,,identified_core,PRIMARY_SEXSEL_SUBSTITUTION,NATURAL_EXPERIMENT,SEXSEL_ABORTION,,0,closed,http://www.accessecon.com/Pubs/EB/2022/Volume42/EB-22-V42-I3-P134.pdf,downloaded,ok,4158299,W7112536161__sex-selective-abortion-bans-in-the-united-states-evidence-fr.pdf,Sex-selective abortion bans in the United States: evidence from laws passed 2010-2019
W7113718771,,identified_core,PRIMARY_DIFFERENTIAL_STOPPING,REVEALED_STOPPING,STOPPING,,0,green,,failed,not_pdf_html_paywall,0,,Son preference at the crossroads : A comparison of parity progressions across birth cohorts of women in the Middle East 
W7110907381,https://doi.org/10.1108/caer-03-2022-0042/full/html?utm_source=repec&utm_medium=feed&utm_campaign=repec,identified_core,PRIMARY_NORM_INTENSITY,NATURAL_EXPERIMENT,NORM_INTENSITY,,0,closed,,no_oa_url,closed,0,,Does female off-farm employment affect fertility desire? Evidence from rural China
W7112239033,,identified_core,PRIMARY_DIFFERENTIAL_STOPPING,REVEALED_STOPPING,STOPPING,,0,closed,https://defipp.unamur.be/wp/defipp_wp_2024_6.pdf,downloaded,ok,1413136,W7112239033__stopping-rule-as-sex-selective-abortions-and-instrumental-bi.pdf,Stopping rule as sex-selective abortions and instrumental births. A unified framework and world evidence
W7136711990,https://doi.org/10.1016/s0190-1281(04)23012-8.html?utm_source=repec&utm_medium=feed&utm_campaign=repec,identified_core,PRIMARY_DIFFERENTIAL_STOPPING,REVEALED_STOPPING,STOPPING,,0,closed,,no_oa_url,closed,0,,MATERNAL NUTRITION AND SEX RATIO AT BIRTH IN ETHIOPIA
W2088444434,https://doi.org/10.1136/bmj.b1211,associational,PRIMARY_SEXSEL_SUBSTITUTION,ASSOCIATIONAL_ONLY,SEXSEL_ABORTION,2009,387,hybrid,,deferred_ra_backlog,associational_not_attempted,0,,"China's excess males, sex selective abortion, and one child policy: analysis of data from 2005 national intercensus surv"
W2075633131,https://doi.org/10.1111/j.1728-4457.2001.00033.x,associational,PRIMARY_NORM_INTENSITY,ASSOCIATIONAL_ONLY,NORM_INTENSITY,2001,374,closed,,deferred_ra_backlog,associational_not_attempted,0,,"Fertility, Education, and Development: Evidence from India"
W2320720455,https://doi.org/10.2307/2137413,associational,PRIMARY_SEXSEL_SUBSTITUTION,UNCLEAR,SEXSEL_ABORTION,1995,371,closed,,deferred_ra_backlog,associational_not_attempted,0,,Consequences of Son Preference in a Low-Fertility Society: Imbalance of the Sex Ratio at Birth in Korea
W2324598077,https://doi.org/10.2307/1972351,associational,PRIMARY_SEXSEL_SUBSTITUTION,ASSOCIATIONAL_ONLY,SEXSEL_ABORTION,1991,366,closed,,deferred_ra_backlog,associational_not_attempted,0,,The Missing Girls of China: A New Demographic Account
W1968462380,https://doi.org/10.1111/j.1728-4457.2002.00759.x,associational,PRIMARY_SEXSEL_SUBSTITUTION,ASSOCIATIONAL_ONLY,SEXSEL_ABORTION,2002,357,closed,,deferred_ra_backlog,associational_not_attempted,0,,Sex‐Selective Abortions in India
W2018539648,https://doi.org/10.2307/2137749,associational,PRIMARY_DIFFERENTIAL_STOPPING,ASSOCIATIONAL_ONLY,STOPPING,1995,222,closed,,deferred_ra_backlog,associational_not_attempted,0,,Gender Inequality and Fertility in Two Nepali Villages
W1977888550,https://doi.org/10.1007/978-1-4899-1231-2_20,associational,PRIMARY_DIFFERENTIAL_STOPPING,NA,STOPPING,1992,208,closed,,deferred_ra_backlog,associational_not_attempted,0,,"Sex Preference, Fertility, and Family Planning in China"
W1970962112,https://doi.org/10.1111/1467-7660.00130,associational,PRIMARY_SEXSEL_SUBSTITUTION,ASSOCIATIONAL_ONLY,SEXSEL_ABORTION,1999,192,closed,,deferred_ra_backlog,associational_not_attempted,0,,Female Demographic Disadvantage in India 1981–1991: Sex Selective Abortions and Female Infanticide
W2046295020,https://doi.org/10.1111/j.1728-4457.2013.00588.x,associational,PRIMARY_SEXSEL_SUBSTITUTION,ASSOCIATIONAL_ONLY,SEXSEL_ABORTION,2013,188,closed,,deferred_ra_backlog,associational_not_attempted,0,,The Implementation of Preferences for Male Offspring
W2008569034,https://doi.org/10.1353/dem.2003.0032,associational,PRIMARY_NORM_INTENSITY,ASSOCIATIONAL_ONLY,NORM_INTENSITY,2003,163,closed,,deferred_ra_backlog,associational_not_attempted,0,,Fertility Decline and Gender Bias in Northern India
W2068438804,https://doi.org/10.1111/j.1728-4457.2012.00471.x,associational,PRIMARY_NORM_INTENSITY,ASSOCIATIONAL_ONLY,NORM_INTENSITY,2012,161,closed,,deferred_ra_backlog,associational_not_attempted,0,,"Son Preference, Sex Selection, and Kinship in Vietnam"
W2603587577,https://doi.org/10.2307/1515201,associational,PRIMARY_SEXSEL_SUBSTITUTION,ASSOCIATIONAL_ONLY,SEXSEL_ABORTION,2003,156,closed,,deferred_ra_backlog,associational_not_attempted,0,,Fertility decline and gender bias in northern India
W1965283229,https://doi.org/10.1111/j.1728-4457.2009.00285.x,associational,PRIMARY_NORM_INTENSITY,ASSOCIATIONAL_ONLY,NORM_INTENSITY,2009,142,green,,deferred_ra_backlog,associational_not_attempted,0,,Evidence for an Incipient Decline in Numbers of Missing Girls in China and India
W2023181694,https://doi.org/10.2307/3088947,associational,PRIMARY_DIFFERENTIAL_STOPPING,ASSOCIATIONAL_ONLY,STOPPING,2002,140,green,,deferred_ra_backlog,associational_not_attempted,0,,Emerging Parental Gender Indifference? Sex Composition of Children and the Third Birth
W2097084011,,associational,PRIMARY_NORM_INTENSITY,ASSOCIATIONAL_ONLY,NORM_INTENSITY,2000,136,green,,deferred_ra_backlog,associational_not_attempted,0,,Gender Preferences for Children in Europe
W2030835753,https://doi.org/10.2307/3181060,associational,PRIMARY_DIFFERENTIAL_STOPPING,ASSOCIATIONAL_ONLY,STOPPING,2003,128,closed,,deferred_ra_backlog,associational_not_attempted,0,,Impact and Determinants of Sex Preference in Nepal
W1969182143,https://doi.org/10.1353/dem.0.0110,associational,PRIMARY_DIFFERENTIAL_STOPPING,ASSOCIATIONAL_ONLY,STOPPING,2010,122,green,,deferred_ra_backlog,associational_not_attempted,0,,Son targeting fertility behavior: Some consequences and determinants
W2169832680,https://doi.org/10.30541/v35i1pp.1-22,associational,PRIMARY_DIFFERENTIAL_STOPPING,ASSOCIATIONAL_ONLY,STOPPING,1996,106,diamond,,deferred_ra_backlog,associational_not_attempted,0,,Factors Affecting Contraceptive Use in Pakistan
W2059106092,https://doi.org/10.1111/j.0022-2445.2004.00086.x,associational,PRIMARY_NORM_INTENSITY,ASSOCIATIONAL_ONLY,NORM_INTENSITY,2004,105,bronze,,deferred_ra_backlog,associational_not_attempted,0,,New ideas and fertility limitation: The role of mass media
W4229735851,https://doi.org/10.1363/3502909,associational,PRIMARY_DIFFERENTIAL_STOPPING,ASSOCIATIONAL_ONLY,STOPPING,2009,101,closed,,deferred_ra_backlog,associational_not_attempted,0,,"The Relationship of Family Size and Composition To Fertility Desires, Contraceptive Adoption and Method Choice in South "
W2045322308,https://doi.org/10.1363/3817812,associational,PRIMARY_DIFFERENTIAL_STOPPING,ASSOCIATIONAL_ONLY,STOPPING,2012,97,bronze,,deferred_ra_backlog,associational_not_attempted,0,,The Desire for Sons and Excess Fertility: A Household-Level Analysis of Parity Progression in India
W2029485301,https://doi.org/10.4054/demres.2010.23.36,associational,PRIMARY_NORM_INTENSITY,ASSOCIATIONAL_ONLY,NORM_INTENSITY,2010,95,diamond,,deferred_ra_backlog,associational_not_attempted,0,,Variations in attitudinal gender preferences for children across 50 less-developed countries
W1968262107,https://doi.org/10.1080/00324720802535023,associational,PRIMARY_SEXSEL_SUBSTITUTION,ASSOCIATIONAL_ONLY,SEXSEL_ABORTION,2009,95,closed,,deferred_ra_backlog,associational_not_attempted,0,,The determinants of discrimination against daughters in China: Evidence from a provincial-level analysis
W1997144277,https://doi.org/10.1080/13691050802061665,associational,PRIMARY_DIFFERENTIAL_STOPPING,UNCLEAR,STOPPING,2008,90,green,,deferred_ra_backlog,associational_not_attempted,0,,"‘Too many girls, too much dowry’: son preference and daughter aversion in rural Tamil Nadu, India"
W2168865963,https://doi.org/10.1080/00324720903497081,associational,PRIMARY_DIFFERENTIAL_STOPPING,ASSOCIATIONAL_ONLY,STOPPING,2010,85,green,,deferred_ra_backlog,associational_not_attempted,0,,Preferences for the sex-composition of children in Europe: A multilevel examination of its effect on progression to a th
W2061812982,https://doi.org/10.2307/1965363,associational,PRIMARY_DIFFERENTIAL_STOPPING,ASSOCIATIONAL_ONLY,STOPPING,1972,85,closed,,deferred_ra_backlog,associational_not_attempted,0,,Son Preference and Fertility Behavior in Developing Countries
W2270550857,,associational,PRIMARY_DIFFERENTIAL_STOPPING,NA,STOPPING,1997,84,green,,deferred_ra_backlog,associational_not_attempted,0,,Son preference and its effect on fertility in India.
W1986749693,https://doi.org/10.2307/2137750,associational,PRIMARY_DIFFERENTIAL_STOPPING,ASSOCIATIONAL_ONLY,STOPPING,1995,82,closed,,deferred_ra_backlog,associational_not_attempted,0,,"China's One-Child Policy: How and How Well Has it Worked? A Case Study of Hebei Province, 1979-88"
W2147631427,https://doi.org/10.1353/dem.0.0089,associational,PRIMARY_NORM_INTENSITY,ASSOCIATIONAL_ONLY,NORM_INTENSITY,2010,79,green,,deferred_ra_backlog,associational_not_attempted,0,,Education and gender bias in the sex ratio at birth: Evidence from India
W2147178406,https://doi.org/10.1080/19485565.1997.9988934,associational,PRIMARY_NORM_INTENSITY,ASSOCIATIONAL_ONLY,SEXSEL_ABORTION,1997,79,closed,,deferred_ra_backlog,associational_not_attempted,0,,Son preference and the sex ratio at birth in China: A provincial level analysis
W2138380677,,associational,PRIMARY_SEXSEL_SUBSTITUTION,ASSOCIATIONAL_ONLY,SEXSEL_ABORTION,1998,77,green,,deferred_ra_backlog,associational_not_attempted,0,,Intensifying masculinity of sex ratios in India : new evidence 1981-1991
W2100923443,https://doi.org/10.2307/1966966,associational,PRIMARY_NORM_INTENSITY,ASSOCIATIONAL_ONLY,NORM_INTENSITY,1986,77,closed,,deferred_ra_backlog,associational_not_attempted,0,,Women's status and fertility in developing countries: Son preference and economic security
W2049581677,https://doi.org/10.2307/2061189,associational,PRIMARY_NORM_INTENSITY,ASSOCIATIONAL_ONLY,NORM_INTENSITY,1982,74,closed,,deferred_ra_backlog,associational_not_attempted,0,,Women’s Sex Preferences in the United States: 1970 to 1975
W3162357794,https://doi.org/10.1136/bmjgh-2021-005438,associational,PRIMARY_SEXSEL_SUBSTITUTION,ASSOCIATIONAL_ONLY,SEXSEL_ABORTION,2021,72,gold,,deferred_ra_backlog,associational_not_attempted,0,,Recent sex ratio at birth in China
W2094939496,https://doi.org/10.1002/ijpg.236,associational,PRIMARY_NORM_INTENSITY,ASSOCIATIONAL_ONLY,NORM_INTENSITY,2002,70,closed,,deferred_ra_backlog,associational_not_attempted,0,,"Gender preference, contraceptive use and fertility in India: regional and development influences"
W2043387591,https://doi.org/10.1007/s00038-011-0267-3,associational,PRIMARY_SEXSEL_SUBSTITUTION,NA,SEXSEL_ABORTION,2011,69,closed,,deferred_ra_backlog,associational_not_attempted,0,,Son preference and sex-selective abortion in China: informing policy options
W2169741893,https://doi.org/10.1093/wber/lhp009,associational,PRIMARY_DIFFERENTIAL_STOPPING,ASSOCIATIONAL_ONLY,STOPPING,2009,68,closed,,deferred_ra_backlog,associational_not_attempted,0,,"Development, Modernization, and Childbearing: The Role of Family Sex Composition"
W2035151195,https://doi.org/10.1177/026858094009002008,associational,PRIMARY_NORM_INTENSITY,ASSOCIATIONAL_ONLY,NORM_INTENSITY,1994,68,closed,,deferred_ra_backlog,associational_not_attempted,0,,THE SOCIO-CULTURAL CONTEXT OF HIGH FERTILITY AMONG IGBO WOMEN
W2110007679,https://doi.org/10.1186/1742-4755-11-15,associational,PRIMARY_DIFFERENTIAL_STOPPING,ASSOCIATIONAL_ONLY,STOPPING,2014,64,gold,,deferred_ra_backlog,associational_not_attempted,0,,Effect of gender preference on fertility: cross-sectional study among women of Tharu community from rural area of easter
W2084326277,https://doi.org/10.1186/1471-2458-11-782,associational,PRIMARY_NORM_INTENSITY,ASSOCIATIONAL_ONLY,NORM_INTENSITY,2011,63,gold,,deferred_ra_backlog,associational_not_attempted,0,,Determinants of fertility in rural Ethiopia: the case of Butajira Demographic Surveillance System (DSS)
W2619717871,,associational,PRIMARY_SEXSEL_SUBSTITUTION,ASSOCIATIONAL_ONLY,SEXSEL_ABORTION,2005,63,closed,,deferred_ra_backlog,associational_not_attempted,0,,Factors influencing the use of prenatal diagnostic techniques and sex ratio at birth in India.
W2094479594,https://doi.org/10.1080/0032472031000148266,associational,PRIMARY_DIFFERENTIAL_STOPPING,ASSOCIATIONAL_ONLY,STOPPING,1995,62,closed,,deferred_ra_backlog,associational_not_attempted,0,,"Ten Thousand Tonga: A Longitudinal Anthropological Study from Southern Zambia, 1956–1991"
W4243537633,https://doi.org/10.1515/9781503603004,associational,PRIMARY_NORM_INTENSITY,ASSOCIATIONAL_ONLY,NORM_INTENSITY,2017,61,closed,,deferred_ra_backlog,associational_not_attempted,0,,Choosing Daughters
W2244368845,https://doi.org/10.2307/2137940,associational,PRIMARY_NORM_INTENSITY,ASSOCIATIONAL_ONLY,NORM_INTENSITY,1994,60,closed,,deferred_ra_backlog,associational_not_attempted,0,,Sex Preference and Fertility in Peninsular Malaysia
W2182913202,https://doi.org/10.1080/00324728.2015.1091603,associational,PRIMARY_DIFFERENTIAL_STOPPING,ASSOCIATIONAL_ONLY,STOPPING,2015,59,closed,,deferred_ra_backlog,associational_not_attempted,0,,Mapping the diversity of gender preferences and sex imbalances in Indonesia in 2010
W2088831330,https://doi.org/10.2307/2939244,associational,PRIMARY_NORM_INTENSITY,ASSOCIATIONAL_ONLY,NORM_INTENSITY,1993,59,closed,,deferred_ra_backlog,associational_not_attempted,0,,Gender Ideology and Fertility Strategies in an Ekiti Yoruba Village
W2111851662,https://doi.org/10.1002/pd.2747,associational,PRIMARY_SEXSEL_SUBSTITUTION,ASSOCIATIONAL_ONLY,SEXSEL_ABORTION,2011,58,closed,,deferred_ra_backlog,associational_not_attempted,0,,Distortions of sex ratios at birth in the United States; evidence for prenatal gender selection
W2081976977,https://doi.org/10.1080/13545701.2013.857423,associational,PRIMARY_NORM_INTENSITY,ASSOCIATIONAL_ONLY,SEXSEL_ABORTION,2013,55,closed,,deferred_ra_backlog,associational_not_attempted,0,,Diverging Stories of “Missing Women” in South Asia: Is Son Preference Weakening in Bangladesh?
W1601241550,,associational,PRIMARY_DIFFERENTIAL_STOPPING,ASSOCIATIONAL_ONLY,STOPPING,1984,55,closed,,deferred_ra_backlog,associational_not_attempted,0,,A comparative analysis of determinants of birth intervals
W1495309222,https://doi.org/10.1007/s13524-016-0455-0,associational,PRIMARY_DIFFERENTIAL_STOPPING,ASSOCIATIONAL_ONLY,STOPPING,2016,53,bronze,,deferred_ra_backlog,associational_not_attempted,0,,"Son Preference, Fertility Decline, and the Nonmissing Girls of Turkey"
W2185387524,https://doi.org/10.1080/09718923.2007.11892561,associational,PRIMARY_NORM_INTENSITY,ASSOCIATIONAL_ONLY,NORM_INTENSITY,2007,53,closed,,deferred_ra_backlog,associational_not_attempted,0,,"The Status of Women, Sex Preference, Decision-Making and Fertility Control in Ekpoma Community of Nigeria"
W2119223628,https://doi.org/10.1017/s0021932000003291,associational,PRIMARY_DIFFERENTIAL_STOPPING,ASSOCIATIONAL_ONLY,STOPPING,2000,53,closed,,deferred_ra_backlog,associational_not_attempted,0,,DETERMINANTS OF CONTRACEPTIVE USE AND METHOD CHOICE IN TURKEY
W2077683862,https://doi.org/10.1111/j.1728-4465.2000.00290.x,associational,PRIMARY_DIFFERENTIAL_STOPPING,ASSOCIATIONAL_ONLY,STOPPING,2000,52,closed,,deferred_ra_backlog,associational_not_attempted,0,,The Effect of Gender Preference on Contraceptive Use and Fertility in Rural Egypt
W1976671586,https://doi.org/10.2307/2133510,associational,PRIMARY_DIFFERENTIAL_STOPPING,ASSOCIATIONAL_ONLY,STOPPING,1994,52,closed,,deferred_ra_backlog,associational_not_attempted,0,,The Effect of Sex Preference on Contraceptive Use and Fertility in Rural South India
W1985930289,https://doi.org/10.2307/2060591,associational,PRIMARY_NORM_INTENSITY,ASSOCIATIONAL_ONLY,NORM_INTENSITY,1977,52,closed,,deferred_ra_backlog,associational_not_attempted,0,,Son Preference and the Demand for Additional Children in Pakistan
W2612640187,,associational,PRIMARY_NORM_INTENSITY,ASSOCIATIONAL_ONLY,NORM_INTENSITY,1974,51,closed,,deferred_ra_backlog,associational_not_attempted,0,,Cross-Cultural Comparisons: Data on Two Factors in Fertility Behavior
W2083026436,https://doi.org/10.2307/2138138,associational,PRIMARY_NORM_INTENSITY,ASSOCIATIONAL_ONLY,NORM_INTENSITY,1996,49,closed,,deferred_ra_backlog,associational_not_attempted,0,,Ideal-family-size and Sex-composition Preferences among Wives and Husbands in Nepal
W2884418941,https://doi.org/10.18356/555d9cf2-en,associational,PRIMARY_SEXSEL_SUBSTITUTION,ASSOCIATIONAL_ONLY,SEXSEL_ABORTION,2001,46,closed,,deferred_ra_backlog,associational_not_attempted,0,,Sex-selective abortion: Evidence from a community-based study in Western India
W2136991420,https://doi.org/10.1177/1010539511421194,associational,PRIMARY_DIFFERENTIAL_STOPPING,ASSOCIATIONAL_ONLY,STOPPING,2011,43,closed,,deferred_ra_backlog,associational_not_attempted,0,,Socioeconomic Factors Associated With Contraceptive Use and Method Choice in Urban Slums of Bangladesh
W2034509413,https://doi.org/10.1007/s13524-014-0314-9,associational,PRIMARY_NORM_INTENSITY,ASSOCIATIONAL_ONLY,NORM_INTENSITY,2014,42,bronze,,deferred_ra_backlog,associational_not_attempted,0,,The Determinants of Low Fertility in India
W2081222338,https://doi.org/10.1017/s0305741007002068,associational,PRIMARY_NORM_INTENSITY,UNCLEAR,NORM_INTENSITY,2007,42,closed,,deferred_ra_backlog,associational_not_attempted,0,,From Resisting to “Embracing?” the One-Child Rule: Understanding New Fertility Trends in a Central China Village
W3021087142,https://doi.org/10.3390/ijerph17093221,associational,PRIMARY_DIFFERENTIAL_STOPPING,ASSOCIATIONAL_ONLY,STOPPING,2020,41,gold,,deferred_ra_backlog,associational_not_attempted,0,,Son Preference and the Reproductive Behavior of Rural-Urban Migrant Women of Childbearing Age in China: Empirical Eviden
W2596324979,https://doi.org/10.3138/jcfs.39.3.331,associational,PRIMARY_SEXSEL_SUBSTITUTION,ASSOCIATIONAL_ONLY,SEXSEL_ABORTION,2008,40,closed,,deferred_ra_backlog,associational_not_attempted,0,,The Significance of Cross-Border Marriage in a Low Fertility Society: Evidence from Taiwan
W2077279730,https://doi.org/10.1080/07399330390244220,associational,PRIMARY_SEXSEL_SUBSTITUTION,ASSOCIATIONAL_ONLY,SEXSEL_ABORTION,2003,40,closed,,deferred_ra_backlog,associational_not_attempted,0,,MISSING GIRLS AND SON PREFERENCE IN RURAL INDIA: LOOKING BEYOND POPULAR MYTH
W2464805226,https://doi.org/10.1007/s11113-016-9405-1,associational,PRIMARY_DIFFERENTIAL_STOPPING,ASSOCIATIONAL_ONLY,STOPPING,2016,39,hybrid,,deferred_ra_backlog,associational_not_attempted,0,,Old Habits Die Hard? Lingering Son Preference in an Era of Normalizing Sex Ratios at Birth in South Korea
W2114974760,https://doi.org/10.1017/s0021932097001910,associational,PRIMARY_NORM_INTENSITY,ASSOCIATIONAL_ONLY,NORM_INTENSITY,1997,39,closed,,deferred_ra_backlog,associational_not_attempted,0,,FAMILY SIZE AND SEX PREFERENCES AND EVENTUAL FERTILITY IN BOTSWANA
W1863866150,https://doi.org/10.1596/1813-9450-4373,associational,PRIMARY_NORM_INTENSITY,ASSOCIATIONAL_ONLY,NORM_INTENSITY,2007,38,green,,deferred_ra_backlog,associational_not_attempted,0,,"Why Is Son Preference Declining In South Korea ? The Role Of Development And Public Policy, And The Implications For Chi"
W2093399547,https://doi.org/10.1016/s0968-8080(08)32412-4,associational,PRIMARY_SEXSEL_SUBSTITUTION,ASSOCIATIONAL_ONLY,SEXSEL_ABORTION,2008,37,bronze,,deferred_ra_backlog,associational_not_attempted,0,,Analysis of socio-political and health practices influencing sex ratio at birth in Viet Nam
W2166013885,,associational,PRIMARY_DIFFERENTIAL_STOPPING,ASSOCIATIONAL_ONLY,STOPPING,2008,37,closed,,deferred_ra_backlog,associational_not_attempted,0,,Prevalence and determinants of unmet need for family planning in a district of eastern region of Nepal.
W1980643103,https://doi.org/10.1017/s0021932000016813,associational,PRIMARY_DIFFERENTIAL_STOPPING,ASSOCIATIONAL_ONLY,STOPPING,1987,37,closed,,deferred_ra_backlog,associational_not_attempted,0,,Son preference in Bangladesh: an emerging barrier to fertility regulation
W1578217258,https://doi.org/10.1080/00220388.2016.1241389,associational,PRIMARY_SEXSEL_SUBSTITUTION,ASSOCIATIONAL_ONLY,SEXSEL_ABORTION,2016,36,green,,deferred_ra_backlog,associational_not_attempted,0,,Sex-selective Abortions and Infant Mortality in India: The Role of Parents’ Stated Son Preference
W2969631645,https://doi.org/10.1371/journal.pone.0221526,associational,PRIMARY_NORM_INTENSITY,ASSOCIATIONAL_ONLY,NORM_INTENSITY,2019,35,gold,,deferred_ra_backlog,associational_not_attempted,0,,"Application of the Theory of Planned Behavior to couples' fertility decision-making in Inner Mongolia, China"
W2790641343,https://doi.org/10.1363/43e4317,associational,PRIMARY_DIFFERENTIAL_STOPPING,ASSOCIATIONAL_ONLY,STOPPING,2017,35,closed,,deferred_ra_backlog,associational_not_attempted,0,,Son Preference and Family Limitation in Pakistan: A Parity- and Contraceptive Method–Specific Analysis
W2791904786,https://doi.org/10.1007/s11113-018-9462-8,associational,PRIMARY_DIFFERENTIAL_STOPPING,ASSOCIATIONAL_ONLY,STOPPING,2018,34,hybrid,,deferred_ra_backlog,associational_not_attempted,0,,Parents’ Preferences for Sex of Children in Sweden: Attitudes and Outcomes
W2078595709,https://doi.org/10.2307/2173891,associational,PRIMARY_DIFFERENTIAL_STOPPING,ASSOCIATIONAL_ONLY,STOPPING,1979,34,closed,,deferred_ra_backlog,associational_not_attempted,0,,Prospective Fertility and Underlying Preferences: A Longitudinal Study in Taiwan
W2149725846,https://doi.org/10.1177/0192513x05283096,associational,PRIMARY_NORM_INTENSITY,ASSOCIATIONAL_ONLY,NORM_INTENSITY,2006,33,closed,,deferred_ra_backlog,associational_not_attempted,0,,Child Adoption in Contemporary Rural China
W2000433043,https://doi.org/10.1017/s002193200002188x,associational,PRIMARY_SEXSEL_SUBSTITUTION,ASSOCIATIONAL_ONLY,SEXSEL_ABORTION,1993,33,closed,,deferred_ra_backlog,associational_not_attempted,0,,Effect of son preference and population policy on sex ratios at birth in two provinces of China
W1532408515,https://doi.org/10.17863/cam.5410,associational,PRIMARY_NORM_INTENSITY,ASSOCIATIONAL_ONLY,NORM_INTENSITY,2004,32,green,,deferred_ra_backlog,associational_not_attempted,0,,Religion and Fertility in India: The role of son preference and daughter aversion
W1582471836,,associational,PRIMARY_NORM_INTENSITY,ASSOCIATIONAL_ONLY,NORM_INTENSITY,2000,32,green,,deferred_ra_backlog,associational_not_attempted,0,,"Fertility, Education and Development: Further Evidence from India"
W2276813087,,associational,PRIMARY_NORM_INTENSITY,ASSOCIATIONAL_ONLY,NORM_INTENSITY,1987,32,closed,,deferred_ra_backlog,associational_not_attempted,0,,The effect of sex preference on fertility and family planning: empirical evidence.
W3034805412,https://doi.org/10.1080/1369183x.2020.1778456,associational,PRIMARY_DIFFERENTIAL_STOPPING,ASSOCIATIONAL_ONLY,STOPPING,2020,30,closed,,deferred_ra_backlog,associational_not_attempted,0,,Comparison of second-child fertility intentions between local and migrant women in urban China: a Blinder–Oaxaca decompo
W4250924260,https://doi.org/10.3917/pope.406.0865,associational,PRIMARY_SEXSEL_SUBSTITUTION,NA,SEXSEL_ABORTION,2004,30,closed,,deferred_ra_backlog,associational_not_attempted,0,,"Missing Girls in South Korea: Trends, Levels and Regional Variations"
W2137029412,https://doi.org/10.1186/1742-4755-11-53,associational,PRIMARY_DIFFERENTIAL_STOPPING,ASSOCIATIONAL_ONLY,STOPPING,2014,29,gold,,deferred_ra_backlog,associational_not_attempted,0,,Promoting family planning use after childbirth and desire to limit childbearing in Ethiopia
W1690185809,https://doi.org/10.1111/j.1467-7660.2011.01733.x,associational,PRIMARY_SEXSEL_SUBSTITUTION,ASSOCIATIONAL_ONLY,SEXSEL_ABORTION,2011,29,closed,,deferred_ra_backlog,associational_not_attempted,0,,Socio-economic Differentials in Birth Masculinity in China
W2044705439,https://doi.org/10.2307/3654898,associational,PRIMARY_SEXSEL_SUBSTITUTION,ASSOCIATIONAL_ONLY,SEXSEL_ABORTION,2004,29,bronze,,deferred_ra_backlog,associational_not_attempted,0,,"Missing Girls in South Korea: Trends, Levels and Regional Variations"
W2010677845,https://doi.org/10.1111/j.1728-4465.2008.164.x,associational,PRIMARY_NORM_INTENSITY,ASSOCIATIONAL_ONLY,NORM_INTENSITY,2008,28,closed,,deferred_ra_backlog,associational_not_attempted,0,,"The Path to Replacement Fertility in Egypt: Acceptance, Preference, and Achievement"
W2272174282,https://doi.org/10.2139/ssrn.965551,associational,PRIMARY_DIFFERENTIAL_STOPPING,NA,STOPPING,2007,28,green,,deferred_ra_backlog,associational_not_attempted,0,,Fertility Choices and Sex Selection in Asia: Analysis and Policy
W1488564606,,associational,PRIMARY_SEXSEL_SUBSTITUTION,ASSOCIATIONAL_ONLY,SEXSEL_ABORTION,2006,28,closed,,deferred_ra_backlog,associational_not_attempted,0,,Fertility Decline in South Korea: Forty Years of Policy-Behavior Dialogue
W1512082160,,associational,PRIMARY_DIFFERENTIAL_STOPPING,ASSOCIATIONAL_ONLY,STOPPING,2005,28,closed,,deferred_ra_backlog,associational_not_attempted,0,,Parity Progression in Australia: What Role Does Sex of Existing Children Play?
W2105610527,https://doi.org/10.1017/s0021932000021453,associational,PRIMARY_DIFFERENTIAL_STOPPING,UNCLEAR,STOPPING,1994,28,closed,,deferred_ra_backlog,associational_not_attempted,0,,Sex preference and third birth intervals in a traditional Indian society
W2531060907,https://doi.org/10.31899/pgy9.1085,associational,PRIMARY_SEXSEL_SUBSTITUTION,ASSOCIATIONAL_ONLY,SEXSEL_ABORTION,2015,27,gold,,deferred_ra_backlog,associational_not_attempted,0,,Evidence of son preference and resulting demographic and health outcomes in Pakistan
W2561987722,https://doi.org/10.1371/journal.pone.0167575,associational,PRIMARY_SEXSEL_SUBSTITUTION,ASSOCIATIONAL_ONLY,SEXSEL_ABORTION,2016,26,gold,,deferred_ra_backlog,associational_not_attempted,0,,"The Sex Ratio at Birth for 5,338,853 Deliveries in China from 2012 to 2015: A Facility-Based Study"
W1874095407,https://doi.org/10.1596/1813-9450-7236,associational,PRIMARY_SEXSEL_SUBSTITUTION,ASSOCIATIONAL_ONLY,SEXSEL_ABORTION,2015,26,green,,deferred_ra_backlog,associational_not_attempted,0,,"“Missing Girls” in the South Caucasus Countries: Trends, Possible Causes, and Policy Options"
W2009975077,https://doi.org/10.1080/19485565.2014.899428,associational,PRIMARY_DIFFERENTIAL_STOPPING,ASSOCIATIONAL_ONLY,STOPPING,2014,26,closed,,deferred_ra_backlog,associational_not_attempted,0,,The Changing Timing of Births in Iran: An Explanation of the Rise and Fall in Fertility After the 1979 Islamic Revolutio
W1645722262,,associational,PRIMARY_DIFFERENTIAL_STOPPING,ASSOCIATIONAL_ONLY,STOPPING,1997,26,closed,,deferred_ra_backlog,associational_not_attempted,0,,Is son preference slowing down India's transition to low fertility?
W2012053867,https://doi.org/10.1080/19485565.1995.9988906,associational,PRIMARY_NORM_INTENSITY,ASSOCIATIONAL_ONLY,NORM_INTENSITY,1995,26,closed,,deferred_ra_backlog,associational_not_attempted,0,,"Son and daughter preferences in Benighat, Nepal: Implications for fertility transition"
W3046482668,https://doi.org/10.1007/s12187-020-09753-5,associational,PRIMARY_NORM_INTENSITY,ASSOCIATIONAL_ONLY,NORM_INTENSITY,2020,25,closed,,deferred_ra_backlog,associational_not_attempted,0,,"Having Children in a Time of Lowest-Low Fertility: Value of Children, Sex Preference and Fertility Desire among Taiwanes"
W2950270974,https://doi.org/10.1108/ijdi-10-2018-0156,associational,PRIMARY_NORM_INTENSITY,ASSOCIATIONAL_ONLY,NORM_INTENSITY,2019,25,closed,,deferred_ra_backlog,associational_not_attempted,0,,Impact of exposure to mass media on female empowerment: evidence from India
W2597316669,https://doi.org/10.3138/jcfs.43.1.11,associational,PRIMARY_DIFFERENTIAL_STOPPING,ASSOCIATIONAL_ONLY,STOPPING,2012,25,closed,,deferred_ra_backlog,associational_not_attempted,0,,Fertility Decline and Family Change in India: A Demographic Perspective
W3015046758,https://doi.org/10.1371/journal.pone.0236673,associational,PRIMARY_SEXSEL_SUBSTITUTION,ASSOCIATIONAL_ONLY,SEXSEL_ABORTION,2020,24,gold,,deferred_ra_backlog,associational_not_attempted,0,,Probabilistic projection of the sex ratio at birth and missing female births by State and Union Territory in India
W2566445401,https://doi.org/10.1515/pophzn-2015-0004,associational,PRIMARY_DIFFERENTIAL_STOPPING,ASSOCIATIONAL_ONLY,STOPPING,2015,24,hybrid,,deferred_ra_backlog,associational_not_attempted,0,,"Son Preference, Parity Progression and Contraceptive Use in South Asia"
W2106618928,https://doi.org/10.1155/2014/108236,associational,PRIMARY_NORM_INTENSITY,ASSOCIATIONAL_ONLY,NORM_INTENSITY,2014,24,hybrid,,deferred_ra_backlog,associational_not_attempted,0,,"Fertility Behaviour and Effect of Son Preference among the Muslims of Manipur, India"
W2945381048,https://doi.org/10.1080/17441730.2019.1571740,associational,PRIMARY_NORM_INTENSITY,ASSOCIATIONAL_ONLY,NORM_INTENSITY,2019,23,closed,,deferred_ra_backlog,associational_not_attempted,0,,Women’s gender role attitudes and fertility intentions of having a second child: survey findings from Shaanxi Province o
W2906124597,https://doi.org/10.1155/2018/5970705,associational,PRIMARY_DIFFERENTIAL_STOPPING,ASSOCIATIONAL_ONLY,STOPPING,2018,23,hybrid,,deferred_ra_backlog,associational_not_attempted,0,,Fertility Limiting Intention and Contraceptive Use among Currently Married Men in Nepal: Evidence from Nepal Demographic
W1986130226,https://doi.org/10.4103/0970-0218.45377,associational,PRIMARY_DIFFERENTIAL_STOPPING,ASSOCIATIONAL_ONLY,STOPPING,2009,23,gold,,deferred_ra_backlog,associational_not_attempted,0,,Gender preference and its implications on reproductive behavior of mothers in a rural area of West Bengal
W1517953678,https://doi.org/10.1596/1813-9450-4716,associational,PRIMARY_DIFFERENTIAL_STOPPING,ASSOCIATIONAL_ONLY,STOPPING,2008,23,green,,deferred_ra_backlog,associational_not_attempted,0,,"Development, Modernization, And Son Preference In Fertility Decisions"
W1518352691,,associational,PRIMARY_NORM_INTENSITY,ASSOCIATIONAL_ONLY,NORM_INTENSITY,1994,23,closed,,deferred_ra_backlog,associational_not_attempted,0,,Sex Ratio at Birth and Son Preference in China
W2981457975,https://doi.org/10.1016/j.rie.2020.04.001,associational,PRIMARY_DIFFERENTIAL_STOPPING,NA,STOPPING,2020,22,bronze,,deferred_ra_backlog,associational_not_attempted,0,,Preference for boys and length of birth intervals in Pakistan
W2114719204,https://doi.org/10.4314/ahs.v15i1.21,associational,PRIMARY_DIFFERENTIAL_STOPPING,ASSOCIATIONAL_ONLY,STOPPING,2015,22,diamond,,deferred_ra_backlog,associational_not_attempted,0,,Influence of gender preference and sex composition of surviving children on childbearing intention among high fertility 
W2139106919,https://doi.org/10.1017/s0021932013000588,associational,PRIMARY_SEXSEL_SUBSTITUTION,ASSOCIATIONAL_ONLY,SEXSEL_ABORTION,2013,22,closed,,deferred_ra_backlog,associational_not_attempted,0,,FERTILITY TRANSITION AND ADVERSE CHILD SEX RATIO IN DISTRICTS OF INDIA
W2011606237,https://doi.org/10.1108/03068290510596989,associational,PRIMARY_NORM_INTENSITY,ASSOCIATIONAL_ONLY,NORM_INTENSITY,2005,22,closed,,deferred_ra_backlog,associational_not_attempted,0,,"Family size, economics and child gender preference: a case study in the Nyeri district of Kenya"
W2104757850,https://doi.org/10.4314/eamj.v81i6.9179,associational,PRIMARY_NORM_INTENSITY,ASSOCIATIONAL_ONLY,NORM_INTENSITY,2004,22,diamond,,deferred_ra_backlog,associational_not_attempted,0,,Impact of child mortality and fertility preferences on fertility status in rural Ethiopia
W3214717454,https://doi.org/10.1215/00703370-9580703,associational,PRIMARY_SEXSEL_SUBSTITUTION,ASSOCIATIONAL_ONLY,SEXSEL_ABORTION,2021,21,gold,,deferred_ra_backlog,associational_not_attempted,0,,Birth Spacing and Fertility in the Presence of Son Preference and Sex-Selective Abortions: India's Experience Over Four 
W2002577115,https://doi.org/10.1177/0971521512465936,associational,PRIMARY_SEXSEL_SUBSTITUTION,ASSOCIATIONAL_ONLY,SEXSEL_ABORTION,2013,21,closed,,deferred_ra_backlog,associational_not_attempted,0,,Changing Gender Preference in China Today: Implications for the Sex Ratio
W2093166008,https://doi.org/10.1080/17441692.2011.651734,associational,PRIMARY_SEXSEL_SUBSTITUTION,ASSOCIATIONAL_ONLY,SEXSEL_ABORTION,2012,21,closed,,deferred_ra_backlog,associational_not_attempted,0,,"Factors associated with second trimester abortion in rural Maharashtra and Rajasthan, India"
W4205208878,https://doi.org/10.1002/jid.3618,associational,PRIMARY_DIFFERENTIAL_STOPPING,ASSOCIATIONAL_ONLY,STOPPING,2022,20,hybrid,,deferred_ra_backlog,associational_not_attempted,0,,Changing patterns of son preference and fertility in Pakistan
W3192411944,https://doi.org/10.1136/bmjgh-2021-005516,associational,PRIMARY_SEXSEL_SUBSTITUTION,ASSOCIATIONAL_ONLY,SEXSEL_ABORTION,2021,20,gold,,deferred_ra_backlog,associational_not_attempted,0,,"Projecting sex imbalances at birth at global, regional and national levels from 2021 to 2100: scenario-based Bayesian pr"
W2895576530,https://doi.org/10.1080/17441730.2018.1523977,associational,PRIMARY_DIFFERENTIAL_STOPPING,ASSOCIATIONAL_ONLY,STOPPING,2018,20,closed,,deferred_ra_backlog,associational_not_attempted,0,,Men’s participation in childcare and housework and parity progression: a Japanese population-based study
W2053043490,https://doi.org/10.1353/jhr.2014.0009,associational,PRIMARY_DIFFERENTIAL_STOPPING,ASSOCIATIONAL_ONLY,STOPPING,2014,20,bronze,,deferred_ra_backlog,associational_not_attempted,0,,Where There Is a Will: Fertility Behavior and Sex Bias in Large Families
W1497625654,https://doi.org/10.1257/app.20150576,associational,PRIMARY_NORM_INTENSITY,ASSOCIATIONAL_ONLY,NORM_INTENSITY,2014,20,bronze,,deferred_ra_backlog,associational_not_attempted,0,,Fertility Decline and Missing Women
W17079734,,associational,PRIMARY_SEXSEL_SUBSTITUTION,ASSOCIATIONAL_ONLY,SEXSEL_ABORTION,2012,20,green,,deferred_ra_backlog,associational_not_attempted,0,,Explaining the Skewed Child Sex Ratio in Rural India Revisiting the Landholding-Patriarchy Hypothesis
W2046531604,https://doi.org/10.2307/1966481,associational,PRIMARY_DIFFERENTIAL_STOPPING,ASSOCIATIONAL_ONLY,STOPPING,1991,20,closed,,deferred_ra_backlog,associational_not_attempted,0,,"Birth Spacing Patterns and Correlates in Shaanxi, China"
W3146560872,https://doi.org/10.12765/cpos-2021-02,associational,PRIMARY_NORM_INTENSITY,ASSOCIATIONAL_ONLY,NORM_INTENSITY,2021,19,diamond,,deferred_ra_backlog,associational_not_attempted,0,,Rural Small-Scale Women Farmers and Preference for Family Size in South-East Nigeria
W2808112090,https://doi.org/10.20947/s0102-3098a0041,associational,PRIMARY_NORM_INTENSITY,ASSOCIATIONAL_ONLY,NORM_INTENSITY,2018,19,diamond,,deferred_ra_backlog,associational_not_attempted,0,,Modelling the proximate determinants of fertility for Brazil: the advent of competing preferences
W3018104511,https://doi.org/10.1177/0268580920905465,associational,PRIMARY_NORM_INTENSITY,ASSOCIATIONAL_ONLY,NORM_INTENSITY,2020,18,closed,,deferred_ra_backlog,associational_not_attempted,0,,Fertility choices in China under the two-child policy
W3016991181,https://doi.org/10.1016/j.cegh.2020.04.005,associational,PRIMARY_NORM_INTENSITY,ASSOCIATIONAL_ONLY,STOPPING,2020,18,hybrid,,deferred_ra_backlog,associational_not_attempted,0,,Sex composition and son preference in India and major states: Evidence from the National Family Health Survey-4 (2015-16
W2112838192,https://doi.org/10.1186/1471-2458-12-543,associational,PRIMARY_SEXSEL_SUBSTITUTION,ASSOCIATIONAL_ONLY,SEXSEL_ABORTION,2012,18,gold,,deferred_ra_backlog,associational_not_attempted,0,,"Adverse pregnancy outcomes in rural Maharashtra, India (2008–09): a retrospective cohort study"
W2166141648,https://doi.org/10.1017/s0021932000020502,associational,PRIMARY_DIFFERENTIAL_STOPPING,ASSOCIATIONAL_ONLY,STOPPING,1993,18,closed,,deferred_ra_backlog,associational_not_attempted,0,,Gender of children and contraceptive use
W2883723920,https://doi.org/10.1136/bmjgh-2017-000675,associational,PRIMARY_SEXSEL_SUBSTITUTION,UNCLEAR,SEXSEL_ABORTION,2018,17,gold,,deferred_ra_backlog,associational_not_attempted,0,,Is sex ratio at birth an appropriate measure of prenatal sex selection? Findings of a theoretical model and its applicat
W2979882864,https://doi.org/10.31899/pgy9.1084,associational,PRIMARY_SEXSEL_SUBSTITUTION,ASSOCIATIONAL_ONLY,SEXSEL_ABORTION,2015,17,closed,,deferred_ra_backlog,associational_not_attempted,0,,Understanding factors influencing adverse sex ratios at birth and exploring what works to achieve balance: The situation
W1789623966,,associational,PRIMARY_NORM_INTENSITY,UNCLEAR,NORM_INTENSITY,2011,17,green,,deferred_ra_backlog,associational_not_attempted,0,,"Rethinking Son Preference: Gender, Population Dynamics and Social Change in the People's Republic of China"
W2261889599,https://doi.org/10.1080/09709274.2010.11906267,associational,PRIMARY_DIFFERENTIAL_STOPPING,ASSOCIATIONAL_ONLY,STOPPING,2010,17,closed,,deferred_ra_backlog,associational_not_attempted,0,,"Fertility Behaviour of Women and Their Household Characteristics: A Case Study of Punjab, Pakistan"
W2290910669,https://doi.org/10.1080/0972639x.2006.11886534,associational,PRIMARY_NORM_INTENSITY,ASSOCIATIONAL_ONLY,NORM_INTENSITY,2006,17,closed,,deferred_ra_backlog,associational_not_attempted,0,,Son Preference and Contraceptive Practice Among Tribal Groups in Rural South India
W2617301692,,associational,PRIMARY_SEXSEL_SUBSTITUTION,ASSOCIATIONAL_ONLY,SEXSEL_ABORTION,2005,17,closed,,deferred_ra_backlog,associational_not_attempted,0,,Does religion matter? A study of regional variations in sex ratio at birth in Korea.
W1989413134,https://doi.org/10.1017/s0021932099004873,associational,PRIMARY_SEXSEL_SUBSTITUTION,ASSOCIATIONAL_ONLY,SEXSEL_ABORTION,1999,17,closed,,deferred_ra_backlog,associational_not_attempted,0,,CHINESE TRADITIONAL MEDICINE AND ABNORMAL SEX RATIO AT BIRTH IN CHINA
W2013590576,https://doi.org/10.1017/s0021932000022082,associational,PRIMARY_DIFFERENTIAL_STOPPING,ASSOCIATIONAL_ONLY,STOPPING,1996,17,closed,,deferred_ra_backlog,associational_not_attempted,0,,Fertility norms and son preference in Morocco and Tunisia: does women's status matter?
W3130578153,https://doi.org/10.1111/sifp.12147,associational,PRIMARY_NORM_INTENSITY,ASSOCIATIONAL_ONLY,NORM_INTENSITY,2021,16,hybrid,,deferred_ra_backlog,associational_not_attempted,0,,Factors Influencing the Sex Ratio at Birth in India: A New Analysis based on Births Occurring between 2005 and 2016
W2177614041,https://doi.org/10.1080/17441730.2015.1093749,associational,PRIMARY_NORM_INTENSITY,ASSOCIATIONAL_ONLY,STOPPING,2015,16,closed,,deferred_ra_backlog,associational_not_attempted,0,,Influence of Son Preference on Contraceptive Method Mix: Some Evidences from ‘Two Bengals’
W2107225786,https://doi.org/10.1017/s0021932000020666,associational,PRIMARY_DIFFERENTIAL_STOPPING,ASSOCIATIONAL_ONLY,STOPPING,1993,16,closed,,deferred_ra_backlog,associational_not_attempted,0,,Influence of son preference on the contraceptive use and fertility of Sri Lankan women
W4386709748,https://doi.org/10.1186/s12978-023-01677-x,associational,PRIMARY_NORM_INTENSITY,ASSOCIATIONAL_ONLY,NORM_INTENSITY,2023,15,gold,,deferred_ra_backlog,associational_not_attempted,0,,Gender roles perceptions and ideal number of children: case study of Emirati youth
W2702473844,https://doi.org/10.1017/s0021932017000232,associational,PRIMARY_DIFFERENTIAL_STOPPING,ASSOCIATIONAL_ONLY,STOPPING,2017,15,closed,,deferred_ra_backlog,associational_not_attempted,0,,"PROLONGED BIRTH INTERVALS IN HAMEDAN, IRAN: VARIATIONS AND DETERMINANTS"
W2181492695,,associational,PRIMARY_SEXSEL_SUBSTITUTION,ASSOCIATIONAL_ONLY,SEXSEL_ABORTION,2013,15,green,,deferred_ra_backlog,associational_not_attempted,0,,Masculinization of births in Eastern Europe
W1993540094,https://doi.org/10.1017/s0021932000022422,associational,PRIMARY_DIFFERENTIAL_STOPPING,ASSOCIATIONAL_ONLY,STOPPING,1996,15,closed,,deferred_ra_backlog,associational_not_attempted,0,,Using a mixture model to detect son preference in Vietnam
W2730461817,,associational,PRIMARY_DIFFERENTIAL_STOPPING,ASSOCIATIONAL_ONLY,STOPPING,1983,15,closed,,deferred_ra_backlog,associational_not_attempted,0,,Family planning practices in India--Second All India Survey.
W2019809601,https://doi.org/10.1017/s0021932013000369,associational,PRIMARY_DIFFERENTIAL_STOPPING,ASSOCIATIONAL_ONLY,STOPPING,2013,14,closed,,deferred_ra_backlog,associational_not_attempted,0,,DETERMINANTS OF PREGNANCY AND INDUCED AND SPONTANEOUS ABORTION IN A JOINTLY DETERMINED FRAMEWORK: EVIDENCE FROM A COUNTR
W2183402727,,associational,PRIMARY_SEXSEL_SUBSTITUTION,ASSOCIATIONAL_ONLY,SEXSEL_ABORTION,2008,14,closed,,deferred_ra_backlog,associational_not_attempted,0,,Determinants of Induced Abortion and Its Consequences on Women's Reproductive Health: Findings from India's National Fam
W2021748440,https://doi.org/10.2307/1973092,associational,PRIMARY_DIFFERENTIAL_STOPPING,ASSOCIATIONAL_ONLY,STOPPING,1984,14,closed,,deferred_ra_backlog,associational_not_attempted,0,,Influences on Childbearing Intentions Across the Fertility Career: Demographic and Socioeconomic Factors and the Value o
W2489005299,https://doi.org/10.1016/b978-0-12-088860-3.50007-6,associational,PRIMARY_DIFFERENTIAL_STOPPING,NA,STOPPING,1983,14,closed,,deferred_ra_backlog,associational_not_attempted,0,,Measuring Sex Preferences and Their Effects on Fertility
W2046892070,https://doi.org/10.2307/1965850,associational,PRIMARY_DIFFERENTIAL_STOPPING,ASSOCIATIONAL_ONLY,STOPPING,1982,14,closed,,deferred_ra_backlog,associational_not_attempted,0,,The Relative Impacts of Vertical and Integrated FP/MCH Programs in Rural Nepal
W2066068828,https://doi.org/10.2307/2061047,associational,PRIMARY_DIFFERENTIAL_STOPPING,UNCLEAR,STOPPING,1981,14,closed,,deferred_ra_backlog,associational_not_attempted,0,,Determining the Impact of Sex Preferences on Fertility: A Demonstration Study
W2002872613,https://doi.org/10.1017/s0021932000011871,associational,PRIMARY_SEXSEL_SUBSTITUTION,UNCLEAR,SEXSEL_ABORTION,1978,14,closed,,deferred_ra_backlog,associational_not_attempted,0,,Evaluation of an unsuccessful sex Preselection clinic in Singapore
W4398133391,https://doi.org/10.1007/s42379-024-00151-w,associational,PRIMARY_NORM_INTENSITY,ASSOCIATIONAL_ONLY,NORM_INTENSITY,2024,13,hybrid,,deferred_ra_backlog,associational_not_attempted,0,,Changes of sex ratio at birth and son preferences in China: a mixed method study
W3196665937,https://doi.org/10.1215/00703370-9429479,associational,PRIMARY_SEXSEL_SUBSTITUTION,UNCLEAR,SEXSEL_ABORTION,2021,13,gold,,deferred_ra_backlog,associational_not_attempted,0,,Investigating the Structure of Son Bias in Armenia With Novel Measures of Individual Preferences
W2100853566,https://doi.org/10.1017/s0021932014000182,associational,PRIMARY_SEXSEL_SUBSTITUTION,ASSOCIATIONAL_ONLY,SEXSEL_ABORTION,2014,13,closed,,deferred_ra_backlog,associational_not_attempted,0,,SEX RATIO AT BIRTH IN TWENTY-FIRST CENTURY GREECE: THE ROLE OF ETHNIC AND SOCIAL GROUPS
W826614826,,associational,PRIMARY_SEXSEL_SUBSTITUTION,ASSOCIATIONAL_ONLY,SEXSEL_ABORTION,2013,13,closed,,deferred_ra_backlog,associational_not_attempted,0,,Sex-Selective Abortion in India: Exploring Institutional Dynamics and Responses
W2143226606,https://doi.org/10.1080/13625180903033460,associational,PRIMARY_DIFFERENTIAL_STOPPING,ASSOCIATIONAL_ONLY,STOPPING,2009,13,closed,,deferred_ra_backlog,associational_not_attempted,0,,Sex preference as a determinant of contraceptive use in matrilineal societies: A study on the Garo of Bangladesh
W2103705069,https://doi.org/10.1017/s2194607800000132,associational,PRIMARY_SEXSEL_SUBSTITUTION,ASSOCIATIONAL_ONLY,SEXSEL_ABORTION,2008,13,closed,,deferred_ra_backlog,associational_not_attempted,0,,Changing Mindsets: How China's Abnormal Sex Ratio Is Turning Its Government into a Champion of Gender Equality
W2393082171,,associational,PRIMARY_NORM_INTENSITY,ASSOCIATIONAL_ONLY,NORM_INTENSITY,2002,13,closed,,deferred_ra_backlog,associational_not_attempted,0,,Study on the Transition of Fertility Desire among Rural and Urban Residents in the Past Twenty Years
W2429983128,,associational,PRIMARY_SEXSEL_SUBSTITUTION,ASSOCIATIONAL_ONLY,SEXSEL_ABORTION,1992,13,closed,,deferred_ra_backlog,associational_not_attempted,0,,Sex ratio of China's population deserves attention.
W4389996610,https://doi.org/10.1007/s42379-023-00146-z,associational,PRIMARY_NORM_INTENSITY,ASSOCIATIONAL_ONLY,NORM_INTENSITY,2023,12,hybrid,,deferred_ra_backlog,associational_not_attempted,0,,"Economic resources, childcare services, and son preference: a conjoint analysis of fertility potential in China"
W4378175106,https://doi.org/10.1186/s12978-023-01619-7,associational,PRIMARY_NORM_INTENSITY,UNCLEAR,NORM_INTENSITY,2023,12,gold,,deferred_ra_backlog,associational_not_attempted,0,,Impact of Sumadhur intervention on fertility and family planning decision-making norms: a mixed methods study
W2953584652,https://doi.org/10.1080/1683478x.2019.1588199,associational,PRIMARY_NORM_INTENSITY,ASSOCIATIONAL_ONLY,NORM_INTENSITY,2019,12,closed,,deferred_ra_backlog,associational_not_attempted,0,,"Fertility trends, sex ratios, and son preference among Han and minority households in rural China"
W2905191590,https://doi.org/10.22459/gdld.2018,associational,PRIMARY_SEXSEL_SUBSTITUTION,ASSOCIATIONAL_ONLY,SEXSEL_ABORTION,2018,12,bronze,,deferred_ra_backlog,associational_not_attempted,0,,"Global Debates, Local Dilemmas: Sex-selective Abortion in Contemporary Viet Nam"
W2777424700,https://doi.org/10.36108/njsa/8002/60(0170),associational,PRIMARY_DIFFERENTIAL_STOPPING,ASSOCIATIONAL_ONLY,STOPPING,2008,12,bronze,,deferred_ra_backlog,associational_not_attempted,0,,"Prevalence and Consequences of Ewu-ukwu Custom in Mbaise, Imo State, Nigeria"
W2187985431,,associational,PRIMARY_DIFFERENTIAL_STOPPING,ASSOCIATIONAL_ONLY,STOPPING,2008,12,closed,,deferred_ra_backlog,associational_not_attempted,0,,"The Effect of Family Size and Composition on Fertility Desires, Contraceptive Adoption, and Method Choice in South Asia"
W2083383274,https://doi.org/10.1080/19485565.1974.9988118,associational,PRIMARY_DIFFERENTIAL_STOPPING,ASSOCIATIONAL_ONLY,STOPPING,1974,12,closed,,deferred_ra_backlog,associational_not_attempted,0,,"Gender preferences, sex predetermination, and family size in the United States"
W4308194028,https://doi.org/10.1371/journal.pone.0276595,associational,PRIMARY_NORM_INTENSITY,ASSOCIATIONAL_ONLY,NORM_INTENSITY,2022,11,gold,,deferred_ra_backlog,associational_not_attempted,0,,Unrealized fertility among women in low and middle-income countries
W2945224747,https://doi.org/10.1017/s0021932019000221,associational,PRIMARY_SEXSEL_SUBSTITUTION,ASSOCIATIONAL_ONLY,SEXSEL_ABORTION,2019,11,green,,deferred_ra_backlog,associational_not_attempted,0,,What has contributed to improvements in the child sex ratio in select districts of India? A decomposition of the sex rat
W2991653462,https://doi.org/10.5539/ijsp.v8n6p91,associational,PRIMARY_NORM_INTENSITY,ASSOCIATIONAL_ONLY,NORM_INTENSITY,2019,11,diamond,,deferred_ra_backlog,associational_not_attempted,0,,"Sex Preference, Religion and Ethnicity Roles in Fertility Among Women of Childbearing Age in Nigeria: Examining the Link"
W2467062686,https://doi.org/10.1080/13545701.2016.1195004,associational,PRIMARY_NORM_INTENSITY,ASSOCIATIONAL_ONLY,NORM_INTENSITY,2016,11,closed,,deferred_ra_backlog,associational_not_attempted,0,,Estimating the Private Economic Benefits of Sons Versus Daughters in India
W2103570267,https://doi.org/10.1080/13691058.2011.643825,associational,PRIMARY_NORM_INTENSITY,UNCLEAR,STOPPING,2011,11,closed,,deferred_ra_backlog,associational_not_attempted,0,,"The changing contexts of fertility outcomes: case studies from a remote village in Bali, Indonesia"
W2110181706,https://doi.org/10.1017/s0021932011000617,associational,PRIMARY_DIFFERENTIAL_STOPPING,ASSOCIATIONAL_ONLY,STOPPING,2011,11,closed,,deferred_ra_backlog,associational_not_attempted,0,,DESIRE FOR SONS AND SUBSEQUENT FERTILITY IN RURAL INDIA. A 20-YEAR LONGITUDINAL STUDY
W3121752839,https://doi.org/10.1596/1813-9450-5096,associational,PRIMARY_DIFFERENTIAL_STOPPING,ASSOCIATIONAL_ONLY,STOPPING,2009,11,gold,,deferred_ra_backlog,associational_not_attempted,0,,Missing Women And India's Religious Demography
W2011796412,https://doi.org/10.3961/jpmph.2009.42.2.143,associational,PRIMARY_SEXSEL_SUBSTITUTION,ASSOCIATIONAL_ONLY,SEXSEL_ABORTION,2009,11,gold,,deferred_ra_backlog,associational_not_attempted,0,,"Trends in Sex Ratio at Birth according to Parental Social Positions: Results from Vital Statistics Birth, 1981-2004 in K"
W2139469717,https://doi.org/10.1783/0000000052972762,associational,PRIMARY_DIFFERENTIAL_STOPPING,ASSOCIATIONAL_ONLY,STOPPING,2005,11,bronze,,deferred_ra_backlog,associational_not_attempted,0,,Female sterilisation in rural Bihar: what are the acceptor characteristics?
W1535573009,,associational,PRIMARY_DIFFERENTIAL_STOPPING,ASSOCIATIONAL_ONLY,STOPPING,1998,11,closed,,deferred_ra_backlog,associational_not_attempted,0,,SON PREFERENCE AND FAMILY BUILDING DURING FERTILITY TRANSITION IMPLICATIONS ON CHILD SURVIVAL
W3035007623,https://doi.org/10.1214/20-aoas1436,associational,PRIMARY_SEXSEL_SUBSTITUTION,ASSOCIATIONAL_ONLY,SEXSEL_ABORTION,2021,10,green,,deferred_ra_backlog,associational_not_attempted,0,,Global estimation and scenario-based projections of sex ratio at birth and missing female births using a Bayesian hierar
W2947701174,https://doi.org/10.1080/00220388.2019.1618452,associational,PRIMARY_NORM_INTENSITY,ASSOCIATIONAL_ONLY,NORM_INTENSITY,2019,10,green,,deferred_ra_backlog,associational_not_attempted,0,,"Conspicuous Daughters: Exogamy, Marriage Expenditures, and Son Preference in India"
W157259447,https://doi.org/10.1017/s0021932008002952,associational,PRIMARY_DIFFERENTIAL_STOPPING,ASSOCIATIONAL_ONLY,STOPPING,2008,10,closed,,deferred_ra_backlog,associational_not_attempted,0,,DOES SEX OF CHILDREN MATTER? IMPLICATIONS FOR FERTILITY IN PAKISTAN
W2308497678,https://doi.org/10.1080/09709274.2007.11905974,associational,PRIMARY_NORM_INTENSITY,ASSOCIATIONAL_ONLY,NORM_INTENSITY,2007,10,closed,,deferred_ra_backlog,associational_not_attempted,0,,Socio-economic Correlates of High Fertility among Low Contraceptive Communities of Southern Ethiopia
W2219010556,,associational,PRIMARY_SEXSEL_SUBSTITUTION,ASSOCIATIONAL_ONLY,SEXSEL_ABORTION,2003,10,closed,,deferred_ra_backlog,associational_not_attempted,0,,PATTERNS AND VARIATION IN THE SEX RATIO AT BIRTH IN THE REPUBLIC OF KOREA
W2165231830,https://doi.org/10.1017/s0021932000019726,associational,PRIMARY_NORM_INTENSITY,ASSOCIATIONAL_ONLY,STOPPING,1992,10,closed,,deferred_ra_backlog,associational_not_attempted,0,,Relationships of desire for no more children and socioeconomic and demographic factors in Sri Lankan women
W1956968598,,associational,PRIMARY_SEXSEL_SUBSTITUTION,ASSOCIATIONAL_ONLY,SEXSEL_ABORTION,1991,10,closed,,deferred_ra_backlog,associational_not_attempted,0,,Sex ratio at birth in Korea.
W4384156640,https://doi.org/10.1016/j.wsif.2023.102790,associational,PRIMARY_NORM_INTENSITY,NA,NORM_INTENSITY,2023,9,closed,,deferred_ra_backlog,associational_not_attempted,0,,Do educated mothers have lower desired son preference? The case of Pakistan
W4221015355,https://doi.org/10.1111/kykl.12298,associational,PRIMARY_DIFFERENTIAL_STOPPING,ASSOCIATIONAL_ONLY,STOPPING,2022,9,hybrid,,deferred_ra_backlog,associational_not_attempted,0,,Intentions for a third child: The role of parental sex composition preferences
W3206135936,https://doi.org/10.1017/s0021932021000511,associational,PRIMARY_DIFFERENTIAL_STOPPING,ASSOCIATIONAL_ONLY,STOPPING,2021,9,closed,,deferred_ra_backlog,associational_not_attempted,0,,Women’s education and desire for additional children in Vietnam: regional differences and the role of son preference
W2770293925,https://doi.org/10.18203/2394-6040.ijcmph20175354,associational,PRIMARY_DIFFERENTIAL_STOPPING,ASSOCIATIONAL_ONLY,STOPPING,2017,9,diamond,,deferred_ra_backlog,associational_not_attempted,0,,Fertility behaviour and contraceptive use in urban slums of district Gorakhpur
W2471584450,,associational,PRIMARY_NORM_INTENSITY,ASSOCIATIONAL_ONLY,NORM_INTENSITY,2016,9,closed,,deferred_ra_backlog,associational_not_attempted,0,,Women's empowerment and fertility preferences in Southeast Asia
W1619253136,,associational,PRIMARY_SEXSEL_SUBSTITUTION,UNCLEAR,SEXSEL_ABORTION,2015,9,closed,,deferred_ra_backlog,associational_not_attempted,0,,Explaining the Rapid Increase in Nigeria's Sex Ratio at Birth: Factors and Implications.
W2140096063,,associational,PRIMARY_DIFFERENTIAL_STOPPING,ASSOCIATIONAL_ONLY,STOPPING,2013,9,green,,deferred_ra_backlog,associational_not_attempted,0,,Socioeconomic Correlates of Contraceptive Use among the Ethnic Tribal Women of Bangladesh: Does Sex Preference Matter?
W2138927700,https://doi.org/10.1111/j.1746-1049.2009.00082.x,associational,PRIMARY_SEXSEL_SUBSTITUTION,UNCLEAR,SEXSEL_ABORTION,2009,9,bronze,,deferred_ra_backlog,associational_not_attempted,0,,EXPLORING THE IMPORTANCE OF EXCESS FEMALE MORTALITY AND DISCRIMINATION IN “NATALITY” IN EXPLAINING THE “LOWNESS” OF THE 
W2031497055,https://doi.org/10.1080/09584930902870800,associational,PRIMARY_NORM_INTENSITY,ASSOCIATIONAL_ONLY,SEXSEL_ABORTION,2009,9,closed,,deferred_ra_backlog,associational_not_attempted,0,,Family-building strategies in urban India: converging demographic trends in two culturally distinct communities
W2288949414,,associational,PRIMARY_NORM_INTENSITY,ASSOCIATIONAL_ONLY,NORM_INTENSITY,1999,9,closed,,deferred_ra_backlog,associational_not_attempted,0,,Gender preference contraceptive prevalence: evidence of regional variations.
W4388237358,https://doi.org/10.29063/ajrh2023/v27i10.8,associational,PRIMARY_DIFFERENTIAL_STOPPING,ASSOCIATIONAL_ONLY,STOPPING,2023,8,closed,,deferred_ra_backlog,associational_not_attempted,0,,Influence of sex composition of surviving children on childbearing intention among high fertility married women in stabl
W3124407484,https://doi.org/10.18502/jfrh.v14i4.5207,associational,PRIMARY_DIFFERENTIAL_STOPPING,ASSOCIATIONAL_ONLY,STOPPING,2021,8,diamond,,deferred_ra_backlog,associational_not_attempted,0,,Sex-Composition of Living Children and Women’s Fertility Desire in Vietnam
W3175312738,https://doi.org/10.1371/journal.pone.0251588,associational,PRIMARY_SEXSEL_SUBSTITUTION,ASSOCIATIONAL_ONLY,SEXSEL_ABORTION,2021,8,gold,,deferred_ra_backlog,associational_not_attempted,0,,Sex ratios at birth in Australia according to mother’s country of birth: A national study of all 5 614 847 reported live
W3089120517,https://doi.org/10.1186/s12884-020-03250-x,associational,PRIMARY_DIFFERENTIAL_STOPPING,ASSOCIATIONAL_ONLY,STOPPING,2020,8,gold,,deferred_ra_backlog,associational_not_attempted,0,,Associated factors of pregnancy spacing among women of reproductive age Group in South of Iran: cross-sectional study
W2977644333,https://doi.org/10.22038/jmrh.2019.38096.1422,associational,PRIMARY_DIFFERENTIAL_STOPPING,ASSOCIATIONAL_ONLY,STOPPING,2019,8,green,,deferred_ra_backlog,associational_not_attempted,0,,"Gender Preference and its Influence on Fertility Intention in the low-Fertility Context of Tehran, Iran"
W2899265299,,associational,PRIMARY_NORM_INTENSITY,ASSOCIATIONAL_ONLY,NORM_INTENSITY,2018,8,green,,deferred_ra_backlog,associational_not_attempted,0,,Determinants of Fertility Rate among Reproductive Age Women (15-49) in Gonji-Kollela District of the Amhara National Reg
W2275272692,,associational,PRIMARY_DIFFERENTIAL_STOPPING,ASSOCIATIONAL_ONLY,STOPPING,2012,8,closed,,deferred_ra_backlog,associational_not_attempted,0,,Declining child sex ratio and sex-selection in India: A demographic epiphany?
W2049368643,https://doi.org/10.1515/jpm.2010.024,associational,PRIMARY_SEXSEL_SUBSTITUTION,ASSOCIATIONAL_ONLY,SEXSEL_ABORTION,2010,8,closed,,deferred_ra_backlog,associational_not_attempted,0,,Recent dramatic increase in the male-to-female sex ratio of babies born in Hong Kong
W2727408989,,associational,PRIMARY_SEXSEL_SUBSTITUTION,UNCLEAR,SEXSEL_ABORTION,2007,8,closed,,deferred_ra_backlog,associational_not_attempted,0,,Discrimination from conception to childhood: a study of girl children in rural Haryana India.
W2148480644,https://doi.org/10.1177/0022022101032003004,associational,PRIMARY_NORM_INTENSITY,ASSOCIATIONAL_ONLY,NORM_INTENSITY,2001,8,green,,deferred_ra_backlog,associational_not_attempted,0,,Desire for Children in Turkmenistan and Azerbaijan
W2030844571,,associational,PRIMARY_NORM_INTENSITY,ASSOCIATIONAL_ONLY,NORM_INTENSITY,1993,8,closed,,deferred_ra_backlog,associational_not_attempted,0,,China's family planning policy today.
W2307062670,https://doi.org/10.18356/acaea40f-en,associational,PRIMARY_NORM_INTENSITY,UNCLEAR,NORM_INTENSITY,1992,8,closed,,deferred_ra_backlog,associational_not_attempted,0,,The effect of sex preference on subsequent fertility in two provinces of China
W2267627338,,associational,PRIMARY_DIFFERENTIAL_STOPPING,ASSOCIATIONAL_ONLY,STOPPING,1990,8,closed,,deferred_ra_backlog,associational_not_attempted,0,,"Son preference, fertility desire and contraceptive use in two largest cities of Pakistan."
W4405949632,https://doi.org/10.1002/ajhb.24201,associational,PRIMARY_DIFFERENTIAL_STOPPING,ASSOCIATIONAL_ONLY,STOPPING,2024,7,bronze,,deferred_ra_backlog,associational_not_attempted,0,,"Son Preference, Household Wealth Status, and Desire for More Children in the Context of Polygyny in Pakistan"
W3041824983,https://doi.org/10.1080/00324728.2020.1779333,associational,PRIMARY_DIFFERENTIAL_STOPPING,ASSOCIATIONAL_ONLY,STOPPING,2020,7,closed,,deferred_ra_backlog,associational_not_attempted,0,,"Ethnicity, sex composition of living children, and unrealized fertility in Nigeria"
W2972619061,https://doi.org/10.1177/0272684x19875022,associational,PRIMARY_NORM_INTENSITY,UNCLEAR,NORM_INTENSITY,2019,7,closed,,deferred_ra_backlog,associational_not_attempted,0,,Contextual and Social Factors Influencing Male Fertility in Nigeria
W1564682167,https://doi.org/10.12765/cpos-2014-18en,associational,PRIMARY_NORM_INTENSITY,ASSOCIATIONAL_ONLY,NORM_INTENSITY,2014,7,green,,deferred_ra_backlog,associational_not_attempted,0,,Son Preference in India: Shedding Light on the North-South Gradient
W2138016315,https://doi.org/10.1177/0971521512465938,associational,PRIMARY_SEXSEL_SUBSTITUTION,UNCLEAR,SEXSEL_ABORTION,2013,7,closed,,deferred_ra_backlog,associational_not_attempted,0,,"Rising Women’s Status, Modernisation and Persisting Son Preference in China"
W3143902278,,associational,PRIMARY_NORM_INTENSITY,ASSOCIATIONAL_ONLY,NORM_INTENSITY,2011,7,closed,,deferred_ra_backlog,associational_not_attempted,0,,Gaps between Fertility Intensions and Fertility Outcomes in China:Patterns and Determinants
W2015579157,https://doi.org/10.3917/popu.801.0093,associational,PRIMARY_SEXSEL_SUBSTITUTION,ASSOCIATIONAL_ONLY,SEXSEL_ABORTION,2008,7,bronze,,deferred_ra_backlog,associational_not_attempted,0,,"L'économique, le social et le spatial. Les trois dimensions de la surmasculinité juvénile en Inde"
W2185732341,https://doi.org/10.1080/09718923.2007.11892563,associational,PRIMARY_NORM_INTENSITY,ASSOCIATIONAL_ONLY,NORM_INTENSITY,2007,7,closed,,deferred_ra_backlog,associational_not_attempted,0,,"Son Preference and Desired Family Size in a Rural Community of West Godavari District, Andhra Pradesh, India"
W3124417450,https://doi.org/10.4054/mpidr-wp-2006-011,associational,PRIMARY_DIFFERENTIAL_STOPPING,ASSOCIATIONAL_ONLY,STOPPING,2006,7,gold,,deferred_ra_backlog,associational_not_attempted,0,,Fertility change in Egypt: from second to third birth
W3092324838,https://doi.org/10.4000/books.ifp.4522,associational,PRIMARY_SEXSEL_SUBSTITUTION,ASSOCIATIONAL_ONLY,SEXSEL_ABORTION,2005,7,green,,deferred_ra_backlog,associational_not_attempted,0,,7. Improving Girl Child Survival in Rural China: Research and Community Intervention Projects
W1966385039,https://doi.org/10.1080/1461674032000122768,associational,PRIMARY_SEXSEL_SUBSTITUTION,UNCLEAR,SEXSEL_ABORTION,2003,7,closed,,deferred_ra_backlog,associational_not_attempted,0,,"Beyond a Strong State and Docile Women Reproductive choices, state policy and skewed sex ratio in South Korea"
W2326266701,https://doi.org/10.2307/2137947,associational,PRIMARY_DIFFERENTIAL_STOPPING,NA,STOPPING,1994,7,closed,,deferred_ra_backlog,associational_not_attempted,0,,"""Effects of Family Sex Composition on Fertility Preference and Behavior in Rural Bangladesh."""
W2213029219,,associational,PRIMARY_SEXSEL_SUBSTITUTION,ASSOCIATIONAL_ONLY,SEXSEL_ABORTION,1994,7,closed,,deferred_ra_backlog,associational_not_attempted,0,,Sex Preference and Sex Ratio at Birth: the Case of Taiwan
W2253060094,,associational,PRIMARY_NORM_INTENSITY,ASSOCIATIONAL_ONLY,NORM_INTENSITY,1988,7,closed,,deferred_ra_backlog,associational_not_attempted,0,,Son Preference Among Nigerian Mothers: Its Demographic and Psycho-Social Implications
W2036564277,https://doi.org/10.1080/00324728.1962.10406076,associational,PRIMARY_NORM_INTENSITY,ASSOCIATIONAL_ONLY,STOPPING,1962,7,closed,,deferred_ra_backlog,associational_not_attempted,0,,Some aspects of family and fertility in India
W4405946556,https://doi.org/10.1002/ajhb.24205,associational,PRIMARY_DIFFERENTIAL_STOPPING,ASSOCIATIONAL_ONLY,STOPPING,2024,6,bronze,,deferred_ra_backlog,associational_not_attempted,0,,"Son Preference, Modern Contraception, and Fertility Intention in the Context of Polygyny in Pakistan: Evidence From Demo"
W4399381243,https://doi.org/10.1371/journal.pgph.0001080,associational,PRIMARY_NORM_INTENSITY,ASSOCIATIONAL_ONLY,NORM_INTENSITY,2024,6,gold,,deferred_ra_backlog,associational_not_attempted,0,,Gender preference and fertility behavior among married women: A community based study from far western Nepal
W3215344669,https://doi.org/10.3390/ijerph182312560,associational,PRIMARY_DIFFERENTIAL_STOPPING,ASSOCIATIONAL_ONLY,STOPPING,2021,6,gold,,deferred_ra_backlog,associational_not_attempted,0,,Factors Associated with Subsequent Childbirth between Marriage Years in Korea
W2792648796,,associational,PRIMARY_NORM_INTENSITY,ASSOCIATIONAL_ONLY,NORM_INTENSITY,2018,6,green,,deferred_ra_backlog,associational_not_attempted,0,,Will You Intermarry Me? : Determinants and Consequences of Immigrant-Native Intermarriage in Contemporary Nordic Setting
W4241594440,https://doi.org/10.4324/9781315228617-6,associational,PRIMARY_SEXSEL_SUBSTITUTION,ASSOCIATIONAL_ONLY,SEXSEL_ABORTION,2017,6,closed,,deferred_ra_backlog,associational_not_attempted,0,,Diverging Stories of “Missing Women” in South Asia: Is Son Preference Weakening in Bangladesh?
W2332641023,https://doi.org/10.1177/0363199016635216,associational,PRIMARY_NORM_INTENSITY,ASSOCIATIONAL_ONLY,NORM_INTENSITY,2016,6,closed,,deferred_ra_backlog,associational_not_attempted,0,,Assessing Hindu–Muslim Fertility Differentials in West Bengal
W2486887901,https://doi.org/10.17795/whb-38928,associational,PRIMARY_NORM_INTENSITY,ASSOCIATIONAL_ONLY,NORM_INTENSITY,2016,6,diamond,,deferred_ra_backlog,associational_not_attempted,0,,Factors Influencing the Desired Number of Children Among Married Women in the Reproductive Age and its Implications for 
W2071351154,https://doi.org/10.1155/2013/787149,associational,PRIMARY_DIFFERENTIAL_STOPPING,ASSOCIATIONAL_ONLY,STOPPING,2013,6,hybrid,,deferred_ra_backlog,associational_not_attempted,0,,Fertility Decline in Rwanda: Is Gender Preference in the Way?
W2204438845,,associational,PRIMARY_NORM_INTENSITY,ASSOCIATIONAL_ONLY,NORM_INTENSITY,2013,6,closed,,deferred_ra_backlog,associational_not_attempted,0,,Economic Incentives for Sex-Selective Abortion in India
W201260531,https://doi.org/10.31729/jnma.40,associational,PRIMARY_DIFFERENTIAL_STOPPING,ASSOCIATIONAL_ONLY,STOPPING,2011,6,diamond,,deferred_ra_backlog,associational_not_attempted,0,,Impact and Determinants of Gender Preference in Duhavi VDC of Eastern Nepal
W2073564047,https://doi.org/10.1080/00036841003636284,associational,PRIMARY_DIFFERENTIAL_STOPPING,ASSOCIATIONAL_ONLY,SEXSEL_ABORTION,2010,6,green,,deferred_ra_backlog,associational_not_attempted,0,,Factors influencing ‘missing girls’ in South Korea
W2282273841,,associational,PRIMARY_SEXSEL_SUBSTITUTION,ASSOCIATIONAL_ONLY,SEXSEL_ABORTION,1997,6,closed,,deferred_ra_backlog,associational_not_attempted,0,,The Effects of Sex-Selective Abortion on Fertility Level in Korea
W2624886492,https://doi.org/10.22004/ag.econ.294376,associational,PRIMARY_DIFFERENTIAL_STOPPING,ASSOCIATIONAL_ONLY,STOPPING,1996,6,green,,deferred_ra_backlog,associational_not_attempted,0,,POVERTY AND THE POPULATION PROBLEM:EVIDENCE FROM BANGLADESH
W2137488752,https://doi.org/10.1017/s0021932000019398,associational,PRIMARY_NORM_INTENSITY,ASSOCIATIONAL_ONLY,NORM_INTENSITY,1991,6,closed,,deferred_ra_backlog,associational_not_attempted,0,,Sex preferences for offspring among men in the western area of Sierra Leone
W2408605481,,associational,PRIMARY_SEXSEL_SUBSTITUTION,NA,SEXSEL_ABORTION,1991,6,closed,,deferred_ra_backlog,associational_not_attempted,0,,Sex-detection tests and female foeticide: discrimination before birth.
W2743232951,https://doi.org/10.25911/5d690a6b93160,associational,PRIMARY_DIFFERENTIAL_STOPPING,ASSOCIATIONAL_ONLY,STOPPING,1990,6,green,,deferred_ra_backlog,associational_not_attempted,0,,Reproductive preferences and subsequent behaviour : the Sri Lankan experience
W7130952905,https://doi.org/10.1016/j.actpsy.2026.106523,associational,PRIMARY_NORM_INTENSITY,ASSOCIATIONAL_ONLY,NORM_INTENSITY,2026,5,gold,,deferred_ra_backlog,associational_not_attempted,0,,Parental gender preferences and fertility ideals in China
W7123363398,https://doi.org/10.1007/s00148-025-01145-9,associational,PRIMARY_DIFFERENTIAL_STOPPING,ASSOCIATIONAL_ONLY,STOPPING,2026,5,hybrid,,deferred_ra_backlog,associational_not_attempted,0,,Measures of son preference and the treatment of girls in India
W4384407518,https://doi.org/10.1186/s12884-023-05830-z,associational,PRIMARY_DIFFERENTIAL_STOPPING,ASSOCIATIONAL_ONLY,STOPPING,2023,5,gold,,deferred_ra_backlog,associational_not_attempted,0,,Understanding feasibility and acceptability of implementation of linking delivery of family planning and infant vaccinat
W4377138248,https://doi.org/10.1093/humrep/dead101,associational,PRIMARY_DIFFERENTIAL_STOPPING,ASSOCIATIONAL_ONLY,STOPPING,2023,5,closed,,deferred_ra_backlog,associational_not_attempted,0,,A balancing act: sex selection after pre-implantation genetic testing for aneuploidy for first versus second baby
W4385803266,https://doi.org/10.1177/0192513x231194299,associational,PRIMARY_NORM_INTENSITY,ASSOCIATIONAL_ONLY,NORM_INTENSITY,2023,5,closed,,deferred_ra_backlog,associational_not_attempted,0,,Study on Marriage Pairings and Women’s Fertility Intentions in China
W4292249281,https://doi.org/10.1080/10357823.2022.2111547,associational,PRIMARY_NORM_INTENSITY,ASSOCIATIONAL_ONLY,NORM_INTENSITY,2022,5,closed,,deferred_ra_backlog,associational_not_attempted,0,,Female Labour Force Participation and the Reduction in Son Preference in China
W3167815710,https://doi.org/10.1093/acrefore/9780190625979.013.645,associational,PRIMARY_NORM_INTENSITY,UNCLEAR,NORM_INTENSITY,2021,5,closed,,deferred_ra_backlog,associational_not_attempted,0,,Limited Dependent Variables and Discrete Choice Modelling
W3165332368,https://doi.org/10.1017/s0021932021000213,associational,PRIMARY_NORM_INTENSITY,ASSOCIATIONAL_ONLY,NORM_INTENSITY,2021,5,closed,,deferred_ra_backlog,associational_not_attempted,0,,Fertility intentions among the working population of Dalian City born between 1980 and 1989
W2616481200,,associational,PRIMARY_DIFFERENTIAL_STOPPING,ASSOCIATIONAL_ONLY,STOPPING,2015,5,closed,,deferred_ra_backlog,associational_not_attempted,0,,Toward an Explanation of Son Preference in Pakistan
W3133679975,,associational,PRIMARY_NORM_INTENSITY,ASSOCIATIONAL_ONLY,NORM_INTENSITY,2015,5,closed,,deferred_ra_backlog,associational_not_attempted,0,,Gender Roles in Family Decision Making: Results from Indian States
W2272778423,https://doi.org/10.2139/ssrn.2342286,associational,PRIMARY_SEXSEL_SUBSTITUTION,NA,SEXSEL_ABORTION,2013,5,green,,deferred_ra_backlog,associational_not_attempted,0,,"Son Preference, Fertility Decline and the Future of the Sex Ratio at Birth"
W1497877379,,associational,PRIMARY_NORM_INTENSITY,ASSOCIATIONAL_ONLY,NORM_INTENSITY,2012,5,green,,deferred_ra_backlog,associational_not_attempted,0,,Diverging stories of son preference in South Asia: a comparison of India and Bangladesh
W2356168311,,associational,PRIMARY_NORM_INTENSITY,ASSOCIATIONAL_ONLY,NORM_INTENSITY,2012,5,closed,,deferred_ra_backlog,associational_not_attempted,0,,A Study on the Fertility and Son Preferences of China’s Migrants: Empirical Evidence from 12 Cities
W2372342663,,associational,PRIMARY_SEXSEL_SUBSTITUTION,UNCLEAR,SEXSEL_ABORTION,2012,5,closed,,deferred_ra_backlog,associational_not_attempted,0,,Social Change and the Turning Point of Sex Ratio at Birth
W2249779801,,associational,PRIMARY_NORM_INTENSITY,ASSOCIATIONAL_ONLY,NORM_INTENSITY,2012,5,green,,deferred_ra_backlog,associational_not_attempted,0,,Impact of Son Preference on Fertility Indices in Manipur
W2005635168,https://doi.org/10.12968/ajmw.2009.3.4.44804,associational,PRIMARY_NORM_INTENSITY,ASSOCIATIONAL_ONLY,NORM_INTENSITY,2009,5,closed,,deferred_ra_backlog,associational_not_attempted,0,,Preference for the male child and desired family size in Nigeria
W4243769204,https://doi.org/10.2202/1932-0205.1039,associational,PRIMARY_NORM_INTENSITY,ASSOCIATIONAL_ONLY,NORM_INTENSITY,2008,5,closed,,deferred_ra_backlog,associational_not_attempted,0,,Changing Mindsets: How China's Abnormal Sex Ratio Is Turning Its Government into a Champion of Gender Equality
W2050182451,https://doi.org/10.1177/097152150601300302,associational,PRIMARY_SEXSEL_SUBSTITUTION,ASSOCIATIONAL_ONLY,SEXSEL_ABORTION,2006,5,closed,,deferred_ra_backlog,associational_not_attempted,0,,Missing Girls
W346481967,https://doi.org/10.1080/09709274.2005.11905761,associational,PRIMARY_NORM_INTENSITY,ASSOCIATIONAL_ONLY,NORM_INTENSITY,2005,5,closed,,deferred_ra_backlog,associational_not_attempted,0,,"Demographic Study of Gujjars of Delhi: VI. Factors Affecting Fertility, Infant Mortality and Use of BCM"
W2189246647,https://doi.org/10.3138/jcfs.31.4.503,associational,PRIMARY_NORM_INTENSITY,UNCLEAR,STOPPING,2000,5,closed,,deferred_ra_backlog,associational_not_attempted,0,,"The impact of postmarital residence of fertility, early childhood mortality, and child health in Southern Ethiopia"
W2294254088,,associational,PRIMARY_DIFFERENTIAL_STOPPING,ASSOCIATIONAL_ONLY,STOPPING,1996,5,closed,,deferred_ra_backlog,associational_not_attempted,0,,Choosing a permanent contraceptive. Does son preference matter
W1583481259,,associational,PRIMARY_DIFFERENTIAL_STOPPING,ASSOCIATIONAL_ONLY,STOPPING,1990,5,green,,deferred_ra_backlog,associational_not_attempted,0,,Two Essays On the Economics of Marriage and Fertility
W1844669336,https://doi.org/10.25336/p63s30,associational,PRIMARY_DIFFERENTIAL_STOPPING,ASSOCIATIONAL_ONLY,STOPPING,1986,5,hybrid,,deferred_ra_backlog,associational_not_attempted,0,,The Sex of previous children and subsequent fertility intention in India
W2416982977,,associational,PRIMARY_NORM_INTENSITY,ASSOCIATIONAL_ONLY,NORM_INTENSITY,1984,5,closed,,deferred_ra_backlog,associational_not_attempted,0,,[Recent changes in contraceptive use and fertility in Korea].
W52414422,,associational,PRIMARY_DIFFERENTIAL_STOPPING,UNCLEAR,STOPPING,1982,5,closed,,deferred_ra_backlog,associational_not_attempted,0,,Sex preference and its effect on family size and child welfare.
W2346651899,,associational,PRIMARY_DIFFERENTIAL_STOPPING,ASSOCIATIONAL_ONLY,STOPPING,1976,5,closed,,deferred_ra_backlog,associational_not_attempted,0,,"Psychological correlates of family size, son preference, and birth control in Taiwan."
W4399205657,https://doi.org/10.1371/journal.pone.0297658,associational,PRIMARY_DIFFERENTIAL_STOPPING,ASSOCIATIONAL_ONLY,STOPPING,2024,4,gold,,deferred_ra_backlog,associational_not_attempted,0,,Children’s sex composition and modern contraceptive use among mothers in Bangladesh
W4283333276,https://doi.org/10.1007/s43545-022-00408-6,associational,PRIMARY_DIFFERENTIAL_STOPPING,NA,STOPPING,2022,4,closed,,deferred_ra_backlog,associational_not_attempted,0,,Influence of the preference for sons on fertility in Bangladesh
W3108851584,https://doi.org/10.1093/acrefore/9780190277727.013.345,associational,PRIMARY_SEXSEL_SUBSTITUTION,ASSOCIATIONAL_ONLY,SEXSEL_ABORTION,2020,4,closed,,deferred_ra_backlog,associational_not_attempted,0,,Gender and Demography in Asia (India and China)
W3111798456,https://doi.org/10.1111/jssr.12697,associational,PRIMARY_NORM_INTENSITY,ASSOCIATIONAL_ONLY,NORM_INTENSITY,2020,4,closed,,deferred_ra_backlog,associational_not_attempted,0,,Religious Geography and County‐Level Sex Ratios in China
W3042079860,https://doi.org/10.34035/jk.v11i2.430,associational,PRIMARY_DIFFERENTIAL_STOPPING,ASSOCIATIONAL_ONLY,STOPPING,2020,4,diamond,,deferred_ra_backlog,associational_not_attempted,0,,KETIADAAN ANAK LAKI-LAKI: AKANKAH MENJADI FAKTOR PENGHALANG PEMAKAIAN KONTRASEPSI?
W2941731529,https://doi.org/10.1177/1066480719844333,associational,PRIMARY_NORM_INTENSITY,ASSOCIATIONAL_ONLY,NORM_INTENSITY,2019,4,closed,,deferred_ra_backlog,associational_not_attempted,0,,Gender Preference and Child Labor in Indonesia
W2890950156,https://doi.org/10.24193/rjps.2018.1.05,associational,PRIMARY_DIFFERENTIAL_STOPPING,ASSOCIATIONAL_ONLY,STOPPING,2018,4,closed,,deferred_ra_backlog,associational_not_attempted,0,,"Changes in Age at Marriage, Birth Order, and Fertility Preference: A Study on a Flood Prone Area in Bangladesh"
W2904498449,https://doi.org/10.4337/9781785363559.00021,associational,PRIMARY_NORM_INTENSITY,ASSOCIATIONAL_ONLY,NORM_INTENSITY,2018,4,closed,,deferred_ra_backlog,associational_not_attempted,0,,Fertility preferences in Pakistan
W2801752626,https://doi.org/10.4337/9781785368196.00014,associational,PRIMARY_NORM_INTENSITY,UNCLEAR,NORM_INTENSITY,2017,4,closed,,deferred_ra_backlog,associational_not_attempted,0,,Son preference and the marriage squeeze in China
W2496402764,https://doi.org/10.9790/0837-02107032541,associational,PRIMARY_NORM_INTENSITY,ASSOCIATIONAL_ONLY,NORM_INTENSITY,2016,4,bronze,,deferred_ra_backlog,associational_not_attempted,0,,"Socio - Cultural Factors Influencing Fertility in MOROGORO District, Tanzania"
W2418932829,https://doi.org/10.18203/2320-1770.ijrcog20161659,associational,PRIMARY_SEXSEL_SUBSTITUTION,ASSOCIATIONAL_ONLY,SEXSEL_ABORTION,2016,4,diamond,,deferred_ra_backlog,associational_not_attempted,0,,A population-based study on correlates of abortion in India (1990-2006)
W2496533256,,associational,PRIMARY_DIFFERENTIAL_STOPPING,ASSOCIATIONAL_ONLY,STOPPING,2015,4,closed,,deferred_ra_backlog,associational_not_attempted,0,,"Relationship between Gender Preference, Birth Interval and Sex Composition on Fertility Behavior"
W2529467166,,associational,PRIMARY_SEXSEL_SUBSTITUTION,NA,SEXSEL_ABORTION,2015,4,closed,,deferred_ra_backlog,associational_not_attempted,0,,Gender-biased sex selection and unbalanced sex ratios at birth in South Asia: case studies of the situation and promisin
W2531978102,https://doi.org/10.31899/pgy9.1046,associational,PRIMARY_NORM_INTENSITY,ASSOCIATIONAL_ONLY,SEXSEL_ABORTION,2015,4,gold,,deferred_ra_backlog,associational_not_attempted,0,,Understanding factors influencing adverse sex ratios at birth in Bangladesh
W150813148,https://doi.org/10.1007/978-94-007-7445-2_14,associational,PRIMARY_NORM_INTENSITY,NA,NORM_INTENSITY,2013,4,closed,,deferred_ra_backlog,associational_not_attempted,0,,"Son Preference and Fertility in China, South Korea, and the United States"
W2406907320,,associational,PRIMARY_NORM_INTENSITY,ASSOCIATIONAL_ONLY,NORM_INTENSITY,2012,4,closed,,deferred_ra_backlog,associational_not_attempted,0,,How do Gender Preferences Affect Number of Children in a Family? ——An Empirical Study on China Urban Families
W1973615612,https://doi.org/10.1353/prv.2011.0014,associational,PRIMARY_SEXSEL_SUBSTITUTION,UNCLEAR,SEXSEL_ABORTION,2011,4,closed,,deferred_ra_backlog,associational_not_attempted,0,,Modeling Prenatal Son Preference: Some New Perspectives from China
W3121883449,https://doi.org/10.1080/00220380903012755,associational,PRIMARY_SEXSEL_SUBSTITUTION,ASSOCIATIONAL_ONLY,SEXSEL_ABORTION,2010,4,closed,,deferred_ra_backlog,associational_not_attempted,0,,A Multinomial Model of Fertility Choice and Offspring Sex Ratios in India
W2101357496,https://doi.org/10.1177/097317410600200106,associational,PRIMARY_SEXSEL_SUBSTITUTION,ASSOCIATIONAL_ONLY,SEXSEL_ABORTION,2007,4,closed,,deferred_ra_backlog,associational_not_attempted,0,,Does Intra-household Discrimination Account for the Bulk of India's ‘Missing Women’?
W2002942507,https://doi.org/10.1017/s0021932000001255,associational,PRIMARY_NORM_INTENSITY,ASSOCIATIONAL_ONLY,STOPPING,2000,4,closed,,deferred_ra_backlog,associational_not_attempted,0,,FERTILITY AND POPULATION POLICY IN TWO COUNTIES IN CHINA 1980–1991
W105921200,,associational,PRIMARY_SEXSEL_SUBSTITUTION,UNCLEAR,SEXSEL_ABORTION,1998,4,closed,,deferred_ra_backlog,associational_not_attempted,0,,"The imbalance of sex ratio at birth, and its causes and countermeasures in China."
W2200517105,,associational,PRIMARY_DIFFERENTIAL_STOPPING,ASSOCIATIONAL_ONLY,STOPPING,1993,4,closed,,deferred_ra_backlog,associational_not_attempted,0,,Sex preferences in Turkey.
W2287012932,,associational,PRIMARY_NORM_INTENSITY,ASSOCIATIONAL_ONLY,NORM_INTENSITY,1989,4,closed,,deferred_ra_backlog,associational_not_attempted,0,,Parental sex preference and its effects on fertility intention and contraceptive use in Calcutta.
W55177088,https://doi.org/10.3138/jcfs.19.1.55,associational,PRIMARY_NORM_INTENSITY,ASSOCIATIONAL_ONLY,NORM_INTENSITY,1988,4,closed,,deferred_ra_backlog,associational_not_attempted,0,,The Masculine Side of Planned Parenthood: An explanatory Analysis
W575082309,,associational,PRIMARY_DIFFERENTIAL_STOPPING,ASSOCIATIONAL_ONLY,STOPPING,1981,4,closed,,deferred_ra_backlog,associational_not_attempted,0,,Preferences for the number and sex of children and contraceptive use in Korea
W2113725032,,associational,PRIMARY_NORM_INTENSITY,ASSOCIATIONAL_ONLY,NORM_INTENSITY,1977,4,closed,,deferred_ra_backlog,associational_not_attempted,0,,Transition to the small family: a comparison of 1964-1973 time trends in Korea and Taiwan.
W4406218901,https://doi.org/10.1007/s40980-024-00133-z,associational,PRIMARY_NORM_INTENSITY,ASSOCIATIONAL_ONLY,NORM_INTENSITY,2025,3,hybrid,,deferred_ra_backlog,associational_not_attempted,0,,"Patriarchy, Fertility and Excess Female Child Mortality in India"
W4406112610,https://doi.org/10.1007/s11113-024-09930-2,associational,PRIMARY_DIFFERENTIAL_STOPPING,ASSOCIATIONAL_ONLY,STOPPING,2025,3,hybrid,,deferred_ra_backlog,associational_not_attempted,0,,Preference for Sons and Daughters in Developing Countries: When Does (Dis)agreement Between Spouses Come into Play?
W4404836531,https://doi.org/10.1186/s40834-024-00322-7,associational,PRIMARY_DIFFERENTIAL_STOPPING,ASSOCIATIONAL_ONLY,STOPPING,2024,3,gold,,deferred_ra_backlog,associational_not_attempted,0,,"Modern contraceptive use among currently married non-pregnant women (aged 15–49 years) in West Bengal, India: a reflecti"
W4367668386,https://doi.org/10.1080/13691058.2023.2203242,associational,PRIMARY_NORM_INTENSITY,ASSOCIATIONAL_ONLY,NORM_INTENSITY,2023,3,closed,,deferred_ra_backlog,associational_not_attempted,0,,Are daughters more preferred by young people in contemporary China? Qualitative evidence from one-child generation cohor
W4200109403,,associational,PRIMARY_SEXSEL_SUBSTITUTION,ASSOCIATIONAL_ONLY,SEXSEL_ABORTION,2022,3,green,,deferred_ra_backlog,associational_not_attempted,0,,"“But it’s not that they don’t love their girls”: gender equality, reproductive rights and sex-selective abortion in Brit"
W4297310301,https://doi.org/10.1111/muwo.12440,associational,PRIMARY_SEXSEL_SUBSTITUTION,UNCLEAR,SEXSEL_ABORTION,2022,3,bronze,,deferred_ra_backlog,associational_not_attempted,0,,"Fertility Decline, Small Families, and Son Selection in the Arab World: The Controversial Convergence of Contraceptive a"
W4281733158,https://doi.org/10.1007/s11113-022-09723-5,associational,PRIMARY_DIFFERENTIAL_STOPPING,NA,STOPPING,2022,3,closed,,deferred_ra_backlog,associational_not_attempted,0,,Speeding Up for a Son Among Immigrants in Canada
W3214636985,https://doi.org/10.32677/ijch.v8i10.3091,associational,PRIMARY_SEXSEL_SUBSTITUTION,UNCLEAR,SEXSEL_ABORTION,2021,3,diamond,,deferred_ra_backlog,associational_not_attempted,0,,Child sex ratio - declining trend: Reasons and consequences
W2545941555,https://doi.org/10.17615/gr3n-0h60,associational,PRIMARY_NORM_INTENSITY,ASSOCIATIONAL_ONLY,NORM_INTENSITY,2019,3,green,,deferred_ra_backlog,associational_not_attempted,0,,The Transition to Low Fertility in Brazil
W2760675787,https://doi.org/10.5958/2249-7315.2017.00454.3,associational,PRIMARY_NORM_INTENSITY,ASSOCIATIONAL_ONLY,NORM_INTENSITY,2017,3,closed,,deferred_ra_backlog,associational_not_attempted,0,,"Role of socio- cultural and economic characteristics on fertility choices in Cooch Behar district, West Bengal"
W2726652654,https://doi.org/10.4103/ijph.ijph_224_15,associational,PRIMARY_DIFFERENTIAL_STOPPING,ASSOCIATIONAL_ONLY,STOPPING,2017,3,gold,,deferred_ra_backlog,associational_not_attempted,0,,"Determinants of child sex ratio in West and South Districts of Tripura, India"
W2740678389,https://doi.org/10.1016/s0140-6736(17)32038-x,associational,PRIMARY_NORM_INTENSITY,UNCLEAR,NORM_INTENSITY,2017,3,bronze,,deferred_ra_backlog,associational_not_attempted,0,,The effect of son preference on Palestinian fertility
W2270333380,,associational,PRIMARY_NORM_INTENSITY,ASSOCIATIONAL_ONLY,NORM_INTENSITY,2015,3,closed,,deferred_ra_backlog,associational_not_attempted,0,,Socio-Economic Determinants of Child and Juvenile Sex Ratios in India: A Longitudinal Analysis with District-Level Data
W4239599755,https://doi.org/10.31899/pgy9.1083,associational,PRIMARY_SEXSEL_SUBSTITUTION,UNCLEAR,SEXSEL_ABORTION,2015,3,gold,,deferred_ra_backlog,associational_not_attempted,0,,Gender-biased sex selection in South Asia: The situation and promising approaches to restore balance
W1783151362,https://doi.org/10.3917/popu.1502.0295,associational,PRIMARY_DIFFERENTIAL_STOPPING,ASSOCIATIONAL_ONLY,STOPPING,2015,3,bronze,,deferred_ra_backlog,associational_not_attempted,0,,Gender Relations and Contraceptive Practices of Palestinian Couples
W2145793006,https://doi.org/10.1016/j.socec.2013.08.002,associational,PRIMARY_NORM_INTENSITY,NA,NORM_INTENSITY,2013,3,closed,,deferred_ra_backlog,associational_not_attempted,0,,Effects of sex preference and social pressure on fertility in changing Japanese families
W2184131183,https://doi.org/10.1080/09737189.2013.11885400,associational,PRIMARY_DIFFERENTIAL_STOPPING,ASSOCIATIONAL_ONLY,STOPPING,2013,3,closed,,deferred_ra_backlog,associational_not_attempted,0,,"Sex Preference and Fertility: A Study among the Ansaris of Meerut District, Uttar Pradesh"
W2134095288,https://doi.org/10.5455/ijmsph.2013.200420131,associational,PRIMARY_DIFFERENTIAL_STOPPING,ASSOCIATIONAL_ONLY,STOPPING,2013,3,closed,,deferred_ra_backlog,associational_not_attempted,0,,"Role of men in fertility and family planning in a peri-urban community in Punjab, India"
W2232656393,,associational,PRIMARY_SEXSEL_SUBSTITUTION,UNCLEAR,SEXSEL_ABORTION,2013,3,closed,,deferred_ra_backlog,associational_not_attempted,0,,Masculinization of birth in Eastern Europe
W2008225628,https://doi.org/10.5958/j.2249-6270.2.2.028,associational,PRIMARY_DIFFERENTIAL_STOPPING,ASSOCIATIONAL_ONLY,STOPPING,2012,3,closed,,deferred_ra_backlog,associational_not_attempted,0,,Fertility Behaviour of Women: Is Son Preference Still a Proximate Factor?
W2093693435,https://doi.org/10.2753/csa2162-0555440302,associational,PRIMARY_SEXSEL_SUBSTITUTION,ASSOCIATIONAL_ONLY,SEXSEL_ABORTION,2012,3,closed,,deferred_ra_backlog,associational_not_attempted,0,,Prenatal Sex-Selective Abortion and High Sex Ratio at Birth in the Rural Henan Province
W2187784936,,associational,PRIMARY_NORM_INTENSITY,ASSOCIATIONAL_ONLY,NORM_INTENSITY,2012,3,green,,deferred_ra_backlog,associational_not_attempted,0,,"Sex selection, son preference, and kinship structures in Viet Nam"
W279943668,,associational,PRIMARY_SEXSEL_SUBSTITUTION,ASSOCIATIONAL_ONLY,SEXSEL_ABORTION,2011,3,closed,,deferred_ra_backlog,associational_not_attempted,0,,"Sex-Sincerely Yours, Elective Abortions during Past Three Decades May Explain Absence of Millions of Girls in India"
W1493546009,,associational,PRIMARY_DIFFERENTIAL_STOPPING,ASSOCIATIONAL_ONLY,STOPPING,2011,3,closed,,deferred_ra_backlog,associational_not_attempted,0,,"Sons, daughters, and Arab-American family dynamics: Does a child's gender matter?"
W3121183794,https://doi.org/10.2139/ssrn.1615833,associational,PRIMARY_SEXSEL_SUBSTITUTION,NA,SEXSEL_ABORTION,2010,3,green,,deferred_ra_backlog,associational_not_attempted,0,,"Sex Selective Abortions, Fertility and Birth Spacing"
W2203023428,,associational,PRIMARY_NORM_INTENSITY,ASSOCIATIONAL_ONLY,NORM_INTENSITY,2009,3,closed,,deferred_ra_backlog,associational_not_attempted,0,,Fertility preferences of the Arab population in the West Bank
W2349135018,,associational,PRIMARY_NORM_INTENSITY,ASSOCIATIONAL_ONLY,NORM_INTENSITY,2006,3,closed,,deferred_ra_backlog,associational_not_attempted,0,,Social Network and Son Preference among Rural-Urban Migrants in China: A Study in Shenzhen
W2187739900,,associational,PRIMARY_DIFFERENTIAL_STOPPING,ASSOCIATIONAL_ONLY,SEXSEL_ABORTION,2005,3,closed,,deferred_ra_backlog,associational_not_attempted,0,,Son Preference and Induced Abortion in Rural China: Findings from the 2001 National Family Planning and Reproductive Hea
W2765130860,,associational,PRIMARY_SEXSEL_SUBSTITUTION,ASSOCIATIONAL_ONLY,SEXSEL_ABORTION,2005,3,green,,deferred_ra_backlog,associational_not_attempted,0,,Prenatal Sex-Selective Abortion and High Sex Ratio at Birth in Rural China: A Case Study in Henan Province
W3092015796,https://doi.org/10.4000/books.ifp.4546,associational,PRIMARY_SEXSEL_SUBSTITUTION,ASSOCIATIONAL_ONLY,SEXSEL_ABORTION,2005,3,green,,deferred_ra_backlog,associational_not_attempted,0,,9. Changing Trends and Regional Differentials in Sex Ratio at Birth in Korea: Revisited and Revised
W2275363647,,associational,PRIMARY_NORM_INTENSITY,ASSOCIATIONAL_ONLY,NORM_INTENSITY,1999,3,closed,,deferred_ra_backlog,associational_not_attempted,0,,Fertility preferences in Thailand.
W57373025,,associational,PRIMARY_NORM_INTENSITY,ASSOCIATIONAL_ONLY,NORM_INTENSITY,1993,3,closed,,deferred_ra_backlog,associational_not_attempted,0,,Assessing the Impact of the Grameen Bank on Women's Status and Fertility in Bangladesh
W2290923499,,associational,PRIMARY_DIFFERENTIAL_STOPPING,ASSOCIATIONAL_ONLY,STOPPING,1992,3,closed,,deferred_ra_backlog,associational_not_attempted,0,,Gender selection and fertility regulation in the process of family building in China.
W148908765,,associational,PRIMARY_NORM_INTENSITY,ASSOCIATIONAL_ONLY,NORM_INTENSITY,1988,3,closed,,deferred_ra_backlog,associational_not_attempted,0,,[[Attitudes toward marriage and family among the unmarried Japanese youth: major findings of the Ninth Japanese National
W2282181258,,associational,PRIMARY_DIFFERENTIAL_STOPPING,ASSOCIATIONAL_ONLY,STOPPING,1986,3,closed,,deferred_ra_backlog,associational_not_attempted,0,,[The effect of the sex of living children on fertility].
W2157101052,https://doi.org/10.57138/nznx2214,associational,PRIMARY_DIFFERENTIAL_STOPPING,ASSOCIATIONAL_ONLY,STOPPING,1976,3,closed,,deferred_ra_backlog,associational_not_attempted,0,,Fertility Decisions and Desires in Bangladesh: An Econometric Investigation
W2015212442,https://doi.org/10.1080/19485565.1975.9988163,associational,PRIMARY_NORM_INTENSITY,ASSOCIATIONAL_ONLY,NORM_INTENSITY,1975,3,closed,,deferred_ra_backlog,associational_not_attempted,0,,Son preference among Filipino Muslims: A causal analysis
W1988959961,https://doi.org/10.1017/s0021932000000298,associational,PRIMARY_NORM_INTENSITY,ASSOCIATIONAL_ONLY,NORM_INTENSITY,1975,3,closed,,deferred_ra_backlog,associational_not_attempted,0,,Effect of Desired Sex Composition in Families on the Birth Rate
W4413924671,https://doi.org/10.1371/journal.pone.0331265,associational,PRIMARY_DIFFERENTIAL_STOPPING,ASSOCIATIONAL_ONLY,STOPPING,2025,2,gold,,deferred_ra_backlog,associational_not_attempted,0,,Factors associated with unrealized fertility among women approaching the end of reproductive age in sub-Saharan Africa
W4403870951,https://doi.org/10.21203/rs.3.rs-5279176/v1,associational,PRIMARY_SEXSEL_SUBSTITUTION,NA,SEXSEL_ABORTION,2024,2,green,,deferred_ra_backlog,associational_not_attempted,0,,"Abortion Legalization, Son Preference, and Intensified Sex Selection in Nepal"
W4399139540,https://doi.org/10.1080/1369183x.2024.2359701,associational,PRIMARY_DIFFERENTIAL_STOPPING,ASSOCIATIONAL_ONLY,STOPPING,2024,2,closed,,deferred_ra_backlog,associational_not_attempted,0,,Children’s sex composition and transition to higher-order birth among Turkish migrants in Europe and their non-migrant c
W4399938445,https://doi.org/10.1007/s10815-024-03162-1,associational,PRIMARY_SEXSEL_SUBSTITUTION,ASSOCIATIONAL_ONLY,SEXSEL_ABORTION,2024,2,hybrid,,deferred_ra_backlog,associational_not_attempted,0,,Best quality vs. sex selection – an analysis of embryo selection preferences for patients undergoing preimplantation gen
W4396964816,https://doi.org/10.1007/s42650-024-00082-4,associational,PRIMARY_DIFFERENTIAL_STOPPING,UNCLEAR,STOPPING,2024,2,closed,,deferred_ra_backlog,associational_not_attempted,0,,Son Preference and Child Mortality as Predictors of Parity Progression in India: Evidence from NFHS-5
W4387619439,https://doi.org/10.55433/gsbd.178.,associational,PRIMARY_NORM_INTENSITY,ASSOCIATIONAL_ONLY,NORM_INTENSITY,2023,2,hybrid,,deferred_ra_backlog,associational_not_attempted,0,,THE EFFECT OF GENDER ROLE ATTITUDES ON THE NUMBER OF CHILDREN AND CHILD GENDER PREFERENCE
W4382699140,https://doi.org/10.1111/rode.13024,associational,PRIMARY_SEXSEL_SUBSTITUTION,ASSOCIATIONAL_ONLY,SEXSEL_ABORTION,2023,2,bronze,,deferred_ra_backlog,associational_not_attempted,0,,From cultivation to culture: Wheat farming and sex selection in China
W4389205393,https://doi.org/10.3329/ijss.v23i2.70133,associational,PRIMARY_DIFFERENTIAL_STOPPING,ASSOCIATIONAL_ONLY,STOPPING,2023,2,hybrid,,deferred_ra_backlog,associational_not_attempted,0,,Influence of Sex Preference on Demand for a Child in Bangladesh
W4311623591,https://doi.org/10.1080/02255189.2022.2145273,associational,PRIMARY_DIFFERENTIAL_STOPPING,ASSOCIATIONAL_ONLY,STOPPING,2022,2,closed,,deferred_ra_backlog,associational_not_attempted,0,,Speeding up for a son in Turkey
W4280513613,https://doi.org/10.1215/00703370-9968420,associational,PRIMARY_NORM_INTENSITY,ASSOCIATIONAL_ONLY,NORM_INTENSITY,2022,2,gold,,deferred_ra_backlog,associational_not_attempted,0,,"Learning to Value Girls: Balanced Infant Sex Ratios at Higher Parental Education in the United States, 1969–2018"
W4200257429,https://doi.org/10.1016/j.rbms.2021.11.005,associational,PRIMARY_NORM_INTENSITY,NA,NORM_INTENSITY,2021,2,hybrid,,deferred_ra_backlog,associational_not_attempted,0,,"Conceptualizing aged reproduction: genetic connectedness, son preference and assisted reproduction in North India"
W3127018748,https://doi.org/10.1017/s0021932021000031,associational,PRIMARY_NORM_INTENSITY,ASSOCIATIONAL_ONLY,NORM_INTENSITY,2021,2,closed,,deferred_ra_backlog,associational_not_attempted,0,,"Does sex composition of offspring relate to fertility in urban areas? The case of Ouagadougou, Burkina Faso"
W3135624020,https://doi.org/10.21032/jhis.2021.46.1.117,associational,PRIMARY_SEXSEL_SUBSTITUTION,ASSOCIATIONAL_ONLY,SEXSEL_ABORTION,2021,2,diamond,,deferred_ra_backlog,associational_not_attempted,0,,"Secular Trends in Sex Ratio at Birth by Birth Order in South Korea, 1981–2017"
W3021514637,https://doi.org/10.1007/978-981-15-3045-6_10,associational,PRIMARY_NORM_INTENSITY,NA,NORM_INTENSITY,2020,2,closed,,deferred_ra_backlog,associational_not_attempted,0,,"Son Preference and Hindu–Muslim Fertility Differentials in ‘Ultra-low’ Fertility Context in Kolkata, India"
W3033807732,https://doi.org/10.11604/pamj-cm.2020.3.1.22024,associational,PRIMARY_NORM_INTENSITY,ASSOCIATIONAL_ONLY,NORM_INTENSITY,2020,2,green,,deferred_ra_backlog,associational_not_attempted,0,,Spousal influence on son preference among antenatal attendees in a developing nation with limited prenatal sex-detection
W3015528765,https://doi.org/10.1177/0972558x20913701,associational,PRIMARY_NORM_INTENSITY,ASSOCIATIONAL_ONLY,STOPPING,2020,2,bronze,,deferred_ra_backlog,associational_not_attempted,0,,"Culture and Demography: A Micro Level Study Between Two Communities Residing in the City of Kolkata, West Bengal"
W2953462346,https://doi.org/10.5287/ora-4rgognbe9,associational,PRIMARY_DIFFERENTIAL_STOPPING,ASSOCIATIONAL_ONLY,STOPPING,2018,2,green,,deferred_ra_backlog,associational_not_attempted,0,,Marriage and fertility in China and Japan
W2904807258,https://doi.org/10.4337/9781785363559.00016,associational,PRIMARY_NORM_INTENSITY,ASSOCIATIONAL_ONLY,NORM_INTENSITY,2018,2,closed,,deferred_ra_backlog,associational_not_attempted,0,,Fertility preferences in Japan
W2637745948,https://doi.org/10.21474/ijar01/4304,associational,PRIMARY_SEXSEL_SUBSTITUTION,NA,SEXSEL_ABORTION,2017,2,hybrid,,deferred_ra_backlog,associational_not_attempted,0,,DISAPPEARING DAUGHTERS AND SON PREFERENCE IN INDIA – ISSUES AND CHALLENGES IN THE PRESENT SCENARIO.
W2982330487,https://doi.org/10.1007/bf03500919,associational,PRIMARY_DIFFERENTIAL_STOPPING,ASSOCIATIONAL_ONLY,STOPPING,2017,2,hybrid,,deferred_ra_backlog,associational_not_attempted,0,,Effect of Sex Composition of Children on the Gender of Next Birth in the Context of Low Fertility in Rural China
W4318346024,,associational,PRIMARY_NORM_INTENSITY,ASSOCIATIONAL_ONLY,NORM_INTENSITY,2017,2,green,,deferred_ra_backlog,associational_not_attempted,0,,Ideal first birth interval: A study of pre-marriage Youths
W3121441024,,associational,PRIMARY_DIFFERENTIAL_STOPPING,ASSOCIATIONAL_ONLY,STOPPING,2016,2,closed,,deferred_ra_backlog,associational_not_attempted,0,,"Son Preference, Fertility Decline and the Non-Missing Girls of Turkey"
W3039800187,https://doi.org/10.46568/pjgs.v12i1.197,associational,PRIMARY_DIFFERENTIAL_STOPPING,ASSOCIATIONAL_ONLY,STOPPING,2016,2,diamond,,deferred_ra_backlog,associational_not_attempted,0,,Determinants Of Fertility And Fertility Preferences In Pakistan: Comparative Secondary Analysis Of PDHS 2007-2013
W961512091,https://doi.org/10.17037/pubs.02242003,associational,PRIMARY_DIFFERENTIAL_STOPPING,ASSOCIATIONAL_ONLY,STOPPING,2015,2,green,,deferred_ra_backlog,associational_not_attempted,0,,Reproduction within different population policy environments in rural China 1979-2000
W2264252200,https://doi.org/10.18203/2320-1770.ijrcog20151301,associational,PRIMARY_DIFFERENTIAL_STOPPING,ASSOCIATIONAL_ONLY,STOPPING,2015,2,diamond,,deferred_ra_backlog,associational_not_attempted,0,,"Demographic masculinisation with increasing parity and out look of sex preference in Bundelkhand region, India"
W2183570691,,associational,PRIMARY_DIFFERENTIAL_STOPPING,ASSOCIATIONAL_ONLY,STOPPING,2014,2,closed,,deferred_ra_backlog,associational_not_attempted,0,,Does Son Preference Affect Family Size? Evidences from Hanumangarh District Rajasthan (India)
W2358538469,,associational,PRIMARY_NORM_INTENSITY,ASSOCIATIONAL_ONLY,NORM_INTENSITY,2012,2,closed,,deferred_ra_backlog,associational_not_attempted,0,,Son Preference and Patriarchal Systems:Empirical and Gender Analysis of the Imbalance in Sex Ratio at Birth in China
W1768178949,https://doi.org/10.25336/p6tk6k,associational,PRIMARY_NORM_INTENSITY,ASSOCIATIONAL_ONLY,NORM_INTENSITY,2011,2,hybrid,,deferred_ra_backlog,associational_not_attempted,0,,"Interactions of socioeconomic determinants, offspring sex preference, and fertility behaviour"
W106021070,,associational,PRIMARY_NORM_INTENSITY,ASSOCIATIONAL_ONLY,NORM_INTENSITY,2011,2,green,,deferred_ra_backlog,associational_not_attempted,0,,Fertility and the economic value of children : evidence from Nepal
W2795747298,https://doi.org/10.17037/pubs.04646544,associational,PRIMARY_DIFFERENTIAL_STOPPING,ASSOCIATIONAL_ONLY,STOPPING,2011,2,green,,deferred_ra_backlog,associational_not_attempted,0,,Marriage postponement and fertility decline in Iran: accounting for socio-economic and cultural changes in time and spac
W2120678582,,associational,PRIMARY_SEXSEL_SUBSTITUTION,ASSOCIATIONAL_ONLY,SEXSEL_ABORTION,2009,2,closed,,deferred_ra_backlog,associational_not_attempted,0,,The missing women phenomenon in india: causes and effects
W2362085273,,associational,PRIMARY_NORM_INTENSITY,ASSOCIATIONAL_ONLY,NORM_INTENSITY,2008,2,closed,,deferred_ra_backlog,associational_not_attempted,0,,Attitudes of Childbearing among Rural-urban Migrants Influenced by Social Network:A Study in Shenzhen
W2264834664,,associational,PRIMARY_NORM_INTENSITY,ASSOCIATIONAL_ONLY,NORM_INTENSITY,2007,2,closed,,deferred_ra_backlog,associational_not_attempted,0,,Couples reproductive intentions in two culturally contrasting states of north eastern India.
W2582951497,,associational,PRIMARY_DIFFERENTIAL_STOPPING,ASSOCIATIONAL_ONLY,STOPPING,2006,2,closed,,deferred_ra_backlog,associational_not_attempted,0,,Fertility and Infant and early Childhood Mortality: Some Lessons on Stopping Behaviour from Taiwanese and Dutch cases
W2725504358,,associational,PRIMARY_NORM_INTENSITY,UNCLEAR,NORM_INTENSITY,2006,2,green,,deferred_ra_backlog,associational_not_attempted,0,,Gender Bias in Sex Ratio at Birth: The Case of India
W3092348914,https://doi.org/10.4000/books.ifp.4504,associational,PRIMARY_SEXSEL_SUBSTITUTION,ASSOCIATIONAL_ONLY,SEXSEL_ABORTION,2005,2,green,,deferred_ra_backlog,associational_not_attempted,0,,"4. Child Sex Ratio Imbalance, Fertility Behaviour and Development in India: Recent Evidence from Haryana and Punjab"
W2131530999,,associational,PRIMARY_SEXSEL_SUBSTITUTION,ASSOCIATIONAL_ONLY,SEXSEL_ABORTION,2005,2,closed,,deferred_ra_backlog,associational_not_attempted,0,,High Sex Ratio at Birth and Female Deficit in China
W130570204,,associational,PRIMARY_SEXSEL_SUBSTITUTION,ASSOCIATIONAL_ONLY,SEXSEL_ABORTION,2004,2,green,,deferred_ra_backlog,associational_not_attempted,0,,"Chinese women in Italy--menarche, pregnancy and maternity."
W2485655351,https://doi.org/10.1177/0038022920030202,associational,PRIMARY_NORM_INTENSITY,ASSOCIATIONAL_ONLY,NORM_INTENSITY,2003,2,closed,,deferred_ra_backlog,associational_not_attempted,0,,Culture and Fertility: Son Preference and Reproductive Behaviour
W2884160480,,associational,PRIMARY_DIFFERENTIAL_STOPPING,NA,STOPPING,2003,2,closed,,deferred_ra_backlog,associational_not_attempted,0,,The Relationship Between Son Preference and Fertility
W2470712081,,associational,PRIMARY_SEXSEL_SUBSTITUTION,ASSOCIATIONAL_ONLY,SEXSEL_ABORTION,2001,2,closed,,deferred_ra_backlog,associational_not_attempted,0,,[Analysis on the sex ratios at birth for deliveries in hospitals in China from 1987 to 1992].
W2282787317,,associational,PRIMARY_NORM_INTENSITY,ASSOCIATIONAL_ONLY,NORM_INTENSITY,1996,2,closed,,deferred_ra_backlog,associational_not_attempted,0,,Male fertility and sexual behaviour.
W613445345,,associational,PRIMARY_NORM_INTENSITY,ASSOCIATIONAL_ONLY,NORM_INTENSITY,1995,2,closed,,deferred_ra_backlog,associational_not_attempted,0,,Social change and preferences for gender of children among women in Taiwan.
W2261788565,,associational,PRIMARY_DIFFERENTIAL_STOPPING,ASSOCIATIONAL_ONLY,STOPPING,1994,2,closed,,deferred_ra_backlog,associational_not_attempted,0,,Sex preferences womens social control and parity progression in Hausa Ibo and Yoruba societies.
W2209671616,,associational,PRIMARY_SEXSEL_SUBSTITUTION,ASSOCIATIONAL_ONLY,SEXSEL_ABORTION,1993,2,closed,,deferred_ra_backlog,associational_not_attempted,0,,Changes in the determinants of induced abortion in Korea.
W2737141159,https://doi.org/10.25911/5d70ed9370b11,associational,PRIMARY_DIFFERENTIAL_STOPPING,ASSOCIATIONAL_ONLY,STOPPING,1993,2,green,,deferred_ra_backlog,associational_not_attempted,0,,Current and desired fertility : reflections on fertility decline in China
W2754007351,https://doi.org/10.25911/5d67b8d9d2310,associational,PRIMARY_NORM_INTENSITY,ASSOCIATIONAL_ONLY,NORM_INTENSITY,1980,2,green,,deferred_ra_backlog,associational_not_attempted,0,,"Fertility values of children and parents in peninsular Malaysia : a cross-cultural study of Malays, Chinese, and Indians"
W81467895,,associational,PRIMARY_NORM_INTENSITY,ASSOCIATIONAL_ONLY,NORM_INTENSITY,1975,2,closed,,deferred_ra_backlog,associational_not_attempted,0,,Integer variation in family composition for the Philippines.
W7143737436,https://doi.org/10.3897/popecon.10.e107362,associational,PRIMARY_NORM_INTENSITY,ASSOCIATIONAL_ONLY,NORM_INTENSITY,2026,1,diamond,,deferred_ra_backlog,associational_not_attempted,0,,Fertility Patterns and Differential in India
W7125695763,https://doi.org/10.29063/ajrh2026/v30i2.2,associational,PRIMARY_NORM_INTENSITY,ASSOCIATIONAL_ONLY,NORM_INTENSITY,2026,1,diamond,,deferred_ra_backlog,associational_not_attempted,0,,Unveiling youth fertility aspirations: The role of gender attitudes in sub-Saharan Africa
W4415219747,https://doi.org/10.1007/s12546-025-09405-x,associational,PRIMARY_NORM_INTENSITY,NA,NORM_INTENSITY,2025,1,closed,,deferred_ra_backlog,associational_not_attempted,0,,Son Preference and Single-Child Families in India's Fertility Transition
W4406333947,https://doi.org/10.25133/jpssv332025.046,associational,PRIMARY_SEXSEL_SUBSTITUTION,ASSOCIATIONAL_ONLY,SEXSEL_ABORTION,2025,1,diamond,,deferred_ra_backlog,associational_not_attempted,0,,"Vietnam’s Missing Female Births: Insights from Geographical Differences, Trends, and Cultural Preferences"
W4400467323,https://doi.org/10.3126/pg.v6i1.67643,associational,PRIMARY_SEXSEL_SUBSTITUTION,ASSOCIATIONAL_ONLY,SEXSEL_ABORTION,2024,1,closed,,deferred_ra_backlog,associational_not_attempted,0,,Situation of Gender-Biased Sex Selection in Nepal
W4405842938,https://doi.org/10.1038/s41598-024-81137-z,associational,PRIMARY_SEXSEL_SUBSTITUTION,ASSOCIATIONAL_ONLY,SEXSEL_ABORTION,2024,1,gold,,deferred_ra_backlog,associational_not_attempted,0,,Changes in sex composition of births across regions and subgroups in India from an analysis of birth histories from Nati
W4365814358,https://doi.org/10.31235/osf.io/zafgj,associational,PRIMARY_SEXSEL_SUBSTITUTION,UNCLEAR,SEXSEL_ABORTION,2023,1,gold,,deferred_ra_backlog,associational_not_attempted,0,,Sex Selection for Daughters: Demographic Consequences of Female-biased Sex Ratios
W4379389432,https://doi.org/10.3897/arphapreprints.e107414,associational,PRIMARY_NORM_INTENSITY,ASSOCIATIONAL_ONLY,NORM_INTENSITY,2023,1,gold,,deferred_ra_backlog,associational_not_attempted,0,,Fertility patterns and differential in India
W4386401447,https://doi.org/10.1553/0x003e7385,associational,PRIMARY_DIFFERENTIAL_STOPPING,ASSOCIATIONAL_ONLY,STOPPING,2023,1,gold,,deferred_ra_backlog,associational_not_attempted,0,,"CORESIDING WITH PARENTS, SON PREFERENCE, AND WOMEN’S DESIRE FOR ADDITIONAL CHILDREN IN VIETNAM"
W4319598591,https://doi.org/10.3897/arphapreprints.e101097,associational,PRIMARY_NORM_INTENSITY,ASSOCIATIONAL_ONLY,NORM_INTENSITY,2023,1,gold,,deferred_ra_backlog,associational_not_attempted,0,,Fertility Pattern and Differential in India
W4311364180,https://doi.org/10.36922/ijps.v8i2.332,associational,PRIMARY_SEXSEL_SUBSTITUTION,UNCLEAR,SEXSEL_ABORTION,2022,1,hybrid,,deferred_ra_backlog,associational_not_attempted,0,,Levels and trends estimate of sex ratio at birth for seven provinces of Pakistan from 1980 to 2020 with scenario-based p
W4206382612,https://doi.org/10.3390/genealogy6010005,associational,PRIMARY_DIFFERENTIAL_STOPPING,ASSOCIATIONAL_ONLY,STOPPING,2022,1,gold,,deferred_ra_backlog,associational_not_attempted,0,,Gender Inequalities and Sex-Differential Mortality in Pre-War Greece: A Regional Perspective
W4293217079,https://doi.org/10.35188/unu-wider/2022/222-5,associational,PRIMARY_NORM_INTENSITY,ASSOCIATIONAL_ONLY,NORM_INTENSITY,2022,1,bronze,,deferred_ra_backlog,associational_not_attempted,0,,Gender preference at birth: A new measure for son preference based on stated preferences and observed measures of parent
W3214504508,https://doi.org/10.14203/jki.v16i1.598,associational,PRIMARY_DIFFERENTIAL_STOPPING,ASSOCIATIONAL_ONLY,STOPPING,2021,1,diamond,,deferred_ra_backlog,associational_not_attempted,0,,"Komposisi jenis kelamin anak, program Keluarga Berencana dan fertilitas"
W3135735373,https://doi.org/10.31235/osf.io/zps2m,associational,PRIMARY_SEXSEL_SUBSTITUTION,UNCLEAR,SEXSEL_ABORTION,2021,1,gold,,deferred_ra_backlog,associational_not_attempted,0,,"Projecting sex imbalances at birth at global, regional, and national levels from 2021 to 2100: scenario-based Bayesian p"
W3199121511,https://doi.org/10.24818/18423264/55.3.21.11,associational,PRIMARY_NORM_INTENSITY,ASSOCIATIONAL_ONLY,NORM_INTENSITY,2021,1,diamond,,deferred_ra_backlog,associational_not_attempted,0,,Role of Gender Bias and Parental Education as Determinants of Couples’ Fertility Decisions in Pakistan: Bayesian Econome
W3184962232,,associational,PRIMARY_SEXSEL_SUBSTITUTION,ASSOCIATIONAL_ONLY,SEXSEL_ABORTION,2021,1,closed,,deferred_ra_backlog,associational_not_attempted,0,,Female demographic disadvantage in India 1981-1991: Sex-selective abortion and female infanticide
W3132613800,https://doi.org/10.47203/ijch.2020.v32i04.025,associational,PRIMARY_SEXSEL_SUBSTITUTION,UNCLEAR,SEXSEL_ABORTION,2020,1,diamond,,deferred_ra_backlog,associational_not_attempted,0,,Gender Discrimination and Sex-Ratio Imbalance: A Qualitative Analysis
W2992303737,https://doi.org/10.1080/23802014.2019.1682947,associational,PRIMARY_SEXSEL_SUBSTITUTION,ASSOCIATIONAL_ONLY,SEXSEL_ABORTION,2019,1,closed,,deferred_ra_backlog,associational_not_attempted,0,,‘Bordering’ life: denying the right to live before being born
W4229522112,https://doi.org/10.5539/ijsp.v8n6p88,associational,PRIMARY_NORM_INTENSITY,ASSOCIATIONAL_ONLY,NORM_INTENSITY,2019,1,diamond,,deferred_ra_backlog,associational_not_attempted,0,,"Sex Preference, Religion and Ethnicity Roles in Fertility Among Women of Childbearing Age in Nigeria: Examining the Link"
W2980332776,,associational,PRIMARY_NORM_INTENSITY,ASSOCIATIONAL_ONLY,NORM_INTENSITY,2018,1,green,,deferred_ra_backlog,associational_not_attempted,0,,"Drivers to have more children in the pastoralist communities of Afar, Ethiopia: an explorative qualitative study"
W2803840362,https://doi.org/10.21276/aimdr.2018.4.3.cm3,associational,PRIMARY_NORM_INTENSITY,NA,NA,2018,1,diamond,,deferred_ra_backlog,associational_not_attempted,0,,Sex Preference and Fertility Behaviour in Manipur: A North-Eastern State of India
W2903972245,https://doi.org/10.2139/ssrn.2940607,associational,PRIMARY_SEXSEL_SUBSTITUTION,NA,SEXSEL_ABORTION,2017,1,green,,deferred_ra_backlog,associational_not_attempted,0,,Did the Great Recession Affect Sex Ratios at Birth for Groups with a Son Preference?
W2618927350,https://doi.org/10.9790/0837-2205074853,associational,PRIMARY_NORM_INTENSITY,ASSOCIATIONAL_ONLY,NORM_INTENSITY,2017,1,bronze,,deferred_ra_backlog,associational_not_attempted,0,,Fertility Indicators with Hill-Valley Variations in Manipur
W2611645883,,associational,PRIMARY_DIFFERENTIAL_STOPPING,ASSOCIATIONAL_ONLY,STOPPING,2016,1,green,,deferred_ra_backlog,associational_not_attempted,0,,the Effect of Sex Preference to the Desire to Have Another Children in Indonesia
W2308143328,,associational,PRIMARY_DIFFERENTIAL_STOPPING,ASSOCIATIONAL_ONLY,STOPPING,2015,1,green,,deferred_ra_backlog,associational_not_attempted,0,,Mapping gender preferences and sex imbalances in Indonesia
W2624508637,,associational,PRIMARY_NORM_INTENSITY,ASSOCIATIONAL_ONLY,NORM_INTENSITY,2015,1,green,,deferred_ra_backlog,associational_not_attempted,0,,GENDER PREFERENCE AND FERTILITY INTENTIONS AMONGST REPRODUCTIVE AGEFEMALES IN AN URBAN AREA OF DISTRICT ROHTAK (HARYANA)
W2335961125,,associational,PRIMARY_SEXSEL_SUBSTITUTION,ASSOCIATIONAL_ONLY,SEXSEL_ABORTION,2014,1,closed,,deferred_ra_backlog,associational_not_attempted,0,,"Termination of Pregnancy in a Tertiary Hospital Setting, a Holistic Review of Various Factors"
W2371791851,,associational,PRIMARY_SEXSEL_SUBSTITUTION,ASSOCIATIONAL_ONLY,SEXSEL_ABORTION,2013,1,closed,,deferred_ra_backlog,associational_not_attempted,0,,The Impact of Prohibitive Policy on the Sex-selective Behavior during Pregnancy:The Interpretation Based on TPB
W2245017698,,associational,PRIMARY_DIFFERENTIAL_STOPPING,ASSOCIATIONAL_ONLY,STOPPING,2013,1,green,,deferred_ra_backlog,associational_not_attempted,0,,Determinants of desire for children: a multinomial logistic regression approach
W2394316892,,associational,PRIMARY_SEXSEL_SUBSTITUTION,ASSOCIATIONAL_ONLY,SEXSEL_ABORTION,2012,1,closed,,deferred_ra_backlog,associational_not_attempted,0,,A Study on the Cyclical Fluctuation of Sex Ratio at Birth
W2325944837,https://doi.org/10.9790/0837-0152329,associational,PRIMARY_NORM_INTENSITY,ASSOCIATIONAL_ONLY,NORM_INTENSITY,2012,1,bronze,,deferred_ra_backlog,associational_not_attempted,0,,Fertility Transition through Four Generations and Determinants of Third Birth in Manipur
W2378528617,,associational,PRIMARY_SEXSEL_SUBSTITUTION,NA,SEXSEL_ABORTION,2012,1,closed,,deferred_ra_backlog,associational_not_attempted,0,,Son Preference and Imbalanced Sex Ratio at Birth: Cultural Foundations of Demand
W2601122872,,associational,PRIMARY_SEXSEL_SUBSTITUTION,ASSOCIATIONAL_ONLY,SEXSEL_ABORTION,2012,1,green,,deferred_ra_backlog,associational_not_attempted,0,,"Sex-Selective Abortions, Gender Discrimination in Child Health and Nutrition, and Marriage Patterns: Empirical Evidence "
W2291848889,,associational,PRIMARY_DIFFERENTIAL_STOPPING,ASSOCIATIONAL_ONLY,STOPPING,2011,1,green,,deferred_ra_backlog,associational_not_attempted,0,,"Factors influencing contraceptives use among grandmultipara in Ile-Ife, Nigeria"
W7201964237,https://doi.org/10.65463/jstat.2011.115,associational,PRIMARY_NORM_INTENSITY,ASSOCIATIONAL_ONLY,STOPPING,2011,1,diamond,,deferred_ra_backlog,associational_not_attempted,0,,Factors Affecting the Family Size in Pakistan: Cloglog Regression Model Analysis
W112605617,,associational,PRIMARY_DIFFERENTIAL_STOPPING,UNCLEAR,STOPPING,2011,1,green,,deferred_ra_backlog,associational_not_attempted,0,,Identification of Factors Influencing Third Birth Transition in Manipur
W2176507579,https://doi.org/10.1596/4507,associational,PRIMARY_DIFFERENTIAL_STOPPING,ASSOCIATIONAL_ONLY,STOPPING,2009,1,green,,deferred_ra_backlog,associational_not_attempted,0,,"Development, Modernization, and Childbearing"
W4254918361,https://doi.org/10.3101/1098-7096-70.1.56,associational,PRIMARY_DIFFERENTIAL_STOPPING,ASSOCIATIONAL_ONLY,STOPPING,2009,1,green,,deferred_ra_backlog,associational_not_attempted,0,,Human Sex Ratio and Family Size for a Selected Sample from the India Population in 2007–2008
W2308310178,https://doi.org/10.1080/09718923.2008.11892595,associational,PRIMARY_NORM_INTENSITY,ASSOCIATIONAL_ONLY,NORM_INTENSITY,2008,1,closed,,deferred_ra_backlog,associational_not_attempted,0,,"Development, Status of Women and Demographic Outcomes in Madhya Pradesh: A Regional Analysis"
W2523840798,https://doi.org/10.1177/0038022920080202,associational,PRIMARY_NORM_INTENSITY,UNCLEAR,SEXSEL_ABORTION,2008,1,closed,,deferred_ra_backlog,associational_not_attempted,0,,"Intergenerational Interests, Uncertainty and Discrimination — II: An Empirical Analysis of the Process of Declining Chil"
W2140059466,,associational,PRIMARY_NORM_INTENSITY,ASSOCIATIONAL_ONLY,STOPPING,2006,1,green,,deferred_ra_backlog,associational_not_attempted,0,,Intercultural Marriage and Its Impact on Fertility in Taiwan
W3091809488,https://doi.org/10.4000/books.ifp.4519,associational,PRIMARY_SEXSEL_SUBSTITUTION,UNCLEAR,SEXSEL_ABORTION,2005,1,green,,deferred_ra_backlog,associational_not_attempted,0,,6. Gender Discriminations at Early Stages of Life in China: Evidence from 1990 and 2000 Population Censuses
W3092408502,https://doi.org/10.4000/books.ifp.4561,associational,PRIMARY_DIFFERENTIAL_STOPPING,ASSOCIATIONAL_ONLY,STOPPING,2005,1,green,,deferred_ra_backlog,associational_not_attempted,0,,"11. Son Preference in Pakistan: Its Effects on Sex Ratio, Preferential Treatment of Boys and Sex Differentials in Infant"
W2388051334,,associational,PRIMARY_NORM_INTENSITY,ASSOCIATIONAL_ONLY,NORM_INTENSITY,2005,1,closed,,deferred_ra_backlog,associational_not_attempted,0,,Rural-Urban Migration and Sex Ratio at Birth in Urban regions of China:Analysis based on 5~(th) Census
W2183619220,,associational,PRIMARY_SEXSEL_SUBSTITUTION,ASSOCIATIONAL_ONLY,SEXSEL_ABORTION,2004,1,closed,,deferred_ra_backlog,associational_not_attempted,0,,Intensified Masculinity of the Child Sex Ratio in India : A Phenomenon of Sex Selective Abortion
W2198693636,,associational,PRIMARY_DIFFERENTIAL_STOPPING,NA,STOPPING,2004,1,closed,,deferred_ra_backlog,associational_not_attempted,0,,Sex composition of children as a determinant of parity progression
W3122118354,https://doi.org/10.22004/ag.econ.105583,associational,PRIMARY_NORM_INTENSITY,ASSOCIATIONAL_ONLY,NORM_INTENSITY,2003,1,green,,deferred_ra_backlog,associational_not_attempted,0,,"Family Size, Economics and Child Gender Preference: A Case Study in the Nyeri District of Kenya"
W2355258344,,associational,PRIMARY_DIFFERENTIAL_STOPPING,ASSOCIATIONAL_ONLY,STOPPING,2002,1,closed,,deferred_ra_backlog,associational_not_attempted,0,,Change in Sex Composition of Children during Fertility Transition
W2287723971,,associational,PRIMARY_NORM_INTENSITY,ASSOCIATIONAL_ONLY,NORM_INTENSITY,1999,1,closed,,deferred_ra_backlog,associational_not_attempted,0,,Plural wives and multiple children: the fertility of polygynists in sub-Saharan Africa.
W2059432076,https://doi.org/10.2307/2950774,associational,PRIMARY_DIFFERENTIAL_STOPPING,ASSOCIATIONAL_ONLY,STOPPING,1997,1,closed,,deferred_ra_backlog,associational_not_attempted,0,,"For Most Thai Women, the Ideal Family Consists Of Two Children--One Boy and One Girl"
W1967213109,https://doi.org/10.1080/00380237.1995.10571043,associational,PRIMARY_NORM_INTENSITY,ASSOCIATIONAL_ONLY,NORM_INTENSITY,1995,1,closed,,deferred_ra_backlog,associational_not_attempted,0,,Unsanctioned Births in China
W2299995919,,associational,PRIMARY_DIFFERENTIAL_STOPPING,ASSOCIATIONAL_ONLY,STOPPING,1993,1,closed,,deferred_ra_backlog,associational_not_attempted,0,,Quantitative measure of sex preference and the study of its relation to fertility rate.
W2271859856,,associational,PRIMARY_NORM_INTENSITY,ASSOCIATIONAL_ONLY,STOPPING,1988,1,closed,,deferred_ra_backlog,associational_not_attempted,0,,Achieved fertility family size desires and contraceptive use.
W3046223282,,associational,PRIMARY_DIFFERENTIAL_STOPPING,NA,STOPPING,1984,1,closed,,deferred_ra_backlog,associational_not_attempted,0,,Fertility Impact of Sex Composition and Sequence Among Korean Women: An Exploratory Study
W2285239326,,associational,PRIMARY_DIFFERENTIAL_STOPPING,NA,STOPPING,1984,1,closed,,deferred_ra_backlog,associational_not_attempted,0,,Fertility Impact of Sex Composition and Sequence Among Korean Women
W1928350323,,associational,PRIMARY_NORM_INTENSITY,ASSOCIATIONAL_ONLY,NORM_INTENSITY,1982,1,closed,,deferred_ra_backlog,associational_not_attempted,0,,Roots of sex preference.
W2232922585,,associational,PRIMARY_NORM_INTENSITY,ASSOCIATIONAL_ONLY,NORM_INTENSITY,1980,1,closed,,deferred_ra_backlog,associational_not_attempted,0,,The relationship between socio-economic conditions and fertility behaviour among selected Asian groups in Nairobi
W2218219376,,associational,PRIMARY_NORM_INTENSITY,ASSOCIATIONAL_ONLY,NORM_INTENSITY,1976,1,closed,,deferred_ra_backlog,associational_not_attempted,0,,"A study on wanted number and sex composition of children of women in a Korean rural area, based on Coombs Preference Sca"
W4246633916,https://doi.org/10.2307/2948189,associational,PRIMARY_NORM_INTENSITY,ASSOCIATIONAL_ONLY,NORM_INTENSITY,1975,1,closed,,deferred_ra_backlog,associational_not_attempted,0,,"Younger Women in Taiwan Want Smaller Families, Fewer Sons; Birth Control Use Is Found Widespread"
W7163051028,https://doi.org/10.5281/zenodo.20488323,associational,PRIMARY_DIFFERENTIAL_STOPPING,ASSOCIATIONAL_ONLY,STOPPING,2026,0,green,,deferred_ra_backlog,associational_not_attempted,0,,"Reproductive Health-Seeking Behaviour Among Oraon Women in Purulia and Paschim Medinipur Districts, West Bengal: A Quali"
W7172502257,https://doi.org/10.3126/ijar.v4i1.98347,associational,PRIMARY_NORM_INTENSITY,UNCLEAR,NORM_INTENSITY,2026,0,diamond,,deferred_ra_backlog,associational_not_attempted,0,,"Sex Preference and Fertility in Myanglung Municipality, Tehrathum, Nepal"
W7163890219,https://doi.org/10.1186/s41182-026-00986-8,associational,PRIMARY_DIFFERENTIAL_STOPPING,ASSOCIATIONAL_ONLY,STOPPING,2026,0,gold,,deferred_ra_backlog,associational_not_attempted,0,,Gender bias in fertility choices: how son preference increases the risk of short birth intervals in India
W7163018068,https://doi.org/10.5281/zenodo.20488322,associational,PRIMARY_DIFFERENTIAL_STOPPING,ASSOCIATIONAL_ONLY,STOPPING,2026,0,green,,deferred_ra_backlog,associational_not_attempted,0,,"Reproductive Health-Seeking Behaviour Among Oraon Women in Purulia and Paschim Medinipur Districts, West Bengal: A Quali"
W7167021790,https://doi.org/10.1186/s41182-026-01007-4,associational,PRIMARY_NORM_INTENSITY,ASSOCIATIONAL_ONLY,NORM_INTENSITY,2026,0,gold,,deferred_ra_backlog,associational_not_attempted,0,,Patriarchal norms and reproductive vulnerability: association between son preference and high-risk fertility behaviour i
W7161567350,https://doi.org/10.1057/s41599-026-07692-0,associational,PRIMARY_DIFFERENTIAL_STOPPING,ASSOCIATIONAL_ONLY,STOPPING,2026,0,gold,,deferred_ra_backlog,associational_not_attempted,0,,"Housing expenditure pressure, gender preference and subsequent fertility intentions of young female migrants: evidence f"
W7126386202,https://doi.org/10.14419/4b94kh21,associational,PRIMARY_NORM_INTENSITY,ASSOCIATIONAL_ONLY,NORM_INTENSITY,2026,0,diamond,,deferred_ra_backlog,associational_not_attempted,0,,A Statistical Analysis of Son Preference among Scheduled Tribe and Non-Scheduled Tribe Groups in Kokrajhar District of A
W7169706310,,associational,PRIMARY_NORM_INTENSITY,ASSOCIATIONAL_ONLY,NORM_INTENSITY,2026,0,green,,deferred_ra_backlog,associational_not_attempted,0,,"Essays on Development Economics, Environmental Economics, and Political Economy"
W7144242467,https://doi.org/10.1007/s11150-026-09844-2,associational,PRIMARY_SEXSEL_SUBSTITUTION,NA,SEXSEL_ABORTION,2026,0,closed,,deferred_ra_backlog,associational_not_attempted,0,,"Abortion legalization, son preference, and intensified sex selection in Nepal"
W7202080607,https://doi.org/10.53941/gssd.2026.100024,associational,PRIMARY_DIFFERENTIAL_STOPPING,ASSOCIATIONAL_ONLY,STOPPING,2026,0,hybrid,,deferred_ra_backlog,associational_not_attempted,0,,Exploring the Effects of Sex Composition of Living Children on Contraceptive Use among Tribal Women in India: A Regional
W7166166613,https://doi.org/10.18203/2320-1770.ijrcog20262080,associational,PRIMARY_DIFFERENTIAL_STOPPING,ASSOCIATIONAL_ONLY,STOPPING,2026,0,diamond,,deferred_ra_backlog,associational_not_attempted,0,,"Partner characteristics, fertility preferences and contraceptive use among married women in Nigeria"
W7165973786,,associational,PRIMARY_NORM_INTENSITY,ASSOCIATIONAL_ONLY,NORM_INTENSITY,2026,0,closed,,deferred_ra_backlog,associational_not_attempted,0,,"Cultural Momentum, Demographic Divergence, and Population Prospects in India, 2100: Son Preference as a Structural Drive"
W7166418344,,associational,PRIMARY_NORM_INTENSITY,ASSOCIATIONAL_ONLY,NORM_INTENSITY,2026,0,green,,deferred_ra_backlog,associational_not_attempted,0,,Uncovering Son Preference Cultures from Migrants under Endogenous Destination Selection
W7118188260,https://doi.org/10.1057/s41599-025-06448-6,associational,PRIMARY_NORM_INTENSITY,ASSOCIATIONAL_ONLY,NORM_INTENSITY,2026,0,gold,,deferred_ra_backlog,associational_not_attempted,0,,The impact of women’s non-farm employment on child quantity and quality
W7214055002,https://doi.org/10.64898/2026.09.20.26363531,associational,PRIMARY_DIFFERENTIAL_STOPPING,ASSOCIATIONAL_ONLY,STOPPING,2026,0,green,,deferred_ra_backlog,associational_not_attempted,0,,Barriers and incentives in the uptake of family planning services: Evidence from the Universal Access to Quality Contrac
W7170614433,https://doi.org/10.3126/mmcrj.v5i1.97563,associational,PRIMARY_SEXSEL_SUBSTITUTION,ASSOCIATIONAL_ONLY,SEXSEL_ABORTION,2026,0,bronze,,deferred_ra_backlog,associational_not_attempted,0,,Changing Scenario of Sex Ratio at Birth and Its Future Implications in Nepal
W7163328127,https://doi.org/10.36713/epra28169,associational,PRIMARY_NORM_INTENSITY,ASSOCIATIONAL_ONLY,NORM_INTENSITY,2026,0,diamond,,deferred_ra_backlog,associational_not_attempted,0,,DETERMINANTS OF FERTILITY BEHAVIOUR AND SON PREFERENCE AMONG WOMEN IN ODISHA: EVIDENCE FROM NFHS-5 (2019-21)
W4415279753,https://doi.org/10.1136/bmjopen-2025-101296,associational,PRIMARY_SEXSEL_SUBSTITUTION,ASSOCIATIONAL_ONLY,SEXSEL_ABORTION,2025,0,gold,,deferred_ra_backlog,associational_not_attempted,0,,Retrospective study on the ‘sex ratio at birth’ in Western Sydney Local Health District between 2011 and 2020
W4416821038,https://doi.org/10.18203/2394-6040.ijcmph20254029,associational,PRIMARY_SEXSEL_SUBSTITUTION,ASSOCIATIONAL_ONLY,SEXSEL_ABORTION,2025,0,diamond,,deferred_ra_backlog,associational_not_attempted,0,,Missing daughters? A 6-year village-level study of sex ratio trends at birth and its correlation with MTP and abortion i
W7140479832,https://doi.org/10.3917/e.popu.2501.0041,associational,PRIMARY_DIFFERENTIAL_STOPPING,NA,STOPPING,2025,0,diamond,,deferred_ra_backlog,associational_not_attempted,0,,The Impact of Sex Preference for Children on Birth Spacing and Differential Stopping Behaviour in Afghanistan
W4409890011,https://doi.org/10.2139/ssrn.5153975,associational,PRIMARY_SEXSEL_SUBSTITUTION,NA,SEXSEL_ABORTION,2025,0,green,,deferred_ra_backlog,associational_not_attempted,0,,"Abortion Legalization, Son Preference, and Intensified Sex Selection in Nepal"
W7117702572,https://doi.org/10.3126/ej.v4i2.88519,associational,PRIMARY_NORM_INTENSITY,ASSOCIATIONAL_ONLY,NORM_INTENSITY,2025,0,bronze,,deferred_ra_backlog,associational_not_attempted,0,,"Differentials in Ever Use of Contraceptive Methods among the Danuwar Community of Lalitpur, Nepal"
W4413593137,https://doi.org/10.1002/ajhb.70127,associational,PRIMARY_DIFFERENTIAL_STOPPING,ASSOCIATIONAL_ONLY,STOPPING,2025,0,closed,,deferred_ra_backlog,associational_not_attempted,0,,Son Preference and Third‐Birth Interval Comparative Analysis of Polygynous Versus Monogamous Families in Pakistan
W7126831674,,associational,PRIMARY_NORM_INTENSITY,ASSOCIATIONAL_ONLY,NORM_INTENSITY,2025,0,green,,deferred_ra_backlog,associational_not_attempted,0,,Sex ratio imbalance and economic development in China:a feminist economics perspective
W7134954660,https://doi.org/10.3126/shaheedsmriti.v14i12.91421,associational,PRIMARY_DIFFERENTIAL_STOPPING,ASSOCIATIONAL_ONLY,STOPPING,2025,0,bronze,,deferred_ra_backlog,associational_not_attempted,0,,The Son Preference Paradox: A Qualitative Study on its Influence on Family Planning Decisions in Khairahani Municipality
W4413066435,https://doi.org/10.21276/apjhs.2025.12.3.02,associational,PRIMARY_NORM_INTENSITY,ASSOCIATIONAL_ONLY,NORM_INTENSITY,2025,0,diamond,,deferred_ra_backlog,associational_not_attempted,0,,Study on Determinants of gender preference and use of family planning methods among married women of the reproductive ag
W7118862406,https://doi.org/10.7256/2585-7797.2025.4.76290,associational,PRIMARY_DIFFERENTIAL_STOPPING,ASSOCIATIONAL_ONLY,MORTALITY_INTERACTION,2025,0,diamond,,deferred_ra_backlog,associational_not_attempted,0,,Variation in the sex ratio of children as an indicator of parental preference for sons in the Urals and the Volga region
W4408276115,https://doi.org/10.4103/ijnmr.ijnmr_267_23,associational,PRIMARY_NORM_INTENSITY,ASSOCIATIONAL_ONLY,NORM_INTENSITY,2025,0,gold,,deferred_ra_backlog,associational_not_attempted,0,,"Predictors of Fertility Intention in Parents with Educable Intellectually Disabled Children in Isfahan, Iran"
W4411284104,https://doi.org/10.12797/politeja.22.2025.95.10,associational,PRIMARY_SEXSEL_SUBSTITUTION,UNCLEAR,SEXSEL_ABORTION,2025,0,diamond,,deferred_ra_backlog,associational_not_attempted,0,,(Un)wanted Female Offspring
W4411730876,https://doi.org/10.55248/gengpi.6.0625.2255,associational,PRIMARY_SEXSEL_SUBSTITUTION,ASSOCIATIONAL_ONLY,SEXSEL_ABORTION,2025,0,bronze,,deferred_ra_backlog,associational_not_attempted,0,,Gender Imbalance in Karnataka’s Sex Ratio at Birth: A Regional Perspective
W4417152424,https://doi.org/10.1007/s42379-025-00205-7,associational,PRIMARY_DIFFERENTIAL_STOPPING,NA,STOPPING,2025,0,closed,,deferred_ra_backlog,associational_not_attempted,0,,Son preference and its influence on contraceptive use in Nepal: insights from the Nepal Demographic and Health Surveys
W7109753182,https://doi.org/10.3886/e113674v1-192629,associational,PRIMARY_SEXSEL_SUBSTITUTION,ASSOCIATIONAL_ONLY,SEXSEL_ABORTION,2025,0,green,,deferred_ra_backlog,associational_not_attempted,0,,Replication data for: Fertility Decline and Missing Women
W4415468863,https://doi.org/10.1007/s11113-025-09974-y,associational,PRIMARY_SEXSEL_SUBSTITUTION,ASSOCIATIONAL_ONLY,SEXSEL_ABORTION,2025,0,hybrid,,deferred_ra_backlog,associational_not_attempted,0,,Evidence of Decreasing Prenatal Sex-Selection Practice in a Context of Liberal Abortion Rights
W4415588741,https://doi.org/10.3917/popu.2501.0041,associational,PRIMARY_DIFFERENTIAL_STOPPING,NA,STOPPING,2025,0,diamond,,deferred_ra_backlog,associational_not_attempted,0,,Effet de la préférence pour les garçons sur l’espacement des naissances et sur le comportement d’arrêt différentiel de l
W4417045508,https://doi.org/10.1214/25-aoas2085,associational,PRIMARY_NORM_INTENSITY,ASSOCIATIONAL_ONLY,NORM_INTENSITY,2025,0,closed,,deferred_ra_backlog,associational_not_attempted,0,,The dynamic interplay of clan culture and socioeconomic factors on fertility: Evidence from China
W7111905362,,associational,PRIMARY_DIFFERENTIAL_STOPPING,UNCLEAR,STOPPING,2025,0,green,,deferred_ra_backlog,associational_not_attempted,0,,Essays in gender economics
W4415443644,https://doi.org/10.21203/rs.3.rs-7441721/v1,associational,PRIMARY_NORM_INTENSITY,NA,NORM_INTENSITY,2025,0,green,,deferred_ra_backlog,associational_not_attempted,0,,The Effects of Housing Expenditure Pressure and Gender Preference on the Reproduction Willingness for Young Female Migra
W7133227686,https://doi.org/10.51732/njssh.v11i2.275,associational,PRIMARY_NORM_INTENSITY,ASSOCIATIONAL_ONLY,STOPPING,2025,0,diamond,,deferred_ra_backlog,associational_not_attempted,0,,Son Preference and the Desire for an Additional Child in Pakistan
W4416765691,https://doi.org/10.1080/13691058.2025.2591398,associational,PRIMARY_NORM_INTENSITY,UNCLEAR,NORM_INTENSITY,2025,0,hybrid,,deferred_ra_backlog,associational_not_attempted,0,,Between legacy and change: second-child fertility intentions among Chinese mothers in the post-one-child era
W4417527544,https://doi.org/10.1080/21620555.2025.2602545,associational,PRIMARY_NORM_INTENSITY,ASSOCIATIONAL_ONLY,NORM_INTENSITY,2025,0,closed,,deferred_ra_backlog,associational_not_attempted,0,,Acculturation and fertility transitions: evidence from China’s rural-urban migrants
W4399722035,https://doi.org/10.55942/pssj.v4i6,associational,PRIMARY_NORM_INTENSITY,ASSOCIATIONAL_ONLY,NORM_INTENSITY,2024,0,diamond,,deferred_ra_backlog,associational_not_attempted,0,,
W7163024329,https://doi.org/10.6082/xhk8z-ntw78,associational,PRIMARY_NORM_INTENSITY,ASSOCIATIONAL_ONLY,NORM_INTENSITY,2024,0,green,,deferred_ra_backlog,associational_not_attempted,0,,Fertility Preferences and Fertility Outcomes in China: A Two-way Causal Analysis
W4392634703,https://doi.org/10.59670/ml.v21is6.8588,associational,PRIMARY_DIFFERENTIAL_STOPPING,ASSOCIATIONAL_ONLY,STOPPING,2024,0,diamond,,deferred_ra_backlog,associational_not_attempted,0,,Assessing Fertility Behaviours In Manipur: Examining The 'Hills'-'Plains' Dichotomy
W4395016519,https://doi.org/10.1177/23780231241244598,associational,PRIMARY_NORM_INTENSITY,ASSOCIATIONAL_ONLY,NORM_INTENSITY,2024,0,gold,,deferred_ra_backlog,associational_not_attempted,0,,Religious Affiliation and Fertility in Vietnam: Exploring Desire for Additional Children and Actual Fertility
W4390669866,https://doi.org/10.4324/9781032724300-11,associational,PRIMARY_SEXSEL_SUBSTITUTION,ASSOCIATIONAL_ONLY,SEXSEL_ABORTION,2024,0,closed,,deferred_ra_backlog,associational_not_attempted,0,,Whose Daughters or Daughter discrimination
W4399721973,https://doi.org/10.55942/pssj.v4i6.313,associational,PRIMARY_NORM_INTENSITY,ASSOCIATIONAL_ONLY,NORM_INTENSITY,2024,0,diamond,,deferred_ra_backlog,associational_not_attempted,0,,"Determinants of KB duration and desired number of children among women of reproductive age in Banjarangkan District, Klu"
W4404768635,https://doi.org/10.3897/popecon.8.e118188,associational,PRIMARY_NORM_INTENSITY,ASSOCIATIONAL_ONLY,NORM_INTENSITY,2024,0,diamond,,deferred_ra_backlog,associational_not_attempted,0,,Socio-Economic and Demographic Determinants of Fertility in Azerbaijan: the Role of Son Preference
W4396224037,https://doi.org/10.4103/ijcm.ijcm_abstract383,associational,PRIMARY_DIFFERENTIAL_STOPPING,ASSOCIATIONAL_ONLY,STOPPING,2024,0,gold,,deferred_ra_backlog,associational_not_attempted,0,,IJCM_383A: Sociodemographic and fertility profile of post-natal women attending tertiary care hospitals in Mangaluru: A 
W4407381269,https://doi.org/10.21093/mj.v23i2.6632,associational,PRIMARY_DIFFERENTIAL_STOPPING,ASSOCIATIONAL_ONLY,STOPPING,2024,0,diamond,,deferred_ra_backlog,associational_not_attempted,0,,"Decision-Making in Family Planning: Women, Planned Children and Contraceptive Methods in Muslim Family"
W2218781281,https://doi.org/10.1093/oso/9780197683200.003.0015,associational,PRIMARY_SEXSEL_SUBSTITUTION,UNCLEAR,SEXSEL_ABORTION,2024,0,closed,,deferred_ra_backlog,associational_not_attempted,0,,Policy Case Study: Population Policy
W4396805637,https://doi.org/10.52403/gijhsr.20240210,associational,PRIMARY_NORM_INTENSITY,ASSOCIATIONAL_ONLY,NORM_INTENSITY,2024,0,bronze,,deferred_ra_backlog,associational_not_attempted,0,,Assessing Trends in Women's Reproductive Health and Family Planning in Haryana: Insights from NFHS-4 and NFHS-5
W4313463196,https://doi.org/10.4324/9781003316510-7,associational,PRIMARY_SEXSEL_SUBSTITUTION,ASSOCIATIONAL_ONLY,SEXSEL_ABORTION,2023,0,closed,,deferred_ra_backlog,associational_not_attempted,0,,Family Size and Couple's Will
W4388860346,https://doi.org/10.23736/s0393-3660.23.05033-7,associational,PRIMARY_SEXSEL_SUBSTITUTION,ASSOCIATIONAL_ONLY,SEXSEL_ABORTION,2023,0,closed,,deferred_ra_backlog,associational_not_attempted,0,,Sex ratio at birth in Canada: a male excess in Quebec
W4386233712,https://doi.org/10.2139/ssrn.4541204,associational,PRIMARY_NORM_INTENSITY,UNCLEAR,NA,2023,0,green,,deferred_ra_backlog,associational_not_attempted,0,,"Violence, Son Preference and Fertility: Evidence From India"
W4376562704,https://doi.org/10.24036/ecosains.12290757.00,associational,PRIMARY_NORM_INTENSITY,ASSOCIATIONAL_ONLY,STOPPING,2023,0,hybrid,,deferred_ra_backlog,associational_not_attempted,0,,Analisis Permintaan Anak pada Wanita Bekerja di Indonesia
W4376108793,https://doi.org/10.3917/edd.362.0023,associational,PRIMARY_DIFFERENTIAL_STOPPING,UNCLEAR,STOPPING,2023,0,bronze,,deferred_ra_backlog,associational_not_attempted,0,,"Avortements sélectifs, naissances instrumentales et la règle d’arrêt"
W4210902967,https://doi.org/10.1080/12259276.2021.2023283,associational,PRIMARY_NORM_INTENSITY,ASSOCIATIONAL_ONLY,NORM_INTENSITY,2022,0,closed,,deferred_ra_backlog,associational_not_attempted,0,,"Gender regimes, reproductive strategies and child sex preferences: A comparative study of villages in Jammu and Leh"
W4205337729,https://doi.org/10.31235/osf.io/7qxyp,associational,PRIMARY_NORM_INTENSITY,ASSOCIATIONAL_ONLY,SEXSEL_ABORTION,2022,0,gold,,deferred_ra_backlog,associational_not_attempted,0,,Patrilocality and Child Sex Ratios in India
W4285103748,https://doi.org/10.21522/tijar.2014.se.22.01.art003,associational,PRIMARY_DIFFERENTIAL_STOPPING,ASSOCIATIONAL_ONLY,STOPPING,2022,0,diamond,,deferred_ra_backlog,associational_not_attempted,0,,"Predictors of Family Size Among Men in Urban Slums of Enugu, Southeast Nigeria: A Cross Sectional Study"
W4296252496,https://doi.org/10.31567/ssd.689,associational,PRIMARY_SEXSEL_SUBSTITUTION,ASSOCIATIONAL_ONLY,SEXSEL_ABORTION,2022,0,closed,,deferred_ra_backlog,associational_not_attempted,0,,KADINLARIN İSTEYEREK DÜŞÜK YAPMA NEDENİ VE DÜŞÜK SONRASI AİLE PLANLAMASI KULLANMA DURUMLARI
W3198571125,https://doi.org/10.1093/ije/dyab168.577,associational,PRIMARY_DIFFERENTIAL_STOPPING,ASSOCIATIONAL_ONLY,STOPPING,2021,0,bronze,,deferred_ra_backlog,associational_not_attempted,0,,735Dynamics and Determinants of Birth Spacing in India
W3148947956,https://doi.org/10.5539/res.v13n2p1,associational,PRIMARY_NORM_INTENSITY,UNCLEAR,NORM_INTENSITY,2021,0,diamond,,deferred_ra_backlog,associational_not_attempted,0,,Fertility Decrease and Son Preference Among the Educated Middle-Class in Kathmandu
W3195467958,https://doi.org/10.1080/01459740.2021.2002857,associational,PRIMARY_SEXSEL_SUBSTITUTION,UNCLEAR,SEXSEL_ABORTION,2021,0,hybrid,,deferred_ra_backlog,associational_not_attempted,0,,"“But It’s Not That They Don’t Love Their Girls”: Gender Equality, Reproductive Rights and Sex-Selective Abortion in Brit"
W3168230566,,associational,PRIMARY_DIFFERENTIAL_STOPPING,ASSOCIATIONAL_ONLY,STOPPING,2021,0,green,,deferred_ra_backlog,associational_not_attempted,0,,"Quality or Quantity: Family Size and Gender Preferences among Households in Rural and Urban Areas of Zamfara State, Nort"
W3129302276,https://doi.org/10.4324/9780429293467-10,associational,PRIMARY_NORM_INTENSITY,ASSOCIATIONAL_ONLY,NORM_INTENSITY,2021,0,green,,deferred_ra_backlog,associational_not_attempted,0,,"Confronting social inequality through fertility change in Punjab, Pakistan"
W4412997204,https://doi.org/10.12724/ajss.59.5,associational,PRIMARY_SEXSEL_SUBSTITUTION,ASSOCIATIONAL_ONLY,SEXSEL_ABORTION,2021,0,diamond,,deferred_ra_backlog,associational_not_attempted,0,,Family Planning Policies and Sex Selective Abortions in India: Does the former elevate the latter?
W3192376565,https://doi.org/10.12765/cpos-2021-11,associational,PRIMARY_DIFFERENTIAL_STOPPING,ASSOCIATIONAL_ONLY,STOPPING,2021,0,diamond,,deferred_ra_backlog,associational_not_attempted,0,,Is There Evidence of Gender Preference for Offspring in France? Examining the Predilections of Native Women and Immigran
W3216078548,https://doi.org/10.29121/granthaalayah.v9.i11.2021.4382,associational,PRIMARY_NORM_INTENSITY,ASSOCIATIONAL_ONLY,NORM_INTENSITY,2021,0,diamond,,deferred_ra_backlog,associational_not_attempted,0,,"PREVALENCE, PATTERN, AND DETERMINANT OF SEX PREFERENCE IN INDIA: EVIDENCE FROM INDIA HUMAN DEVELOPMENT SURVEY-II (2011-1"
W4226542571,,associational,PRIMARY_DIFFERENTIAL_STOPPING,ASSOCIATIONAL_ONLY,STOPPING,2021,0,green,,deferred_ra_backlog,associational_not_attempted,0,,Changing Patterns of Son Preference and Fertility in Pakistan
W7163019688,https://doi.org/10.6082/gh8rr-yqy69,associational,PRIMARY_DIFFERENTIAL_STOPPING,ASSOCIATIONAL_ONLY,STOPPING,2021,0,green,,deferred_ra_backlog,associational_not_attempted,0,,Whether to have an extra child or not? An integrative approach to parents' reproductive decision-making in current China
W4236094313,https://doi.org/10.31235/osf.io/vhy86,associational,PRIMARY_SEXSEL_SUBSTITUTION,ASSOCIATIONAL_ONLY,SEXSEL_ABORTION,2021,0,gold,,deferred_ra_backlog,associational_not_attempted,0,,Skewed Child Sex Ratios in India: A Revisit to Geographical Patterns and Socio-economic correlates
W7134247097,https://doi.org/10.26181/15088485,associational,PRIMARY_SEXSEL_SUBSTITUTION,ASSOCIATIONAL_ONLY,SEXSEL_ABORTION,2021,0,green,,deferred_ra_backlog,associational_not_attempted,0,,Sex ratios at birth in Australia according to mother's country of birth: A national study of all 5 614 847 reported live
W3184690497,https://doi.org/10.2139/ssrn.3874558,associational,PRIMARY_NORM_INTENSITY,UNCLEAR,NORM_INTENSITY,2021,0,green,,deferred_ra_backlog,associational_not_attempted,0,,"Financial Incentives, Fertility, and Son Preference in Armenia"
W7134280208,https://doi.org/10.26181/15088485.v1,associational,PRIMARY_SEXSEL_SUBSTITUTION,ASSOCIATIONAL_ONLY,SEXSEL_ABORTION,2021,0,green,,deferred_ra_backlog,associational_not_attempted,0,,Sex ratios at birth in Australia according to mother's country of birth: A national study of all 5 614 847 reported live
W7146623757,,associational,PRIMARY_NORM_INTENSITY,ASSOCIATIONAL_ONLY,NORM_INTENSITY,2021,0,green,,deferred_ra_backlog,associational_not_attempted,0,,中国都市部における既婚女性の出産意識とその影響要因:大連市での調査を中心に
W3162578699,https://doi.org/10.1017/s0021932021000171,associational,PRIMARY_SEXSEL_SUBSTITUTION,UNCLEAR,SEXSEL_ABORTION,2021,0,green,,deferred_ra_backlog,associational_not_attempted,0,,Does the prenatal factor or the postnatal factor contribute more to changes in the child sex ratio in India? An investig
W3141076867,https://doi.org/10.36609/bjpa.v17i1.215,associational,PRIMARY_NORM_INTENSITY,ASSOCIATIONAL_ONLY,NORM_INTENSITY,2021,0,diamond,,deferred_ra_backlog,associational_not_attempted,0,,Sex-Preference For Children and Fertility Behaviour in Mid-Level Civil Servants of Bangladesh
W3134281374,https://doi.org/10.2139/ssrn.3540353,associational,PRIMARY_DIFFERENTIAL_STOPPING,NA,STOPPING,2020,0,green,,deferred_ra_backlog,associational_not_attempted,0,,Birth Spacing and Fertility in the Presence of Son Preference and Sex-Selective Abortions: India's Experience Over Four 
W4299576502,https://doi.org/10.17615/6eep-4182,associational,PRIMARY_NORM_INTENSITY,ASSOCIATIONAL_ONLY,NORM_INTENSITY,2020,0,green,,deferred_ra_backlog,associational_not_attempted,0,,The Determinants of Low Fertility in India
W4376125705,https://doi.org/10.17615/cnr9-9124,associational,PRIMARY_DIFFERENTIAL_STOPPING,ASSOCIATIONAL_ONLY,STOPPING,2020,0,green,,deferred_ra_backlog,associational_not_attempted,0,,In the Pursuit of Sons: Additional Births or Sex-Selective Abortion in Pakistan?: In the Pursuit of Sons
W3040494641,https://doi.org/10.25079/ukhjss.v4n1y2020.pp69-81,associational,PRIMARY_DIFFERENTIAL_STOPPING,ASSOCIATIONAL_ONLY,STOPPING,2020,0,diamond,,deferred_ra_backlog,associational_not_attempted,0,,Socio-economic Development and Change in Sex-Ratio (at birth): Phase to re-examine it
W4287565648,,associational,PRIMARY_DIFFERENTIAL_STOPPING,UNCLEAR,STOPPING,2020,0,closed,,deferred_ra_backlog,associational_not_attempted,0,,Is Son Preference Disappearing from Bangladesh?
W3021649797,https://doi.org/10.1007/978-981-15-3045-6_12,associational,PRIMARY_NORM_INTENSITY,NA,NORM_INTENSITY,2020,0,closed,,deferred_ra_backlog,associational_not_attempted,0,,Desire for Additional Children and the Accompanying Sex Preference: A Comparative Study Between West Bengal and Banglade
W3007450982,https://doi.org/10.4324/9781315180243-20,associational,PRIMARY_SEXSEL_SUBSTITUTION,UNCLEAR,SEXSEL_ABORTION,2020,0,closed,,deferred_ra_backlog,associational_not_attempted,0,,One Child and More
W3140832177,https://doi.org/10.54530/jcmc.206,associational,PRIMARY_NORM_INTENSITY,ASSOCIATIONAL_ONLY,NORM_INTENSITY,2020,0,diamond,,deferred_ra_backlog,associational_not_attempted,0,,SEX PREFERENCE AND ITS ASSOCIATION WITH REPRODUCTIVE BEHAVIOR AMONG PREGNANT WOMEN ATTENDING ANTENATAL CLINIC IN A TEACH
W3179683542,,associational,PRIMARY_NORM_INTENSITY,NA,NORM_INTENSITY,2019,0,closed,,deferred_ra_backlog,associational_not_attempted,0,,Preferences for the Sex-composition of Children in Vietnam: An Examination of its Effect on Fertility Desire
W3121380669,,associational,PRIMARY_NORM_INTENSITY,ASSOCIATIONAL_ONLY,NORM_INTENSITY,2019,0,closed,,deferred_ra_backlog,associational_not_attempted,0,,ETHNIC DIFFERENCES VALUE AND SEX PREFERENCE OF CHILDREN IN THE CITY OF MAKU
W3176806733,https://doi.org/10.6084/m9.figshare.11402007,associational,PRIMARY_DIFFERENTIAL_STOPPING,ASSOCIATIONAL_ONLY,STOPPING,2019,0,green,,deferred_ra_backlog,associational_not_attempted,0,,"Son preference Among Mothers in Mosul, Iraq"
W2994693250,https://doi.org/10.31014/aior.1994.02.04.84,associational,PRIMARY_NORM_INTENSITY,ASSOCIATIONAL_ONLY,STOPPING,2019,0,green,,deferred_ra_backlog,associational_not_attempted,0,,"Son preference Among Mothers in Mosul, Iraq"
W4298216848,https://doi.org/10.17615/sw49-xg35,associational,PRIMARY_DIFFERENTIAL_STOPPING,ASSOCIATIONAL_ONLY,STOPPING,2019,0,green,,deferred_ra_backlog,associational_not_attempted,0,,"The effect of family sex composition on fertility desires and family planning behaviors in urban Uttar Pradesh, India"
W3100415899,,associational,PRIMARY_DIFFERENTIAL_STOPPING,ASSOCIATIONAL_ONLY,STOPPING,2019,0,green,,deferred_ra_backlog,associational_not_attempted,0,,Examining the mismatch between fertility desire and contraceptive behaviour in the extended postpartum period in Uganda
W2949511234,https://doi.org/10.1093/oso/9780190917425.003.0002,associational,PRIMARY_SEXSEL_SUBSTITUTION,ASSOCIATIONAL_ONLY,SEXSEL_ABORTION,2019,0,closed,,deferred_ra_backlog,associational_not_attempted,0,,Historical Underreporting and the Identification of the “Missing Girls”
W4299382732,https://doi.org/10.17615/r40f-wk39,associational,PRIMARY_DIFFERENTIAL_STOPPING,ASSOCIATIONAL_ONLY,STOPPING,2019,0,green,,deferred_ra_backlog,associational_not_attempted,0,,Sex composition and its impact on future childbearing: a longitudinal study from urban Uttar Pradesh
W7113190182,,associational,PRIMARY_NORM_INTENSITY,ASSOCIATIONAL_ONLY,NORM_INTENSITY,2019,0,closed,,deferred_ra_backlog,associational_not_attempted,0,,Chinese Women’s Birth Intention Under The “Two-child policy”
W2937302268,https://doi.org/10.30537/sijmb.v5i2.178,associational,PRIMARY_DIFFERENTIAL_STOPPING,ASSOCIATIONAL_ONLY,STOPPING,2019,0,diamond,,deferred_ra_backlog,associational_not_attempted,0,,FACTORS ASSOCIATED WITH HIGH FERTILITY IN”BHAKKAR GABOOL GOTH”: CASE STUDY
W3084558468,,associational,PRIMARY_DIFFERENTIAL_STOPPING,ASSOCIATIONAL_ONLY,STOPPING,2019,0,green,,deferred_ra_backlog,associational_not_attempted,0,,Essais sur la préférence du fils au pakistan
W2991475336,https://doi.org/10.22037/anm.v28i3.21955,associational,PRIMARY_NORM_INTENSITY,ASSOCIATIONAL_ONLY,NORM_INTENSITY,2019,0,green,,deferred_ra_backlog,associational_not_attempted,0,,Comparison of Religious Orientation and Reproductive Performance of Employed and Unemployed Women
W3127933333,,associational,PRIMARY_DIFFERENTIAL_STOPPING,ASSOCIATIONAL_ONLY,STOPPING,2019,0,green,,deferred_ra_backlog,associational_not_attempted,0,,"Gender, marijuana, and applied microeconomics: Essays on culture and policy"
W2968800717,https://doi.org/10.7176/jcsd/50-06,associational,PRIMARY_NORM_INTENSITY,ASSOCIATIONAL_ONLY,NORM_INTENSITY,2019,0,hybrid,,deferred_ra_backlog,associational_not_attempted,0,,Sex Preference and Reproductive Behaviour Among Married Couples in Esan Land: A Breeding Ground for Over-Population
W4407081232,,associational,PRIMARY_NORM_INTENSITY,ASSOCIATIONAL_ONLY,NORM_INTENSITY,2018,0,green,,deferred_ra_backlog,associational_not_attempted,0,,Gender preference and family planning decisions : A cross- sectional study among eligible couples staying in slum area o
W2886517627,,associational,PRIMARY_NORM_INTENSITY,ASSOCIATIONAL_ONLY,NORM_INTENSITY,2018,0,green,,deferred_ra_backlog,associational_not_attempted,0,,Modelando os determinantes próximos da fecundidade para o Brasil: o advento das preferências competitivas
W4383162299,https://doi.org/10.33545/comed.2018.v1.i3a.29,associational,PRIMARY_NORM_INTENSITY,ASSOCIATIONAL_ONLY,NORM_INTENSITY,2018,0,bronze,,deferred_ra_backlog,associational_not_attempted,0,,Improvident maternity and its associated factors in urban slums of Chandigarh
W7198771883,,associational,PRIMARY_NORM_INTENSITY,ASSOCIATIONAL_ONLY,STOPPING,2018,0,green,,deferred_ra_backlog,associational_not_attempted,0,,Fertility stalls in Bangladesh
W4386734036,https://doi.org/10.58837/chula.the.2018.165,associational,PRIMARY_DIFFERENTIAL_STOPPING,ASSOCIATIONAL_ONLY,STOPPING,2018,0,gold,,deferred_ra_backlog,associational_not_attempted,0,,Sex-composition of children and fertility desire in Vietnam
W2888573392,,associational,PRIMARY_SEXSEL_SUBSTITUTION,ASSOCIATIONAL_ONLY,SEXSEL_ABORTION,2018,0,closed,,deferred_ra_backlog,associational_not_attempted,0,,A Discourse on Child Sex Ratio and Sex Ratio at Birth: Positioning Maharashtra
W2817291719,https://doi.org/10.18535/jmscr/v6i7.50,associational,PRIMARY_SEXSEL_SUBSTITUTION,ASSOCIATIONAL_ONLY,SEXSEL_ABORTION,2018,0,diamond,,deferred_ra_backlog,associational_not_attempted,0,,A Study on Gender Preference and its Determinants among Antenatal Women of Western UP
W3005104791,https://doi.org/10.3886/e113674v1,associational,PRIMARY_NORM_INTENSITY,ASSOCIATIONAL_ONLY,NORM_INTENSITY,2017,0,green,,deferred_ra_backlog,associational_not_attempted,0,,Replication data for: Fertility Decline and Missing Women
W2614369478,,associational,PRIMARY_SEXSEL_SUBSTITUTION,ASSOCIATIONAL_ONLY,SEXSEL_ABORTION,2017,0,closed,,deferred_ra_backlog,associational_not_attempted,0,,Prenatal Sex Selection in migratory context: new evidences from Italy
W2621923495,https://doi.org/10.9790/0837-2206032127,associational,PRIMARY_DIFFERENTIAL_STOPPING,ASSOCIATIONAL_ONLY,STOPPING,2017,0,bronze,,deferred_ra_backlog,associational_not_attempted,0,,Analysis of demand for children in Madhya Pradesh and its implication on population stabilization
W2973268908,,associational,PRIMARY_NORM_INTENSITY,ASSOCIATIONAL_ONLY,STOPPING,2017,0,green,,deferred_ra_backlog,associational_not_attempted,0,,"Fecundidade, preferência por sexo e sistemas de uso do solo em fronteiras agrícolas: o caso de Santarém, Pará"
W2765299455,https://doi.org/10.21953/lse.c56cwhegdhyq,associational,PRIMARY_SEXSEL_SUBSTITUTION,UNCLEAR,SEXSEL_ABORTION,2017,0,green,,deferred_ra_backlog,associational_not_attempted,0,,Essays on microeconomic incentives in public policies
W2606341282,https://doi.org/10.11648/j.jher.20170302.11,associational,PRIMARY_NORM_INTENSITY,ASSOCIATIONAL_ONLY,NORM_INTENSITY,2017,0,diamond,,deferred_ra_backlog,associational_not_attempted,0,,"Assessing Determinants of Population Fertility in Hosanna Town, South Ethiopia"
W2768476139,,associational,PRIMARY_NORM_INTENSITY,ASSOCIATIONAL_ONLY,NORM_INTENSITY,2017,0,green,,deferred_ra_backlog,associational_not_attempted,0,,Essays in Education and Labor Economics
W3145574067,,associational,PRIMARY_NORM_INTENSITY,ASSOCIATIONAL_ONLY,NORM_INTENSITY,2016,0,closed,,deferred_ra_backlog,associational_not_attempted,0,,"The Path to Replacement Fertility in Egypt: Acceptance, Preference, and Achievement"
W3011663894,https://doi.org/10.34071/jmp.2016.5.8,associational,PRIMARY_NORM_INTENSITY,ASSOCIATIONAL_ONLY,NORM_INTENSITY,2016,0,closed,,deferred_ra_backlog,associational_not_attempted,0,,"SEX RATIO AT BIRTH AND FACTORS AFFECTING SON PREFERENCE OF COUPLES IN HIEP DUC DISTRICT, QUANG NAM PROVINCE, 2014"
W3125209494,,associational,PRIMARY_SEXSEL_SUBSTITUTION,ASSOCIATIONAL_ONLY,SEXSEL_ABORTION,2016,0,closed,,deferred_ra_backlog,associational_not_attempted,0,,Sex selection and health at birth among Indian immigrants
W2497456316,,associational,PRIMARY_DIFFERENTIAL_STOPPING,NA,STOPPING,2016,0,closed,,deferred_ra_backlog,associational_not_attempted,0,,"Fertility, Male-Child Preference, Sex Preference."
W3152140216,,associational,PRIMARY_DIFFERENTIAL_STOPPING,ASSOCIATIONAL_ONLY,STOPPING,2016,0,green,,deferred_ra_backlog,associational_not_attempted,0,,"Preference of son and reproductive profile of three endogamous tribes of Arunachal Pradesh, India"
W2622667182,https://doi.org/10.14260/jemds/2016/960,associational,PRIMARY_NORM_INTENSITY,ASSOCIATIONAL_ONLY,NORM_INTENSITY,2016,0,diamond,,deferred_ra_backlog,associational_not_attempted,0,,"FERTILITY AND MALE-CHILD PREFERENCE IN IMPHAL EAST DISTRICT, MANIPUR: A CROSSSECTIONAL STUDY"
W2462689740,,associational,PRIMARY_NORM_INTENSITY,ASSOCIATIONAL_ONLY,NORM_INTENSITY,2015,0,closed,,deferred_ra_backlog,associational_not_attempted,0,,"Son preference and fertility: a study among the muslims of Cuttack district, Odisha"
W2304075442,https://doi.org/10.14738/assrj.212.1701,associational,PRIMARY_DIFFERENTIAL_STOPPING,ASSOCIATIONAL_ONLY,STOPPING,2015,0,diamond,,deferred_ra_backlog,associational_not_attempted,0,,"Sensing The Birth Preferences Among Spouses Of Rural And Urban Kano, Kano State, Nigeria"
W1941978203,,associational,PRIMARY_SEXSEL_SUBSTITUTION,ASSOCIATIONAL_ONLY,SEXSEL_ABORTION,2015,0,closed,,deferred_ra_backlog,associational_not_attempted,0,,Sex imbalances at birth in migratory context in Western Europe: evidence from Italy
W4409948878,https://doi.org/10.1596/21911,associational,PRIMARY_SEXSEL_SUBSTITUTION,UNCLEAR,SEXSEL_ABORTION,2015,0,green,,deferred_ra_backlog,associational_not_attempted,0,,Exploring the Phenomenon of Missing Girls in the South Caucasus
W2616678996,,associational,PRIMARY_SEXSEL_SUBSTITUTION,NA,SEXSEL_ABORTION,2015,0,closed,,deferred_ra_backlog,associational_not_attempted,0,,"Examining the Relative Contributions of Son Preference, Fertility Decline and Sex-Selective Abortion in the Sex Ratio Tr"
W2233495424,,associational,PRIMARY_DIFFERENTIAL_STOPPING,ASSOCIATIONAL_ONLY,STOPPING,2015,0,green,,deferred_ra_backlog,associational_not_attempted,0,,Predictors of third and Higher order births in India
W2694728292,,associational,PRIMARY_NORM_INTENSITY,ASSOCIATIONAL_ONLY,NORM_INTENSITY,2015,0,closed,,deferred_ra_backlog,associational_not_attempted,0,,Socio-economic determinants of child and juvenile sex ratios in India : A longitudinal analysis
W4238802846,https://doi.org/10.3917/pox.111.0003,associational,PRIMARY_SEXSEL_SUBSTITUTION,ASSOCIATIONAL_ONLY,SEXSEL_ABORTION,2015,0,bronze,,deferred_ra_backlog,associational_not_attempted,0,,Éditorial
W2257689329,,associational,PRIMARY_DIFFERENTIAL_STOPPING,ASSOCIATIONAL_ONLY,STOPPING,2014,0,closed,,deferred_ra_backlog,associational_not_attempted,0,,Determinant of Desire for an Additional Child: A Measure of Sex Preference
W1573179233,,associational,PRIMARY_DIFFERENTIAL_STOPPING,ASSOCIATIONAL_ONLY,STOPPING,2014,0,green,,deferred_ra_backlog,associational_not_attempted,0,,Regression Analysis of Some Demographic Variables Influencing the Maximum Number of Children Born by Women of Reproducti
W2319097982,https://doi.org/10.9790/0837-19480510,associational,PRIMARY_DIFFERENTIAL_STOPPING,UNCLEAR,STOPPING,2014,0,bronze,,deferred_ra_backlog,associational_not_attempted,0,,Dynamics of Birth Interval Components in Manipur
W2740804351,,associational,PRIMARY_DIFFERENTIAL_STOPPING,ASSOCIATIONAL_ONLY,STOPPING,2014,0,closed,,deferred_ra_backlog,associational_not_attempted,0,,Determinant of Desire for an Additional Child: A Measure of Sex Preference
W4254869952,https://doi.org/10.15590/abcjar/2014/v3i1/53477,associational,PRIMARY_DIFFERENTIAL_STOPPING,NA,STOPPING,2014,0,diamond,,deferred_ra_backlog,associational_not_attempted,0,,"Son Preference, Childbearing Behavior and Respondent Socio-demographic Characteristics in Morogoro, Tanzania"
W1532503715,,associational,PRIMARY_DIFFERENTIAL_STOPPING,ASSOCIATIONAL_ONLY,STOPPING,2014,0,closed,,deferred_ra_backlog,associational_not_attempted,0,,"Discontinuation of Contraceptives in Indonesia, Secondary Analysis Data of Basic Health Resesarch 2010"
W2469289784,,associational,PRIMARY_NORM_INTENSITY,ASSOCIATIONAL_ONLY,NORM_INTENSITY,2014,0,green,,deferred_ra_backlog,associational_not_attempted,0,,The impact of educational level on the sex ratio at birth in China
W2312524853,https://doi.org/10.9790/0837-191076978,associational,PRIMARY_SEXSEL_SUBSTITUTION,ASSOCIATIONAL_ONLY,SEXSEL_ABORTION,2014,0,bronze,,deferred_ra_backlog,associational_not_attempted,0,,Evaluating the Magnitude of Female Foeticide Problem of Punjab and Haryana A - Regional Analysis
W108787496,,associational,PRIMARY_NORM_INTENSITY,ASSOCIATIONAL_ONLY,NORM_INTENSITY,2014,0,closed,,deferred_ra_backlog,associational_not_attempted,0,,Essays on Fertility and Fertility Preferences in India
W2248738338,,associational,PRIMARY_DIFFERENTIAL_STOPPING,ASSOCIATIONAL_ONLY,STOPPING,2014,0,closed,,deferred_ra_backlog,associational_not_attempted,0,,기혼여성의 자녀 출산계획에 영향을 미치는 요인 분석
W4391273604,,associational,PRIMARY_DIFFERENTIAL_STOPPING,NA,STOPPING,2013,0,closed,,deferred_ra_backlog,associational_not_attempted,0,,The impact of son preference on fertility behaviour in Vietnam
W2411119945,https://doi.org/10.1057/9781137373922_5,associational,PRIMARY_DIFFERENTIAL_STOPPING,UNCLEAR,STOPPING,2013,0,closed,,deferred_ra_backlog,associational_not_attempted,0,,The Influence of Son Preference on Fertility Intentions and Subsequent Behavior
W4398670173,https://doi.org/10.7910/dvn/gemio9,associational,PRIMARY_DIFFERENTIAL_STOPPING,NA,STOPPING,2013,0,green,,deferred_ra_backlog,associational_not_attempted,0,,"Korean Fertility and Family Health Survey, 2003 (M1212)"
W3149395103,,associational,PRIMARY_NORM_INTENSITY,ASSOCIATIONAL_ONLY,NORM_INTENSITY,2013,0,closed,,deferred_ra_backlog,associational_not_attempted,0,,The New Ideal for Declining High Sex Ratio at Birth
W2335381024,https://doi.org/10.5958/j.2229-4414.4.2.020,associational,PRIMARY_DIFFERENTIAL_STOPPING,ASSOCIATIONAL_ONLY,STOPPING,2013,0,closed,,deferred_ra_backlog,associational_not_attempted,0,,Son Preference in Indian Culture: An Empirical Study in Odisha
W2400999705,https://doi.org/10.1057/9781137373922_4,associational,PRIMARY_NORM_INTENSITY,ASSOCIATIONAL_ONLY,NORM_INTENSITY,2013,0,closed,,deferred_ra_backlog,associational_not_attempted,0,,"Empowerment, Gender Attitudes, and Reproductive Decisions among Married Women, Then and Now"
W1483217465,,associational,PRIMARY_NORM_INTENSITY,ASSOCIATIONAL_ONLY,NORM_INTENSITY,2013,0,green,,deferred_ra_backlog,associational_not_attempted,0,,Women's empowerment and the welfare of children
W2385113234,,associational,PRIMARY_NORM_INTENSITY,ASSOCIATIONAL_ONLY,NORM_INTENSITY,2013,0,closed,,deferred_ra_backlog,associational_not_attempted,0,,Rural Migrants’ Sex Preference in Reproduction under the Marriage Squeeze:From the Perspective of Relative Deprivation
W4237770175,https://doi.org/10.1057/9781137373922.0009,associational,PRIMARY_DIFFERENTIAL_STOPPING,NA,STOPPING,2013,0,closed,,deferred_ra_backlog,associational_not_attempted,0,,The Influence of Son Preference on Fertility Intentions and Subsequent Behavior
W3197314641,,associational,PRIMARY_NORM_INTENSITY,UNCLEAR,NORM_INTENSITY,2012,0,green,,deferred_ra_backlog,associational_not_attempted,0,,"As China Goes Geriatric, We Have the Advantage"
W2227828297,,associational,PRIMARY_NORM_INTENSITY,ASSOCIATIONAL_ONLY,SEXSEL_ABORTION,2012,0,closed,,deferred_ra_backlog,associational_not_attempted,0,,Gendered Version of Family Planning Choice in India: An Exploration Through the Changing Mechanisms of Son-Preference
W2384478259,,associational,PRIMARY_SEXSEL_SUBSTITUTION,ASSOCIATIONAL_ONLY,SEXSEL_ABORTION,2012,0,closed,,deferred_ra_backlog,associational_not_attempted,0,,Study on Differentiation Changes of Fertility Desire behind Imbalance of Sex Ratio at Birth
W2282177989,,associational,PRIMARY_NORM_INTENSITY,ASSOCIATIONAL_ONLY,NORM_INTENSITY,2011,0,closed,,deferred_ra_backlog,associational_not_attempted,0,,Analysis Of The Effect Of Socio Economic And Proximate Determinants Of Fertility On Birth Interval And Children Ever Bor
W964310305,,associational,PRIMARY_DIFFERENTIAL_STOPPING,ASSOCIATIONAL_ONLY,STOPPING,2011,0,closed,,deferred_ra_backlog,associational_not_attempted,0,,HUBUNGAN PREFERENSI FERTILITAS PADA SUAMI TERHADAP PENGGUNAAN KONTRASEPSI(STUDI ANALISIS SDKI 2007)
W1523724287,,associational,PRIMARY_SEXSEL_SUBSTITUTION,UNCLEAR,SEXSEL_ABORTION,2011,0,green,,deferred_ra_backlog,associational_not_attempted,0,,Perinatal mortality and maternal health in rural China
W631526812,,associational,PRIMARY_SEXSEL_SUBSTITUTION,UNCLEAR,SEXSEL_ABORTION,2011,0,green,,deferred_ra_backlog,associational_not_attempted,0,,ESSAYS ON DEMOGRAPHIC ISSUES IN CHINA
W2349994574,,associational,PRIMARY_NORM_INTENSITY,ASSOCIATIONAL_ONLY,NORM_INTENSITY,2011,0,closed,,deferred_ra_backlog,associational_not_attempted,0,,Investigation of Sex Preference for Women's Fertility Based on the Study from the Gender Perspective
W2392773600,,associational,PRIMARY_NORM_INTENSITY,ASSOCIATIONAL_ONLY,NORM_INTENSITY,2011,0,closed,,deferred_ra_backlog,associational_not_attempted,0,,Opposite Choices of Gender Preference in Fertility Behavior:Findings from Investigation in Shenmu County
W2361053397,,associational,PRIMARY_SEXSEL_SUBSTITUTION,ASSOCIATIONAL_ONLY,SEXSEL_ABORTION,2010,0,closed,,deferred_ra_backlog,associational_not_attempted,0,,Study on Imbalanced Sex Ratio at Birth in Guizhou Minorities Region based on Population Ecology Vision
W194671840,,associational,PRIMARY_SEXSEL_SUBSTITUTION,ASSOCIATIONAL_ONLY,SEXSEL_ABORTION,2010,0,closed,,deferred_ra_backlog,associational_not_attempted,0,,"Sex ratio at birth in Viet Nam at the beginning of the twenty-first century: Situation, Determinants and Policy Implicat"
W2364997309,,associational,PRIMARY_NORM_INTENSITY,ASSOCIATIONAL_ONLY,NORM_INTENSITY,2010,0,closed,,deferred_ra_backlog,associational_not_attempted,0,,Analysis on Influence Factors of Rural Women' s Fertility Desire
W1902764073,,associational,PRIMARY_NORM_INTENSITY,ASSOCIATIONAL_ONLY,NORM_INTENSITY,2010,0,closed,,deferred_ra_backlog,associational_not_attempted,0,,도농복합지역 기혼여성들의 출산과 성 선호에 대한 인식 및 관련요인
W2391186107,,associational,PRIMARY_SEXSEL_SUBSTITUTION,ASSOCIATIONAL_ONLY,SEXSEL_ABORTION,2010,0,closed,,deferred_ra_backlog,associational_not_attempted,0,,A Study on the Causes and Countermeasures of Imbalanced Sex Ratio at Birth in the Western Rural Areas of China——Based on
W2368670863,,associational,PRIMARY_SEXSEL_SUBSTITUTION,UNCLEAR,SEXSEL_ABORTION,2009,0,closed,,deferred_ra_backlog,associational_not_attempted,0,,Family Planning Policies and the Imbalance in Sex Eatio at Birth
W2248188036,,associational,PRIMARY_NORM_INTENSITY,ASSOCIATIONAL_ONLY,NORM_INTENSITY,2009,0,closed,,deferred_ra_backlog,associational_not_attempted,0,,A comparative study of logistic regression approach and stratified classical analysis on desire for children in Banglade
W4246663331,https://doi.org/10.1093/acprof:oso/9780199578092.003.0004,associational,PRIMARY_DIFFERENTIAL_STOPPING,UNCLEAR,STOPPING,2009,0,closed,,deferred_ra_backlog,associational_not_attempted,0,,Family Fertility
W2112938128,https://doi.org/10.3101/1098-7096-70.1.63,associational,PRIMARY_DIFFERENTIAL_STOPPING,ASSOCIATIONAL_ONLY,STOPPING,2009,0,green,,deferred_ra_backlog,associational_not_attempted,0,,Human Sex Ratio and Family Size for a Selected Sample from the China Population in 2008
W1911011437,,associational,PRIMARY_SEXSEL_SUBSTITUTION,ASSOCIATIONAL_ONLY,SEXSEL_ABORTION,2009,0,green,,deferred_ra_backlog,associational_not_attempted,0,,우리나라 기혼여성의 인공임신중절 관련요인 분석
W2300101816,,associational,PRIMARY_DIFFERENTIAL_STOPPING,ASSOCIATIONAL_ONLY,STOPPING,2009,0,closed,,deferred_ra_backlog,associational_not_attempted,0,,"Socio-culture determinants of fertility in Morogoro district, Tanzania"
W2384355574,,associational,PRIMARY_NORM_INTENSITY,ASSOCIATIONAL_ONLY,NORM_INTENSITY,2009,0,closed,,deferred_ra_backlog,associational_not_attempted,0,,The Slowdown in the Continuously Rising Process of Sex Ratio at Birth and Its Cause
W1763043770,,associational,PRIMARY_DIFFERENTIAL_STOPPING,ASSOCIATIONAL_ONLY,STOPPING,2008,0,closed,,deferred_ra_backlog,associational_not_attempted,0,,속담을 통해 본 한국인의 자녀의 가치와 양육의 어려움에 관한 인식
W2159422016,,associational,PRIMARY_SEXSEL_SUBSTITUTION,ASSOCIATIONAL_ONLY,NORM_INTENSITY,2008,0,closed,,deferred_ra_backlog,associational_not_attempted,0,,Son preference and sex ratios: How many 'missing women' are missing?
W3123534274,https://doi.org/10.1596/4420,associational,PRIMARY_DIFFERENTIAL_STOPPING,ASSOCIATIONAL_ONLY,STOPPING,2008,0,green,,deferred_ra_backlog,associational_not_attempted,0,,Can Biological Factors Like Hepatitis B Explain the Bulk of Gender Imbalance in China? A Review of the Evidence
W882689119,,associational,PRIMARY_NORM_INTENSITY,ASSOCIATIONAL_ONLY,NORM_INTENSITY,2008,0,closed,,deferred_ra_backlog,associational_not_attempted,0,,Korean's Value of Children and Perception of Parenting Difficulty Investigated through Agreement to the Proverbs
W2215741775,,associational,PRIMARY_NORM_INTENSITY,ASSOCIATIONAL_ONLY,NORM_INTENSITY,2007,0,closed,,deferred_ra_backlog,associational_not_attempted,0,,"Essays on intrahousehold allocation and the family: Fertility, child education, and nutrition"
W1589460093,,associational,PRIMARY_DIFFERENTIAL_STOPPING,NA,STOPPING,2007,0,closed,,deferred_ra_backlog,associational_not_attempted,0,,Son Preference and Fertility in Japan
W2119682871,,associational,PRIMARY_DIFFERENTIAL_STOPPING,ASSOCIATIONAL_ONLY,STOPPING,2007,0,closed,,deferred_ra_backlog,associational_not_attempted,0,,Generational Differences in Parity Progression in Australia: The Role of Sex Composition in Children
W2063902673,https://doi.org/10.3961/jpmph.2007.40.6.461,associational,PRIMARY_DIFFERENTIAL_STOPPING,ASSOCIATIONAL_ONLY,STOPPING,2007,0,gold,,deferred_ra_backlog,associational_not_attempted,0,,Determinants of Sterilization among Married Couples in Korea
W2386515735,,associational,PRIMARY_SEXSEL_SUBSTITUTION,ASSOCIATIONAL_ONLY,SEXSEL_ABORTION,2007,0,closed,,deferred_ra_backlog,associational_not_attempted,0,,Economical Explanation to the Currently High SRB of China
W1977381939,https://doi.org/10.1136/bmj.333.7564.373,associational,PRIMARY_SEXSEL_SUBSTITUTION,ASSOCIATIONAL_ONLY,SEXSEL_ABORTION,2006,0,bronze,,deferred_ra_backlog,associational_not_attempted,0,,Do you have a gun?
W2256204996,,associational,PRIMARY_DIFFERENTIAL_STOPPING,ASSOCIATIONAL_ONLY,STOPPING,2006,0,green,,deferred_ra_backlog,associational_not_attempted,0,,Research Notes: Sex Preferences and Fertility Trends in South Korea
W1502751015,https://doi.org/10.4054/mpidr-wp-2006-005,associational,PRIMARY_DIFFERENTIAL_STOPPING,ASSOCIATIONAL_ONLY,STOPPING,2006,0,gold,,deferred_ra_backlog,associational_not_attempted,0,,Fertility developments in Morocco: progression to third birth
W2347895172,,associational,PRIMARY_NORM_INTENSITY,ASSOCIATIONAL_ONLY,NORM_INTENSITY,2006,0,closed,,deferred_ra_backlog,associational_not_attempted,0,,Uxorilocai Marriage and Its Demographic and Social Consequences in Contemporary Rural China:Findings of Investigation in
W1493673510,,associational,PRIMARY_SEXSEL_SUBSTITUTION,ASSOCIATIONAL_ONLY,SEXSEL_ABORTION,2006,0,closed,,deferred_ra_backlog,associational_not_attempted,0,,Gender Bias in Sex Ratio at Birth: The Case of India
W7209203628,,associational,PRIMARY_SEXSEL_SUBSTITUTION,ASSOCIATIONAL_ONLY,SEXSEL_ABORTION,2005,0,closed,,deferred_ra_backlog,associational_not_attempted,0,,Tel./Fax: +86–29–8266–85032
W2393525122,,associational,PRIMARY_NORM_INTENSITY,ASSOCIATIONAL_ONLY,NORM_INTENSITY,2005,0,closed,,deferred_ra_backlog,associational_not_attempted,0,,The Rural Youth's Fertility Desire:An Empirical Study——On the Basis of a Coteau Village on the South of Fujian Province
W2368541408,,associational,PRIMARY_SEXSEL_SUBSTITUTION,ASSOCIATIONAL_ONLY,SEXSEL_ABORTION,2005,0,closed,,deferred_ra_backlog,associational_not_attempted,0,,Analysis of the sex ratio at birth in hospitals in Henan province
W2184983828,,associational,PRIMARY_SEXSEL_SUBSTITUTION,ASSOCIATIONAL_ONLY,SEXSEL_ABORTION,2005,0,closed,,deferred_ra_backlog,associational_not_attempted,0,,Prenatal Sex-Selective Abortion and High Sex Ratio at Birth in Rural China: A Case Study in
W2268512108,,associational,PRIMARY_SEXSEL_SUBSTITUTION,ASSOCIATIONAL_ONLY,SEXSEL_ABORTION,2004,0,green,,deferred_ra_backlog,associational_not_attempted,0,,What Should China Do About Its Gender Imbalance Problem
W2390272350,,associational,PRIMARY_DIFFERENTIAL_STOPPING,ASSOCIATIONAL_ONLY,STOPPING,2004,0,closed,,deferred_ra_backlog,associational_not_attempted,0,,Sex ratios of birth and its effective causes in a rural area
W2268951129,,associational,PRIMARY_NORM_INTENSITY,UNCLEAR,NA,2004,0,green,,deferred_ra_backlog,associational_not_attempted,0,,The economics of family and group decisions
W7112446856,,associational,PRIMARY_SEXSEL_SUBSTITUTION,ASSOCIATIONAL_ONLY,SEXSEL_ABORTION,2003,0,closed,,deferred_ra_backlog,associational_not_attempted,0,,Impacts of Son Preference on the Fertility Motivation and Behavior of Married Women in Taiwan
W2100799064,,associational,PRIMARY_DIFFERENTIAL_STOPPING,ASSOCIATIONAL_ONLY,STOPPING,2002,0,green,,deferred_ra_backlog,associational_not_attempted,0,,A NEW MEASURE OF GENDER BIAS
W1449118280,,associational,PRIMARY_NORM_INTENSITY,ASSOCIATIONAL_ONLY,NORM_INTENSITY,2000,0,closed,,deferred_ra_backlog,associational_not_attempted,0,,Geography and migration policies: the Indian experience.
W2376508742,,associational,PRIMARY_SEXSEL_SUBSTITUTION,ASSOCIATIONAL_ONLY,SEXSEL_ABORTION,2000,0,closed,,deferred_ra_backlog,associational_not_attempted,0,,On the Relations between Fertility and Sex Ratio at Birth in Rural China
W2770126751,https://doi.org/10.1080/09720073.2000.11890640,associational,PRIMARY_NORM_INTENSITY,ASSOCIATIONAL_ONLY,NORM_INTENSITY,2000,0,closed,,deferred_ra_backlog,associational_not_attempted,0,,"A Study of Fertility among the Mao Nagas of Senapati District, Manipur"
W4380201861,https://doi.org/10.21608/mskas.1999.302287,associational,PRIMARY_DIFFERENTIAL_STOPPING,ASSOCIATIONAL_ONLY,STOPPING,1999,0,green,,deferred_ra_backlog,associational_not_attempted,0,,Married Women with Unintended Pregnancies in Egypt: Attributes and Circumstances
W2229231040,,associational,PRIMARY_NORM_INTENSITY,ASSOCIATIONAL_ONLY,NORM_INTENSITY,1998,0,closed,,deferred_ra_backlog,associational_not_attempted,0,,Sociological and demographic determinants of fertility behavior a study of Mang'u location of Thika district
W1464813014,,associational,PRIMARY_SEXSEL_SUBSTITUTION,ASSOCIATIONAL_ONLY,SEXSEL_ABORTION,1998,0,closed,,deferred_ra_backlog,associational_not_attempted,0,,Missing baby girls: my views.
W2621228128,,associational,PRIMARY_DIFFERENTIAL_STOPPING,ASSOCIATIONAL_ONLY,STOPPING,1998,0,closed,,deferred_ra_backlog,associational_not_attempted,0,,"Family composition preference and reproductive behavior in Beijing, China."
W2211046961,,associational,PRIMARY_DIFFERENTIAL_STOPPING,ASSOCIATIONAL_ONLY,STOPPING,1997,0,closed,,deferred_ra_backlog,associational_not_attempted,0,,Reproductive requirement of Chinese farmers and its changes in Zhejiang.
W607067107,,associational,PRIMARY_NORM_INTENSITY,ASSOCIATIONAL_ONLY,NORM_INTENSITY,1997,0,closed,,deferred_ra_backlog,associational_not_attempted,0,,Deviant fertility in China
W2254782206,,associational,PRIMARY_NORM_INTENSITY,ASSOCIATIONAL_ONLY,NORM_INTENSITY,1997,0,closed,,deferred_ra_backlog,associational_not_attempted,0,,The determinants of contraceptive use among the exposed and married women in the Abagusii community
W1979107189,https://doi.org/10.2307/2950744,associational,PRIMARY_DIFFERENTIAL_STOPPING,ASSOCIATIONAL_ONLY,STOPPING,1996,0,closed,,deferred_ra_backlog,associational_not_attempted,0,,Fertility in Some Nepali Villages Varies with Level of Gender Equality
W635052645,,associational,PRIMARY_DIFFERENTIAL_STOPPING,NA,STOPPING,1996,0,closed,,deferred_ra_backlog,associational_not_attempted,0,,"Effects of gender preference on contraceptive use, fertility and female child mortality in Nepal"
W1505976436,,associational,PRIMARY_DIFFERENTIAL_STOPPING,ASSOCIATIONAL_ONLY,STOPPING,1996,0,green,,deferred_ra_backlog,associational_not_attempted,0,,An Econometric Analysis of the Number and Timing of Births: The Case of Vietnam
W1567616162,,associational,PRIMARY_NORM_INTENSITY,ASSOCIATIONAL_ONLY,NORM_INTENSITY,1995,0,closed,,deferred_ra_backlog,associational_not_attempted,0,,"Attitudes of Iranian mothers towards family planning, family size and fertility"
W3201562041,,associational,PRIMARY_SEXSEL_SUBSTITUTION,NA,SEXSEL_ABORTION,1995,0,closed,,deferred_ra_backlog,associational_not_attempted,0,,Consequences of son preference in a low-Fertility society : imbalance of the sex ratio at birth in Korea / Chai Bin Park
W2408764214,,associational,PRIMARY_SEXSEL_SUBSTITUTION,ASSOCIATIONAL_ONLY,SEXSEL_ABORTION,1995,0,closed,,deferred_ra_backlog,associational_not_attempted,0,,[Area differentials of sex imbalance in births].
W3126100163,,associational,PRIMARY_NORM_INTENSITY,UNCLEAR,NORM_INTENSITY,1994,0,closed,,deferred_ra_backlog,associational_not_attempted,0,,Sex Preference and Fertility in Peninsular Malaysia
W650413003,,associational,PRIMARY_NORM_INTENSITY,NA,NORM_INTENSITY,1994,0,closed,,deferred_ra_backlog,associational_not_attempted,0,,The Effects of Sex Preference and Women's Socio-Economic Status on Fertility
W170186124,,associational,PRIMARY_NORM_INTENSITY,ASSOCIATIONAL_ONLY,STOPPING,1992,0,closed,,deferred_ra_backlog,associational_not_attempted,0,,Reproduction worship and population growth in China.
W4300605975,,associational,PRIMARY_NORM_INTENSITY,ASSOCIATIONAL_ONLY,STOPPING,1992,0,closed,,deferred_ra_backlog,associational_not_attempted,0,,Survey and analysis of childbearing intentions of the floating population.
W624105789,,associational,PRIMARY_NORM_INTENSITY,ASSOCIATIONAL_ONLY,STOPPING,1992,0,closed,,deferred_ra_backlog,associational_not_attempted,0,,"Son preference, population policy, and government control: How do they affect women's fertility-related behavior in Chin"
W2292826848,,associational,PRIMARY_DIFFERENTIAL_STOPPING,ASSOCIATIONAL_ONLY,STOPPING,1992,0,closed,,deferred_ra_backlog,associational_not_attempted,0,,An analysis of the causes for avoiding contraception among Chinese women.
W2347080744,,associational,PRIMARY_NORM_INTENSITY,ASSOCIATIONAL_ONLY,NORM_INTENSITY,1990,0,closed,,deferred_ra_backlog,associational_not_attempted,0,,"A survey of social, economic, and demographic causes for changes in rural fertility in Xianyang."
W845815223,,associational,PRIMARY_DIFFERENTIAL_STOPPING,ASSOCIATIONAL_ONLY,STOPPING,1990,0,green,,deferred_ra_backlog,associational_not_attempted,0,,Wait-for-change Strategy: A Dynamic Analysis Of Chinese Maternity Histories
W2172427850,,associational,PRIMARY_NORM_INTENSITY,ASSOCIATIONAL_ONLY,NORM_INTENSITY,1989,0,closed,,deferred_ra_backlog,associational_not_attempted,0,,The demand for children as a factor in fertility trends.
W57538339,,associational,PRIMARY_NORM_INTENSITY,ASSOCIATIONAL_ONLY,NORM_INTENSITY,1988,0,closed,,deferred_ra_backlog,associational_not_attempted,0,,[Sex preference in Taiwan--an exploratory study].
W2302580981,,associational,PRIMARY_DIFFERENTIAL_STOPPING,ASSOCIATIONAL_ONLY,STOPPING,1988,0,closed,,deferred_ra_backlog,associational_not_attempted,0,,"[Women by parity, January 1, 1987]."
W2536494193,,associational,PRIMARY_DIFFERENTIAL_STOPPING,NA,STOPPING,1988,0,closed,,deferred_ra_backlog,associational_not_attempted,0,,A study of sex preferences and fertility
W1958503136,,associational,PRIMARY_DIFFERENTIAL_STOPPING,ASSOCIATIONAL_ONLY,STOPPING,1988,0,closed,,deferred_ra_backlog,associational_not_attempted,0,,우리나라 農村地域의 出産調節行態 및 出産調節行爲의 決定要因分析
W2627230222,,associational,PRIMARY_DIFFERENTIAL_STOPPING,ASSOCIATIONAL_ONLY,STOPPING,1987,0,closed,,deferred_ra_backlog,associational_not_attempted,0,,Differential fertility and contraceptive prevalence rate in Korea
W2275589326,,associational,PRIMARY_NORM_INTENSITY,ASSOCIATIONAL_ONLY,NORM_INTENSITY,1986,0,closed,,deferred_ra_backlog,associational_not_attempted,0,,Household consumption behaviour and fertility in Korea.
W2252653507,,associational,PRIMARY_DIFFERENTIAL_STOPPING,UNCLEAR,MORTALITY_INTERACTION,1986,0,closed,,deferred_ra_backlog,associational_not_attempted,0,,Child loss and fertility in rural Eastern Mahararhtra.
W2296151567,,associational,PRIMARY_NORM_INTENSITY,ASSOCIATIONAL_ONLY,NORM_INTENSITY,1986,0,closed,,deferred_ra_backlog,associational_not_attempted,0,,[Trends and differentials in fertility in Latin America: evidence from the WFS].
W1043850800,,associational,PRIMARY_NORM_INTENSITY,ASSOCIATIONAL_ONLY,NORM_INTENSITY,1985,0,closed,,deferred_ra_backlog,associational_not_attempted,0,,Regional differences in attitudes toward family norms and planning 1979/80.
W211540758,,associational,PRIMARY_DIFFERENTIAL_STOPPING,ASSOCIATIONAL_ONLY,STOPPING,1983,0,closed,,deferred_ra_backlog,associational_not_attempted,0,,"[Ideal, intended, and achieved fertility for Japanese married couples: major findings from the Eighth National Fertility"
W2320421145,,associational,PRIMARY_DIFFERENTIAL_STOPPING,ASSOCIATIONAL_ONLY,STOPPING,1980,0,closed,,deferred_ra_backlog,associational_not_attempted,0,,"[An analysis of attitude and behavior on the family size in INFS, 1974 (author's transl)]."
W2296670685,,associational,PRIMARY_NORM_INTENSITY,ASSOCIATIONAL_ONLY,NORM_INTENSITY,1979,0,closed,,deferred_ra_backlog,associational_not_attempted,0,,Sex preference for children in Indonesia.
W1559582819,,associational,PRIMARY_DIFFERENTIAL_STOPPING,ASSOCIATIONAL_ONLY,STOPPING,1979,0,closed,,deferred_ra_backlog,associational_not_attempted,0,,우리나라의 人口調節對策과 그 問題點
W2294531966,,associational,PRIMARY_DIFFERENTIAL_STOPPING,ASSOCIATIONAL_ONLY,STOPPING,1978,0,closed,,deferred_ra_backlog,associational_not_attempted,0,,[A study on the acceptance and pattern of contraceptive use in Korean women (author's transl)].
W578517697,,associational,PRIMARY_NORM_INTENSITY,ASSOCIATIONAL_ONLY,NORM_INTENSITY,1977,0,closed,,deferred_ra_backlog,associational_not_attempted,0,,Preferences for sex of children in Thailand: results from the second round of a national survey.
W4253663240,https://doi.org/10.1017/s0021932000005769,associational,PRIMARY_NORM_INTENSITY,NA,NORM_INTENSITY,1975,0,closed,,deferred_ra_backlog,associational_not_attempted,0,,Effect of Desired Sex Composition in Families on the Birth Rate
W7136553524,https://doi.org/10.1016/s0190-1281(04)23012-8/full/html?utm_source=repec&utm_medium=feed&utm_campaign=repec,associational,PRIMARY_DIFFERENTIAL_STOPPING,ASSOCIATIONAL_ONLY,STOPPING,,0,closed,,deferred_ra_backlog,associational_not_attempted,0,,MATERNAL NUTRITION AND SEX RATIO AT BIRTH IN ETHIOPIA
